{"type":"FeatureCollection","features":[{"type":"Feature","bbox":[6.626621368537682,44.713781911647715,8.151850973695423,45.602262239198495],"properties":{"prov_name":"Torino","prov_istat_code_num":1,"prov_acr":"TO","reg_name":"Piemonte","reg_istat_code":"01","reg_istat_code_num":1,"prov_istat_code":"001"},"geometry":{"type":"Polygon","coordinates":[[[6.936892711281176,45.17468808952251],[6.935482344590112,45.17648173460479],[6.961144968637709,45.197109683031904],[6.958728779369315,45.21152452683613],[6.986115519962378,45.214409400922236],[7.001352698673501,45.22505941667258],[7.0256802528569615,45.22050718826512],[7.048557164264376,45.231868908691574],[7.068441704479682,45.215926923755866],[7.0786765994923915,45.21977618005944],[7.1074817403810915,45.25101373032024],[7.122001691886461,45.24923624339745],[7.130675311826636,45.25749483332733],[7.1297005696268165,45.279459553766095],[7.100734127371042,45.330931768130064],[7.127806361662604,45.33523751276247],[7.126358812728094,45.349665121580124],[7.153546771116978,45.362086817699556],[7.157163265913504,45.38350588045374],[7.176550788188556,45.40192530157963],[7.10942416140887,45.43033024298494],[7.094529008473545,45.453945990389535],[7.120974015444346,45.51470235413177],[7.140373217537536,45.522616875360065],[7.147358564839859,45.51203770684645],[7.1493130778138685,45.486422220743435],[7.159303634520419,45.49164439614558],[7.221070393163305,45.47568050009147],[7.258001143480737,45.501354495997724],[7.264573689144596,45.519193624154994],[7.321624105183752,45.51895442587267],[7.360035762577495,45.531018033654085],[7.377075536444424,45.52249801435638],[7.443108849923917,45.55860235751501],[7.459151138956781,45.57741664430695],[7.4884503357366965,45.587834195353885],[7.530626211887843,45.58155923477491],[7.5664017174396765,45.596848642021584],[7.60471766530166,45.581244341531324],[7.6123529883095875,45.56884664419125],[7.634528376241243,45.57586845209257],[7.677936019001794,45.55689057910705],[7.720704056228534,45.56378575160583],[7.732875916945294,45.55622740749219],[7.79235321460212,45.590276050053475],[7.848085123033179,45.606909324743974],[7.894391402765498,45.60159438068347],[7.908892947472278,45.55867990442341],[7.893495674008168,45.533306768954844],[7.930857251328501,45.52447586804249],[7.926531073521059,45.510301822518095],[7.972789344898823,45.47811627231257],[8.046939724310292,45.44278583129087],[8.028771932261213,45.421125165886785],[8.035389140601412,45.39588528199318],[8.017743144048003,45.40087894851123],[8.015344579439354,45.3971018134966],[8.018248988219664,45.37030234717022],[8.030902743411374,45.36572207909802],[8.026935171880103,45.32181933512858],[7.987797330311895,45.34104527270053],[7.967387303022588,45.34174234170143],[7.971794264530186,45.3317513845821],[7.960844948614382,45.31748876796457],[7.979375446432785,45.32275841384656],[7.996375864775761,45.3091589920738],[7.996254525793776,45.26217167696629],[7.9873228841537145,45.25906912398414],[7.996720318054525,45.231146803766045],[8.010259390274562,45.21851666548631],[8.048084745378194,45.205312783666585],[8.059060247134905,45.18736610215766],[8.095203943573743,45.19205622096803],[8.14104349380977,45.18248922409752],[8.16085236873858,45.168543232818806],[8.145550922790088,45.15777730076452],[8.142327496017403,45.12703958384025],[8.130847763896218,45.117689339609356],[8.099772123695022,45.12602347849105],[8.078445299926933,45.091169772691366],[8.041622680705144,45.10512054240282],[8.040630975313022,45.12487894348969],[8.026580052162037,45.12824012353175],[7.940015413946375,45.10576306030276],[7.936477508552776,45.10363380202725],[7.950381798191291,45.08485970137805],[7.916296407834761,45.06779025661],[7.90201128919789,45.090547874236556],[7.901916123331421,45.09054675424954],[7.899648394275215,45.063421118217555],[7.927795482835277,45.05892875737466],[7.931714854428134,45.052759955679655],[7.938589051419152,45.06615301713281],[7.964903711484472,45.043149238664455],[7.95910359255172,45.026049521581704],[7.926500291869036,45.01958013512087],[7.923171886296703,45.00664038601715],[7.941730147349855,45.004028286184656],[7.936828287783961,44.9860577425864],[7.908362334305434,44.96398225081473],[7.906341332865104,44.93754904517625],[7.891231596108945,44.9335038991881],[7.897177829790758,44.919884205094355],[7.918943663990178,44.922000815101164],[7.933527815582424,44.90285418946542],[7.921252904075243,44.88746252989087],[7.891742096371692,44.89104747219417],[7.891913198564047,44.88877531870965],[7.923138268322726,44.886866190526696],[7.9511338063496755,44.845164434717425],[7.903218887120708,44.815983580333445],[7.876472178420794,44.82776814441711],[7.862229927807856,44.81487250434288],[7.85375496520971,44.831179051019504],[7.817800753714319,44.846259790270956],[7.819022180476354,44.83934409537405],[7.7833277954303,44.83719542492629],[7.770617964545519,44.810820565496016],[7.7119434618940526,44.812498517894795],[7.683566095461632,44.80518263891809],[7.662585367486302,44.81628322281805],[7.646611746959791,44.81341504911647],[7.64222723516675,44.827561122565854],[7.625594063677503,44.82780553686214],[7.6253660128429095,44.81545044462945],[7.605213839893192,44.83504454779276],[7.600162540153098,44.832286136097586],[7.603482183499466,44.80644798417443],[7.570601537740366,44.800685993486425],[7.572825301943255,44.79546315036261],[7.538373781650535,44.79106082038728],[7.509321422098947,44.76394016294079],[7.470894529857578,44.75109167455763],[7.443711970803935,44.761088300198615],[7.4427939508778245,44.76431049790113],[7.442156742673789,44.76275694079878],[7.338820435643811,44.74621662850849],[7.338441464827305,44.77849564833465],[7.297082117171123,44.77762956125026],[7.1930474813903995,44.754882190109626],[7.1631832341512,44.75582082574749],[7.154210681805149,44.73978943538572],[7.132556609687597,44.734305528607784],[7.124632355768231,44.72191952392374],[7.064244278202293,44.70889701296741],[7.02681046828044,44.725053153829805],[7.013443885087214,44.77368604259948],[6.992384242389176,44.78807197896233],[7.014905538023853,44.820563930995384],[7.004226419950835,44.822875268625886],[7.000513118764727,44.836803581335715],[6.933493389334928,44.85789416784656],[6.913957438263761,44.83965406815494],[6.8604940471019376,44.84645934992089],[6.780336205246829,44.88551630626486],[6.76894831998109,44.898633306080455],[6.743234364168713,44.902780557295465],[6.752687411160999,44.93132059818952],[6.737286080230849,44.93668703130569],[6.758051658212353,44.961443123692455],[6.72879794571068,44.99189935295648],[6.744176366509095,44.99950303897118],[6.7404452065290394,45.01085030853888],[6.723151194064692,45.01742249469652],[6.668240885896184,45.01533446599617],[6.656613542293331,45.06793714209278],[6.641501117995332,45.071353985527814],[6.620337098641062,45.106027355214],[6.630390525708674,45.11950936283886],[6.668019296826507,45.12810604944323],[6.675320941654493,45.14432472087386],[6.712644722019413,45.14942769098315],[6.738426313814133,45.14229537580679],[6.76730910231187,45.16510211052953],[6.8163432085725715,45.1524825610257],[6.849787562043732,45.132330848729296],[6.885669264472495,45.140175802938934],[6.877296069291553,45.156338221259574],[6.889567881385195,45.17340040654601],[6.936892711281176,45.17468808952251]],[[7.568880694035461,44.80472691703496],[7.569005966222052,44.81025812512015],[7.56700341197107,44.8091344608942],[7.568880694035461,44.80472691703496]]]}},{"type":"Feature","bbox":[7.861373387956472,45.15952114836445,8.58118645172136,45.95041127703565],"properties":{"prov_name":"Vercelli","prov_istat_code_num":2,"prov_acr":"VC","reg_name":"Piemonte","reg_istat_code":"01","reg_istat_code_num":1,"prov_istat_code":"002"},"geometry":{"type":"Polygon","coordinates":[[[7.923823758738478,45.73954958145328],[7.880813848349693,45.7566090516798],[7.856510847579841,45.79113759385197],[7.8561654095396065,45.82200574038565],[7.865757720466475,45.8271794215917],[7.857160814928092,45.839359314845474],[7.869535900525194,45.861938053956855],[7.854816096994754,45.911315862029355],[7.8740848486187085,45.93111437612413],[7.925405745648831,45.925322606338916],[7.9625954326378094,45.90597008028738],[8.042882977681428,45.94074213550534],[8.068476115494652,45.93895227206289],[8.087028344710763,45.927523109852544],[8.113000606017465,45.936234632318275],[8.151632319142996,45.93803659402886],[8.178967327026902,45.95363291481355],[8.200515774569618,45.95429089813125],[8.21654247155424,45.946670066551725],[8.210921810264256,45.93674593678207],[8.219217316064508,45.92689972932999],[8.242175096720892,45.91459082527826],[8.272634143286435,45.91097254601345],[8.290931340854888,45.89405709250345],[8.310338096781178,45.89163684366747],[8.301307169968773,45.872846300709156],[8.320659915799997,45.86698595288355],[8.344414035390136,45.84403577200827],[8.329718992930717,45.83649120947595],[8.335673119075029,45.831171982657885],[8.32505619824901,45.77632094075518],[8.336151133502453,45.78121927640722],[8.36430756064771,45.769700211157115],[8.35993050424674,45.75944431860399],[8.37931009992524,45.745309244869055],[8.378071597766457,45.742892623757804],[8.382246752416123,45.74304576015731],[8.39346566012648,45.720326759225095],[8.38886494328973,45.71201279796149],[8.399871384794874,45.703925197896126],[8.386459164285345,45.69022248589902],[8.362927168233936,45.70294307958837],[8.322988874606665,45.699719427661066],[8.318527671686743,45.6966626940369],[8.362974682459152,45.650655915937826],[8.356971519720613,45.64623318628878],[8.375579361031107,45.639099984929125],[8.396805752374773,45.61813175271159],[8.40674809341244,45.492961231359416],[8.41800244440458,45.48127633077274],[8.417778962383126,45.467949369974455],[8.409533158426635,45.466613689430986],[8.41457337513758,45.4484403818729],[8.40904774228211,45.41188517015498],[8.436656906065727,45.41720387640814],[8.458069255993324,45.38427825562704],[8.470724776886252,45.389267479632586],[8.501922572687977,45.37681930418302],[8.506069460161848,45.34446371217712],[8.47701181289303,45.339371551064744],[8.470448962818137,45.32871814898593],[8.49391022919455,45.31689087839656],[8.523440436634909,45.32403331835453],[8.506997331521346,45.29580343637641],[8.517626406579785,45.29486452061507],[8.519520472423581,45.27964484419782],[8.541783538224633,45.28332852366189],[8.539419178524026,45.26076617117877],[8.55290123520948,45.25621516188552],[8.544925518288487,45.24878090771226],[8.584017737062839,45.23899508529102],[8.549648716443098,45.23661493930274],[8.554355024848023,45.23483129741498],[8.532196766602926,45.221373007514806],[8.551743596104883,45.20759650655914],[8.552607715150463,45.208994356699854],[8.581489380880942,45.212779327017515],[8.588603434060214,45.2008558059301],[8.551162173393935,45.18030192382628],[8.556571036129503,45.15656453030293],[8.5342985996657,45.1710904975816],[8.502853680850903,45.16953182765045],[8.491725765478716,45.194576787385884],[8.456855598722543,45.19902936671602],[8.441352336134191,45.189991700572854],[8.404172918105171,45.20001520699384],[8.365902076597354,45.19359089884072],[8.34013273568217,45.16572832021986],[8.267070077777694,45.17618919811031],[8.213693345728,45.15868958916587],[8.198454218255339,45.171909776467494],[8.163662078892447,45.1477034204923],[8.167181829869525,45.16602534551753],[8.142215010571096,45.163607947513064],[8.137347960441922,45.173457956289774],[8.117644151536272,45.17863525824798],[8.094593581334827,45.183027407343104],[8.051590723933275,45.177444561484194],[8.03840962290749,45.19899459666426],[7.994342091349292,45.217219457700374],[7.972520964710183,45.263728341750934],[7.983837688257453,45.26766081632856],[7.983926891816004,45.305499530505585],[7.972944088068718,45.3123004724967],[7.932895048465998,45.298109039043894],[7.958363001163376,45.332633272580004],[7.95019239624654,45.351142002357506],[7.991975811213443,45.34971781590968],[8.015921825902078,45.33795858278859],[8.017955326699688,45.36051260718592],[8.006910421235395,45.36450934522747],[8.00185733557628,45.37932391919689],[8.009664404812778,45.41264115229748],[8.120181499982206,45.38147792206754],[8.146583910116936,45.413996212634125],[8.162197297562651,45.41502675510072],[8.160289597355561,45.43661148085665],[8.183414685036652,45.45428548445834],[8.202167038521825,45.451312723876676],[8.211980314056584,45.45612575915013],[8.212886421939379,45.47783881036278],[8.257373068721245,45.503461013711195],[8.262553504535482,45.52105711316277],[8.280487733290377,45.521660165413515],[8.270059706960758,45.53203943734276],[8.288193341129032,45.5524275603299],[8.27111471780315,45.56088057483302],[8.247393954312333,45.611486589109994],[8.256350910382073,45.61345229579129],[8.255016494527975,45.636467007820166],[8.306144272217107,45.64696742012437],[8.204642442235405,45.71737353654278],[8.178224621043832,45.72618513849609],[8.175527845967874,45.74823437332367],[8.125224321885048,45.75245937580067],[8.098109576711707,45.733226551473095],[8.088320913074886,45.73390573960275],[8.081019653505631,45.712180314802694],[8.059549121903034,45.720681360945676],[8.054507278701625,45.73587715847986],[8.02451450042059,45.733589843274345],[8.002658406952152,45.7149772736162],[7.949056101754757,45.71474696983913],[7.931467464138102,45.72139963657646],[7.923823758738478,45.73954958145328]],[[8.263726498449527,45.61507027910962],[8.305658795657683,45.62425740502747],[8.30618996369943,45.628734488168725],[8.296644943910069,45.63129304243566],[8.263726498449527,45.61507027910962]]]}},{"type":"Feature","bbox":[8.310572332764144,45.29214558382117,8.842896248692094,45.876642216689],"properties":{"prov_name":"Novara","prov_istat_code_num":3,"prov_acr":"NO","reg_name":"Piemonte","reg_istat_code":"01","reg_istat_code_num":1,"prov_istat_code":"003"},"geometry":{"type":"Polygon","coordinates":[[[8.417952596198198,45.83435202961105],[8.444960236320352,45.85897550578042],[8.453733221682521,45.884360219252834],[8.47957997367237,45.86964184040107],[8.481048025297218,45.8589186148321],[8.504123044656318,45.850017258749816],[8.50554149122517,45.83903342391899],[8.536297252124522,45.842395066367445],[8.540459910055477,45.852400933124976],[8.565862241426421,45.85747413893552],[8.567720446608275,45.84055527797262],[8.604506588476445,45.82983125515667],[8.56176761302144,45.798315279167014],[8.561854579217732,45.77620269177676],[8.597671112048152,45.73427488999938],[8.646300621079202,45.72708951664097],[8.660159299495971,45.71504223567421],[8.648606445927637,45.6810777134664],[8.69142810769792,45.68064310211843],[8.676832988280287,45.66141659231418],[8.696595733851865,45.6350986790531],[8.677399225704619,45.628326169967444],[8.665810705600986,45.63658193724551],[8.665578439162253,45.63640451049836],[8.66833791337268,45.62594949327149],[8.685555223807484,45.624419663662046],[8.709963121024472,45.60085681809766],[8.700339026667141,45.578994764961685],[8.711088112519805,45.5713822902564],[8.725884705744935,45.53074414533769],[8.719933314284036,45.52048459200204],[8.73188057982379,45.5061911799944],[8.763928197484013,45.50070780485634],[8.77617220868029,45.48939479037995],[8.793493716927086,45.49128603421095],[8.79427928775996,45.46585990204119],[8.81647722844351,45.447363064854535],[8.81492857373166,45.43741064693701],[8.833080937426669,45.43666791079428],[8.830832964957228,45.420336151906525],[8.85199604708845,45.39075306379465],[8.814897134162107,45.385213737424436],[8.803856659607234,45.37389958178113],[8.769664706649326,45.38313974889062],[8.765581096816259,45.371949891961805],[8.726334590680166,45.37344999301376],[8.726374670352795,45.37327019079307],[8.766154867636754,45.35857263946085],[8.769350980405976,45.346507861823426],[8.749436779477545,45.33769445825922],[8.747218972623232,45.326450201127344],[8.729556346261287,45.33016566962959],[8.72163799372857,45.300111566639735],[8.6923319842304,45.288200431944546],[8.661719030966182,45.28779310739367],[8.6502280323618,45.3231496191846],[8.626032741898886,45.33592912781594],[8.623381713037338,45.34666761581991],[8.611568632634064,45.34983249882903],[8.578551434865474,45.3426289380875],[8.552160040304365,45.35003790304406],[8.550727010006183,45.35345533986838],[8.533637234255625,45.34187752098061],[8.54547571054292,45.314598181512025],[8.513946951075084,45.30633225680324],[8.505568716717834,45.31372027523797],[8.490983134696117,45.306912099999025],[8.455314326717023,45.33127673374384],[8.468701104587328,45.346828367465264],[8.492934437415666,45.3510771530332],[8.490310713546798,45.37151211306931],[8.470679950714821,45.3793446634768],[8.45246579759601,45.37216194679697],[8.429857311720983,45.406927010179764],[8.414982878155088,45.40406101406002],[8.391673287132143,45.37834498231516],[8.402188017903132,45.44805142064027],[8.395214783342533,45.47317011064747],[8.405629956908014,45.474858350808944],[8.405692761865748,45.47865390382531],[8.394689364012631,45.490074946237534],[8.384728225263302,45.615143260579714],[8.367201002837932,45.6324540174049],[8.336987750345086,45.64403185161624],[8.347214859801301,45.65157011647558],[8.302542902756024,45.6977881762374],[8.317409638688554,45.70797657512055],[8.367543733635145,45.712022780599206],[8.377325723787282,45.702770072003545],[8.38107431251719,45.7026631235725],[8.372855760454497,45.73403742288672],[8.36506404413328,45.73375076839719],[8.342266285974784,45.774014881969656],[8.36917109928362,45.78677726557124],[8.375978303130534,45.812056178673956],[8.368606534803837,45.8359730223149],[8.387633438702396,45.842557177053806],[8.399223602153006,45.86893593117464],[8.414548272687256,45.834568821574585],[8.417952596198198,45.83435202961105]]]}},{"type":"Feature","bbox":[6.853413312154609,44.0601191083047,8.266045313826814,44.85660563557752],"properties":{"prov_name":"Cuneo","prov_istat_code_num":4,"prov_acr":"CN","reg_name":"Piemonte","reg_istat_code":"01","reg_istat_code_num":1,"prov_istat_code":"004"},"geometry":{"type":"Polygon","coordinates":[[[6.875271447935401,44.55841860614048],[6.9068862503635415,44.56237723187921],[6.905840098062451,44.57168717218306],[6.927452816149823,44.57675681128475],[6.9316186781704525,44.60449382060288],[6.946712837760661,44.62394496530409],[6.961865914809708,44.62381872129564],[6.961978028809668,44.62442063947646],[6.946871553058883,44.63564947321448],[6.941394357300732,44.65533198691833],[6.95772073829363,44.68074840811762],[6.985554328520288,44.694245737800514],[7.030191860992605,44.69614546921641],[7.065238621056002,44.686699665517445],[7.062905341245406,44.72361340929423],[7.086333233443782,44.71979547076649],[7.115285580911442,44.72899787662264],[7.123366889277198,44.741505358628935],[7.144663498934581,44.74690017234341],[7.154835380628497,44.76507783658026],[7.191370604893983,44.76393151480484],[7.2773864545272176,44.784582267187666],[7.350094113997171,44.78786427164017],[7.356291003512213,44.756297467444305],[7.3610728106888565,44.75639759578368],[7.362326999789107,44.76349114912018],[7.432281605231961,44.77060548791856],[7.436924318456452,44.781926457317326],[7.463517493409481,44.78311702713026],[7.483235667426906,44.765135401703176],[7.501219014941741,44.771146754737195],[7.531366281639287,44.799291294000554],[7.556663809076303,44.80252633798462],[7.552459333320035,44.81239156126012],[7.5820156693954495,44.82897312361834],[7.581624378384901,44.811868879360496],[7.5899626742888975,44.813329946655074],[7.5869929443039785,44.836398635068136],[7.607773738946666,44.84774650406501],[7.613275260710989,44.842400053189394],[7.613771718100992,44.86961767326319],[7.61738455938803,44.869958993282985],[7.63043353808943,44.83672357472012],[7.634723634401975,44.83666060263732],[7.644998286929018,44.86021337658882],[7.656104537664885,44.82438282254228],[7.665293908246766,44.82603196328097],[7.68579049879015,44.81526835332372],[7.7099974909311815,44.82154802097371],[7.761773787088051,44.82007030395654],[7.77410050143941,44.84565573667149],[7.804889004673009,44.84751228169786],[7.802101922347272,44.86326436572738],[7.86399849267622,44.83731011208039],[7.866236933026704,44.833002966537904],[7.873547468529988,44.83962040088564],[7.902186293400896,44.82700563711664],[7.96657697868593,44.86339190328455],[7.9985682008182195,44.82249453874551],[8.028632552802337,44.82083190162747],[8.044546788462128,44.80706876439954],[8.05261874860238,44.8166636226202],[8.069948117689892,44.81155909058607],[8.097014290887945,44.82836264838778],[8.109619394974567,44.81711833359543],[8.13743308304756,44.81387989756247],[8.134470996670752,44.79349350338665],[8.145639020313338,44.78094534430451],[8.113308720733833,44.76453876657779],[8.107261720163185,44.767312910566524],[8.103336889256026,44.76083938349511],[8.138046944216184,44.75006270675631],[8.153554270635585,44.7227527527467],[8.18464087852443,44.7565276726462],[8.21630487446053,44.75459604543547],[8.20931434996101,44.7444401353924],[8.219175784954151,44.731003694676815],[8.236520768465143,44.72804694220748],[8.26035085045164,44.739276908227225],[8.271945079230067,44.71253698041048],[8.265052158761593,44.694198218078],[8.22983073885032,44.67120036329059],[8.230915509475803,44.65868452952803],[8.200962895179778,44.627424740295794],[8.202040140243321,44.62081541638668],[8.21764460803316,44.62212852391346],[8.242217408868408,44.59857831035486],[8.236275569105903,44.593106535863164],[8.253409430045231,44.568595788464116],[8.239928953706226,44.56043722107589],[8.26057480136017,44.52721743554372],[8.22942855563197,44.511357945270916],[8.222890078367428,44.49750850127833],[8.23149383399762,44.483277688052304],[8.203228395509608,44.47450134360865],[8.20223426691494,44.466210654612915],[8.215650590940571,44.45812719649102],[8.22858481125486,44.42912063790017],[8.208082334345766,44.40154725691207],[8.155439352651225,44.38194650454713],[8.151009983244512,44.34443773678973],[8.13790215786449,44.32757385045326],[8.112048937461422,44.3278286539725],[8.107067828160188,44.29288656120991],[8.077002948159212,44.30799169859153],[8.06650420288497,44.299445267887926],[8.06910558129525,44.29097014531204],[8.100120688922749,44.2755698899336],[8.071701460815774,44.25320984077855],[8.088615573985438,44.240967638309165],[8.073082410309969,44.21764901912463],[8.10156438747188,44.19905427337835],[8.103533890267528,44.17718908853909],[8.079758112467973,44.15699363154417],[8.079002516920356,44.14541962370157],[8.042707791851708,44.13746274506581],[8.025908463253899,44.14980027055919],[8.011436314787717,44.1509341581617],[7.989194530180504,44.137176733215114],[8.021973430926153,44.12214811845064],[8.013306661897728,44.11707544792842],[8.023719389513593,44.112288675875895],[8.013950684992947,44.09867167909517],[7.972150601481695,44.108242742965075],[7.935490413225838,44.09398886232333],[7.923356970088152,44.105387625651446],[7.881770387017881,44.09980052787862],[7.863127314563797,44.11391752625554],[7.814235105280283,44.11871247971358],[7.763132545057722,44.1358021863759],[7.729828414524394,44.12111798339565],[7.72575016246379,44.105064164156346],[7.73600870079007,44.08875355845501],[7.785279982894224,44.0888170308962],[7.742570793640621,44.07306332116641],[7.730691333274269,44.055168971224546],[7.707646147592287,44.05776649056858],[7.710587154643305,44.0819545804263],[7.659559496935151,44.12974236695594],[7.67706544267275,44.17132943822177],[7.67218844298344,44.172795892185924],[7.639899327607913,44.17261429405175],[7.621100881194084,44.14515979795911],[7.565500975862835,44.14782163475762],[7.538038789018815,44.14334149474612],[7.522691591831856,44.13241919390294],[7.504091626183881,44.1386271976987],[7.460989372426545,44.12113072377642],[7.433015571395121,44.125140055236315],[7.427739978048626,44.10643803358393],[7.392136305447981,44.12063584186603],[7.354519686449846,44.11052979050113],[7.337850623186191,44.14123597980114],[7.276997475604195,44.136626341832],[7.242898097163354,44.155353738977],[7.239221279302622,44.16638661251262],[7.216062761773698,44.163691632209336],[7.18452942014287,44.19537027989951],[7.163700799599221,44.20279575059815],[7.1437578460993825,44.1949578064304],[7.07500636189692,44.227234886975026],[7.034043992952582,44.21913153397242],[7.002563838381105,44.23278796917019],[6.9905279933488975,44.24955705026697],[6.989644589177029,44.27659558694478],[6.967510480826117,44.28049115149677],[6.9518720962139415,44.29407110374258],[6.954175342457771,44.30939363186587],[6.921045506623934,44.33086225267907],[6.916501432788718,44.348502190094486],[6.878440993563656,44.35977239013887],[6.890505882191977,44.37573482850649],[6.886231493349674,44.42371193456689],[6.934843096496604,44.43211073949022],[6.90753597807186,44.44847301476056],[6.90097912624696,44.464940222824964],[6.870998244158029,44.478525302295104],[6.846456158243419,44.528542304459165],[6.875271447935401,44.55841860614048]],[[7.4722073604411445,44.76144676994277],[7.456745647274532,44.767715835417356],[7.456400013836984,44.766536329905065],[7.471176347977726,44.76110184369456],[7.4722073604411445,44.76144676994277]]]}},{"type":"Feature","bbox":[7.883432068267425,44.51944280026014,8.51338269394039,45.131873191417235],"properties":{"prov_name":"Asti","prov_istat_code_num":5,"prov_acr":"AT","reg_name":"Piemonte","reg_istat_code":"01","reg_istat_code_num":1,"prov_istat_code":"005"},"geometry":{"type":"Polygon","coordinates":[[[7.9322998762515695,45.03004128582462],[7.918886780558895,45.051155702771325],[7.886421483951528,45.05633440414265],[7.890010159734517,45.09937664782173],[7.910146977885377,45.09961396834589],[7.9215779560901645,45.08140303460631],[7.934047901657078,45.08764781846252],[7.919989949346825,45.10661855577455],[7.981424149421509,45.12928877463082],[8.012964166758087,45.10740631523073],[8.044695573154257,45.113257277469344],[8.07207590513752,45.103501236646096],[8.093007208138145,45.13742648796569],[8.136414022320814,45.12578770428969],[8.129635480766396,45.10614864799391],[8.11795506765807,45.09989835624082],[8.126771563503297,45.09088479744992],[8.125032372781272,45.074505614586876],[8.140128188503732,45.069564368917774],[8.141113566301033,45.0578186690225],[8.155152466198782,45.05807981073257],[8.16279593612248,45.03531429863986],[8.189628899642033,45.05030082546125],[8.216705112439588,45.01865947255977],[8.22280360143725,45.02467981926401],[8.221157207859285,45.048721659156136],[8.236586011851347,45.06736467063688],[8.273217484807285,45.06595652831857],[8.30297494035617,45.0831119653456],[8.318932801397777,45.07174875366209],[8.31287368601099,45.06137337805889],[8.327935910768387,45.054664734997644],[8.331107266900949,45.043327535447546],[8.36537432557051,45.02816236815357],[8.358160848748254,44.998646052373964],[8.363832144130203,44.990998261821275],[8.384318823561957,44.98730273186767],[8.39439329510811,44.96839520639647],[8.384006252256002,44.957660736849576],[8.387158321426663,44.92023665892181],[8.366155038830449,44.91871965352592],[8.365264833198465,44.91387943656684],[8.398538396870599,44.87475493623018],[8.384207259669271,44.8630270527795],[8.382852577365993,44.850024246199965],[8.399908057674324,44.84648327421368],[8.430531692029566,44.85680066985677],[8.427095139282383,44.82202456561598],[8.45953683972371,44.807072177515636],[8.481605673689591,44.8124937409828],[8.504718989661347,44.790627686207074],[8.53541882167277,44.79446000630621],[8.513774462020033,44.781588119229596],[8.522737196901572,44.78491546953612],[8.49520240537869,44.758615953618516],[8.4962276150388,44.75875166721207],[8.493096684718193,44.73975628201414],[8.466514665680121,44.74897809577183],[8.455195959961307,44.73501477428826],[8.428988745855317,44.72978019853451],[8.431043970137639,44.716488843439784],[8.45435939442401,44.71005432396452],[8.418369790911033,44.70391273901815],[8.42985415885132,44.689739984603065],[8.392261739907394,44.68113890641237],[8.370535075299255,44.69046112162589],[8.353869226806333,44.68898708562389],[8.36132565859732,44.63784617187036],[8.3223147293786,44.60229027282176],[8.335988934437243,44.59256328750748],[8.354189681059951,44.59516036260019],[8.37887449220498,44.57347603786311],[8.330066629962971,44.55528827354076],[8.303195455734793,44.55970058557596],[8.291139153566375,44.55519488507433],[8.288701333272696,44.53399255103234],[8.260023448711506,44.511633365931914],[8.22453755898987,44.56283557912356],[8.237832494009217,44.5708848073336],[8.221569740227514,44.59413735191721],[8.226499592358564,44.59867898879104],[8.211942255538045,44.612627714460174],[8.191076542564085,44.610869886751885],[8.188001376143028,44.62971386203752],[8.218678494366689,44.661739351179236],[8.225138469243163,44.68360795112608],[8.254294194486897,44.69942620630587],[8.259465883778201,44.708953800307064],[8.25278934595262,44.725988793227714],[8.229060191022546,44.71814521935573],[8.205358835331223,44.72676983617039],[8.201218951618776,44.746320790014465],[8.186925141966636,44.74661554376573],[8.184136472633659,44.7334260305175],[8.170209034214489,44.729820549599005],[8.172164153491977,44.72039845679175],[8.149861148850508,44.70543713386598],[8.128362321032611,44.74329812527175],[8.086862397613444,44.75617813937487],[8.101631880173748,44.78054615450434],[8.112966266755583,44.7753479781095],[8.12866464599622,44.783315355665536],[8.121550202144979,44.79130556254417],[8.123738956533204,44.8063955651454],[8.102834410348652,44.808827813109374],[8.095374480521556,44.81548298694309],[8.072316183429907,44.80116475753092],[8.057801334129678,44.80544172771814],[8.04615550204031,44.79159677397498],[8.022344237028364,44.81219293180552],[7.990887629276714,44.81393074566773],[7.962532607088733,44.85018069320401],[7.940836466126845,44.83973501253624],[7.914897956333115,44.8783659541698],[7.879943142360953,44.88050007537256],[7.878320752164759,44.90197905119353],[7.912533064748178,44.89694623474337],[7.919218514479987,44.90305732025524],[7.915585910107968,44.91088357181623],[7.888158102009201,44.910348762961235],[7.8756791615539985,44.938916724209804],[7.894219532861392,44.94388254905197],[7.896033231671491,44.96767103535017],[7.925140845116366,44.99024957967097],[7.926969579040147,44.996960048721846],[7.908542240247594,44.99955138957516],[7.915521396876915,45.02670907739168],[7.9322998762515695,45.03004128582462]],[[7.93361053780893,45.03030145387638],[7.9485872072071135,45.03327301014705],[7.9511812314653945,45.04092548261723],[7.942815250801778,45.04823934078667],[7.93361053780893,45.03030145387638]]]}},{"type":"Feature","bbox":[8.10933006042234,44.4649356993828,9.214240428380995,45.20461097135695],"properties":{"prov_name":"Alessandria","prov_istat_code_num":6,"prov_acr":"AL","reg_name":"Piemonte","reg_istat_code":"01","reg_istat_code_num":1,"prov_istat_code":"006"},"geometry":{"type":"Polygon","coordinates":[[[8.398910692277644,44.7100145527515],[8.424331251754925,44.71376434189348],[8.413188831672501,44.73477581787131],[8.446350663986713,44.742475115646116],[8.455292533431923,44.75802803109886],[8.474685263540026,44.753984452257164],[8.479753721207867,44.75883101544836],[8.47798535201482,44.75817338972894],[8.48401040935288,44.77555080428652],[8.496833086120562,44.783184572720664],[8.477064124629884,44.80188678157123],[8.457840450791767,44.79716265798646],[8.414033776761013,44.81735159998153],[8.41647725649452,44.84214289843231],[8.400957250774308,44.836911737576045],[8.36955663089816,44.843429978652054],[8.371972137945106,44.86666658961194],[8.383010321031087,44.87570258867361],[8.35220571230312,44.91190921077221],[8.354965723463414,44.92693312315316],[8.373861505947993,44.928299940131446],[8.371166823030464,44.960200863164104],[8.380263348235601,44.969604829803245],[8.374857544452572,44.979746291763284],[8.355296346707853,44.983273603413295],[8.344999795134154,44.997155094392355],[8.351488005894591,45.023732247908974],[8.319796580391404,45.03775364690451],[8.316618251594363,45.04910843286416],[8.297119114856777,45.05779053892817],[8.30403712466028,45.06964382758553],[8.302073204144289,45.071042186197566],[8.27738078040513,45.05680463610049],[8.244669844137826,45.058064218137126],[8.219998923666578,45.00062351332146],[8.186417237172735,45.037101567317364],[8.155094608154078,45.019600305975636],[8.145249514685613,45.04891575130401],[8.129240011071982,45.04861625065586],[8.127975297334626,45.06365545175586],[8.111781945436721,45.06895416168576],[8.113838936547639,45.08837067735569],[8.101086629523213,45.101402745429915],[8.122250416220046,45.1163486137041],[8.137306195028895,45.14422311969147],[8.132513522875973,45.16127376456488],[8.148840095145445,45.172763901242085],[8.179683971146465,45.176224630847116],[8.180833393170976,45.1702885031267],[8.199089556131785,45.18528344636898],[8.217224367185759,45.16955396609341],[8.265739110896995,45.18545601596156],[8.328490597180938,45.1738433810034],[8.338234602535536,45.175768921261174],[8.354124801501989,45.19889761942186],[8.371386311101325,45.20499322894783],[8.40522882599271,45.209161236526775],[8.440061115305545,45.19977224234613],[8.471319218115365,45.20946098622679],[8.502293443500387,45.20146215964006],[8.511836361516025,45.17881234083781],[8.539633593258479,45.18018807784235],[8.558234730687627,45.16131047732365],[8.58481902858637,45.156474676466246],[8.5953347221461,45.136008402203394],[8.617607155358844,45.12598232259836],[8.615622057036378,45.108362131111804],[8.654026771469876,45.07550648307372],[8.644506353130787,45.06628692350769],[8.654397129940607,45.05463232464603],[8.643883540133883,45.04281969765383],[8.657575252234873,45.038100264836565],[8.662086100397916,45.02686539667043],[8.668495919153838,45.03174122434251],[8.697165437753506,45.0311073288658],[8.709389899198495,45.0466739495782],[8.730064852377248,45.026213920881496],[8.757912468747792,45.024890518994134],[8.755173760441325,45.01297441712403],[8.766986603412516,45.011803354413956],[8.772988539458982,45.028906433113],[8.791177555019026,45.02660639670699],[8.789481067986197,45.03832625809584],[8.823195299221023,45.05145242410448],[8.83620319897221,45.04862832694088],[8.836583530271787,45.05401879008548],[8.904599245895866,45.0680214700854],[8.89159282379004,45.056303411110534],[8.90486435467515,45.053108115389975],[8.907424374157687,45.009391528504736],[8.915886370903742,44.99796516173459],[8.928117975711674,44.987125912442075],[8.963675262759184,44.9923307529706],[8.984922126024449,44.96795146715186],[8.976396372806068,44.94427206779758],[9.004620286932482,44.912195623028204],[9.032841633181969,44.89304031481417],[9.060073130265058,44.89340778062392],[9.077538858711955,44.86361500489528],[9.057443210278583,44.84947405309192],[9.079254654323464,44.829554898960325],[9.079074143399751,44.82218192896363],[9.098068875553212,44.82381570882432],[9.111589367637052,44.81054889643462],[9.177308344737424,44.822299361324056],[9.163519666940362,44.80975652981977],[9.179947854015525,44.79790636730747],[9.178210343499956,44.77405508328048],[9.220387487195858,44.75455396398061],[9.205512775937965,44.683882891791036],[9.2113979741239,44.5961608709857],[9.15434825646904,44.56968594907748],[9.133843382266571,44.56998828267859],[9.10514872793144,44.57876905647689],[9.097817742048296,44.6067826860871],[9.074989939084105,44.61858707337329],[9.038796785763964,44.6080775726803],[9.032737237997749,44.63919347812302],[9.011579169387433,44.66134534861647],[8.969542907125614,44.658631783885994],[8.956321647598875,44.67152677075059],[8.934817592528438,44.67161177108346],[8.91272017563184,44.64330561145506],[8.892429416516064,44.63691583301985],[8.915424033251949,44.61505643045233],[8.924208389917018,44.55857180741032],[8.890334883230633,44.54507692473316],[8.869458244907857,44.55941917901212],[8.865993064611823,44.55599599106779],[8.833624478480939,44.55706429887275],[8.835309536612929,44.54064781754888],[8.805153985951558,44.52752216849396],[8.80281842106813,44.498632715788915],[8.790099532107453,44.484884465843734],[8.758192078206156,44.488336465662265],[8.767050690486666,44.504338551729774],[8.761782396291295,44.52277320626546],[8.759411118446735,44.524538071261716],[8.73545833072171,44.51425091223184],[8.749885673461447,44.536427564521546],[8.717238104456365,44.57559276974904],[8.692659794325005,44.577258952512246],[8.68353927655727,44.569777797758405],[8.626690982527997,44.581136691771775],[8.605484961506875,44.55685895358102],[8.62068896174223,44.542996266899515],[8.589583785801095,44.51985868096961],[8.58077204792574,44.51926841956046],[8.582909679546846,44.50672796327976],[8.559562212996804,44.497640663870385],[8.533261985824996,44.50876157481192],[8.47413909120325,44.50594198815941],[8.469833947976326,44.51280999289028],[8.451351402189033,44.490888729917835],[8.417745246525682,44.50816554265418],[8.40916661009165,44.50565406980198],[8.397787402796235,44.47393008987251],[8.354769293421935,44.45857515726721],[8.344441817675902,44.48143474518598],[8.318412962193026,44.48376703906937],[8.301217425521235,44.498487977699334],[8.267274263961227,44.502724735763174],[8.253891875990673,44.520100526616126],[8.276590191091403,44.53779987376765],[8.279237599403723,44.56086619793691],[8.301511549278352,44.56919112945351],[8.328397411070712,44.56477764833376],[8.35938201872642,44.57626635635147],[8.349219892925488,44.5852973931624],[8.331736625974704,44.58280145445451],[8.305703906225464,44.60280414329398],[8.348329711792418,44.64056501963456],[8.339943941311839,44.697977795565514],[8.405735718822797,44.69278236359854],[8.411495476874094,44.694494115829606],[8.398910692277644,44.7100145527515]]]}},{"type":"Feature","bbox":[7.88214782301027,45.37608875189325,8.327908456492375,45.75766155567187],"properties":{"prov_name":"Biella","prov_istat_code_num":96,"prov_acr":"BI","reg_name":"Piemonte","reg_istat_code":"01","reg_istat_code_num":1,"prov_istat_code":"096"},"geometry":{"type":"Polygon","coordinates":[[[8.310446542180326,45.63786130313062],[8.320630107692214,45.63513037485041],[8.318476954142518,45.617020071520805],[8.264681403886438,45.60523572256884],[8.282635944732805,45.56690734099859],[8.30658866707365,45.55504798682318],[8.286409618835055,45.532372099705036],[8.305951758891116,45.51290847028181],[8.273728299900826,45.511830358894294],[8.269708439691692,45.49818491274706],[8.226292366472357,45.473185628197],[8.225361714765592,45.45101263949664],[8.205003142641043,45.44102839202911],[8.188069012563517,45.44371408405707],[8.17421012865949,45.43312323714243],[8.176570072823518,45.40633972570564],[8.154849287850105,45.40490819169938],[8.126408345148905,45.36988012800104],[8.067263743038497,45.38166612686538],[8.02031689625261,45.39965224065508],[8.014204505836517,45.422940514808616],[8.028365604126458,45.43983259041388],[7.963960278503046,45.47051085788613],[7.911366105965163,45.50709701591895],[7.91480226822777,45.51836694610662],[7.871503720037987,45.5316387819601],[7.894520762070518,45.560153923085906],[7.889049372444938,45.61263671856197],[7.910322493965514,45.63746319482575],[7.930203679237582,45.640254022889145],[7.931328186708578,45.64290464889955],[7.897292802304024,45.6808705158937],[7.90190505642633,45.69898625776769],[7.933065054997863,45.72995666336031],[7.996111424743305,45.724760014930425],[8.017559014712567,45.742704675792574],[8.065070501196844,45.7463265498581],[8.071489791727574,45.72696974945224],[8.071904747276417,45.7268054777122],[8.077773729933575,45.7442750583778],[8.093328176637607,45.74319716387356],[8.12710886446427,45.76378821681095],[8.15616501500014,45.75540418337053],[8.188054700098172,45.757958443056566],[8.19127704459876,45.73156548185502],[8.318966539337303,45.65136629215184],[8.363593613374267,45.65594358835648],[8.365675251725225,45.649171234890204],[8.310446542180326,45.63786130313062]]]}},{"type":"Feature","bbox":[7.868401330062491,45.76691653599273,8.729062333620258,46.464102424246335],"properties":{"prov_name":"Verbano-Cusio-Ossola","prov_istat_code_num":103,"prov_acr":"VB","reg_name":"Piemonte","reg_istat_code":"01","reg_istat_code_num":1,"prov_istat_code":"103"},"geometry":{"type":"Polygon","coordinates":[[[8.006112538255085,46.01631075667993],[8.00663345045158,46.03416662301308],[8.027325443378544,46.044953570542056],[8.015921823373828,46.069554907147875],[8.028211678128748,46.10298646157864],[8.102981289079644,46.11520812695496],[8.10970736622405,46.13340991842603],[8.144089678260631,46.144116712298555],[8.144392103720547,46.165295050086236],[8.158492566232765,46.17926186708756],[8.133915053250238,46.2232401821817],[8.1103550491345,46.23422486390592],[8.1049378598212,46.246360130634585],[8.070291294832568,46.259725970414074],[8.135967566373767,46.306564980778376],[8.161514391730847,46.30072745151804],[8.19879027459236,46.30791135521026],[8.219101556810461,46.3369597452627],[8.255719640304022,46.348089149322256],[8.25755630981613,46.368072810631695],[8.28192490099837,46.367722822321994],[8.30659998328084,46.37935624080318],[8.310097260700813,46.39502944546509],[8.280809659301234,46.4072379749503],[8.2961028377057,46.42274517755541],[8.333174349099444,46.43511368313605],[8.36136932794911,46.45511097848408],[8.450688102515805,46.467866630208526],[8.472564772898629,46.44421882448136],[8.464446741084602,46.423191827463654],[8.4751901174053,46.41257844535577],[8.467361461964966,46.38661038056356],[8.474853924836735,46.365201982536156],[8.47049144760985,46.3313937403402],[8.435077773413067,46.298099138898436],[8.4635855404209,46.263296703312065],[8.452657943528429,46.25226934097212],[8.46976535904392,46.247635822021536],[8.47391456577988,46.236819894816506],[8.537704837505009,46.22139982946365],[8.546170621758918,46.200099278852804],[8.569022324749907,46.18647415043921],[8.578675628522575,46.16756699039774],[8.610772011102448,46.157461666141515],[8.60179237427617,46.14254132951882],[8.615194751462461,46.126283797363996],[8.65081100933211,46.12761414412104],[8.662264240190257,46.11615480075727],[8.722964670113278,46.10055821638465],[8.711955913440505,46.08157548768941],[8.733197013104572,46.016706764104974],[8.577383115985592,45.89877430643204],[8.602452456901576,45.821034058839224],[8.555963902474808,45.83458495556234],[8.55468309221254,45.846226360485815],[8.550426867285553,45.845376160662966],[8.545973418699035,45.834674915001344],[8.494406959238574,45.829037351501654],[8.4923889367819,45.84464099603983],[8.469349239844068,45.853526358716124],[8.46774893633522,45.86519820174337],[8.461146939465248,45.86895818914479],[8.456374064322294,45.855152752443665],[8.42360813104679,45.82528259402849],[8.405197777938465,45.82645486722579],[8.3993085372628,45.83966417046677],[8.397461381971082,45.8354596791998],[8.383404167794923,45.83451330319692],[8.38081039815036,45.781315956586305],[8.31245431482983,45.760437424208746],[8.310219276961172,45.79535262801816],[8.32250056192445,45.828948108728575],[8.3124954219082,45.83788278056908],[8.327002138130812,45.84678087166459],[8.31272584694971,45.85998114124238],[8.286011873612122,45.868068063739365],[8.294092199573582,45.88489379319159],[8.284009077559874,45.88615032220951],[8.265744923532178,45.90303464074976],[8.23708961542947,45.906437526402776],[8.209804506922588,45.921065603574114],[8.197226062547573,45.93599117498992],[8.201428022723617,45.94341468043486],[8.196951955803021,45.945542766343074],[8.183587078929826,45.945134675204706],[8.156372303921687,45.92960644583923],[8.11618172925186,45.927732992308776],[8.084990809740761,45.91726941351189],[8.063289600779425,45.930639629496454],[8.04580535134103,45.9318624175519],[7.961951318109018,45.895540401671255],[7.9204529149751615,45.91713728468446],[7.872952339340869,45.92249740797858],[7.861919077840762,45.93693838914562],[7.872303767282895,45.975389902886036],[7.9061088817692715,46.00167744461562],[7.98463799268429,46.00067000218393],[7.997647189072354,46.01640658103395],[8.006112538255085,46.01631075667993]]]}},{"type":"Feature","bbox":[6.801326682921888,45.46695875661557,7.939504004237184,45.987575678850924],"properties":{"prov_name":"Valle d'Aosta/Vallée d'Aoste","prov_istat_code_num":7,"prov_acr":"AO","reg_name":"Valle d'Aosta/Vallée d'Aoste","reg_istat_code":"02","reg_istat_code_num":2,"prov_istat_code":"007"},"geometry":{"type":"Polygon","coordinates":[[[7.731780001369952,45.92831999810456],[7.752537193165153,45.94563434188627],[7.80020074157886,45.922533268470815],[7.820544329493754,45.93182368927338],[7.870333525869435,45.9196599305351],[7.871984803391986,45.87999953003994],[7.882823354464742,45.86164786269778],[7.8708502037209644,45.83981384951246],[7.881572230457984,45.824615466480246],[7.86876111668138,45.817707930726364],[7.869029351343907,45.79323313895288],[7.890346869166234,45.76293777118083],[7.934404786222132,45.745459204600614],[7.943524092996929,45.72379558076101],[7.912178804070824,45.68479305834287],[7.94642233589472,45.644304016556525],[7.941122974281508,45.63181948873817],[7.919023405205042,45.628718886428885],[7.904004544118966,45.61145183078108],[7.907336325982602,45.58521244629619],[7.8492342166762095,45.597495939341734],[7.798990063363299,45.582500266234646],[7.732531420381763,45.54445138544481],[7.717159777203832,45.553998181819814],[7.675651272972533,45.547303689106286],[7.6335536437819265,45.56571142785885],[7.605784273046723,45.55691532287866],[7.594679191579847,45.574944882218354],[7.566543119553813,45.586403496312045],[7.532913725023292,45.57202914165057],[7.490183073117679,45.578388667317036],[7.468187115143619,45.57056804740655],[7.452809825009048,45.55253649074506],[7.377402578946847,45.51130590860246],[7.358568524409461,45.520724881975795],[7.324280160503214,45.50995455759728],[7.274413012002035,45.51016666244019],[7.269449837172097,45.49670162311469],[7.224247757299209,45.46527911664836],[7.16127265264564,45.481560277367485],[7.1380107718501185,45.46993039894187],[7.132491366212838,45.50705619121073],[7.127222408882754,45.503725450366346],[7.10879789082937,45.46198531435638],[7.040540587365183,45.46866171677975],[7.04595165244186,45.49165460461162],[6.99354182525352,45.501035617952866],[6.98877047242196,45.57427012041117],[6.971160804255161,45.58738585878949],[6.978066651286891,45.626942165682166],[6.990320904932143,45.63806731521231],[6.969031804281191,45.64328362113943],[6.965105869923826,45.649137412803675],[6.931482285161754,45.642308010890225],[6.909964078254497,45.64927407934015],[6.899244459871136,45.673237247886945],[6.894253651551674,45.67092231412914],[6.850185330818457,45.683207761269394],[6.8018842285117085,45.72389053700543],[6.80985273733736,45.73865755293341],[6.799374981497038,45.746204002578885],[6.79486287036167,45.78154241791797],[6.813158226299917,45.83961017148161],[6.84381467231732,45.847185629247996],[6.862852635030698,45.8392632674601],[6.878212747325434,45.85605152797298],[6.898052723379449,45.84734375829565],[6.936731813273865,45.85121204813623],[6.946330075866289,45.86240452240552],[6.9919140539519695,45.875784656669836],[6.9977706127513475,45.901252144452656],[7.031323196420823,45.92684658499644],[7.066469495655551,45.91587490212634],[7.1054462058403525,45.86364718890508],[7.116043212723413,45.863965845005936],[7.156830986955379,45.88510360116474],[7.188751826407354,45.86550148734547],[7.212693675442532,45.89311094524623],[7.256382448928049,45.89473979548456],[7.291074635117454,45.92705930012871],[7.324641979367251,45.915256895521814],[7.344602684693631,45.92019875930525],[7.385282309878166,45.902799993167235],[7.441430494228093,45.935662625931094],[7.46854898626793,45.93939359255391],[7.47232935882064,45.955670940410045],[7.501387446402333,45.96531335720091],[7.535495753980552,45.96152522970764],[7.540488449969899,45.988356815933194],[7.574327798740562,45.9924839136423],[7.591668582804004,45.97545754596247],[7.666934269219824,45.98026374540285],[7.685574398471909,45.960752685755445],[7.71688311960158,45.95099790507043],[7.714007263902261,45.93593187389281],[7.72156059092489,45.928918487120185],[7.731780001369952,45.92831999810456]]]}},{"type":"Feature","bbox":[8.552274921834178,45.55831426584733,9.06443251332127,46.12214597122103],"properties":{"prov_name":"Varese","prov_istat_code_num":12,"prov_acr":"VA","reg_name":"Lombardia","reg_istat_code":"03","reg_istat_code_num":3,"prov_istat_code":"012"},"geometry":{"type":"Polygon","coordinates":[[[8.545464691229943,45.7876173241589],[8.552773623906914,45.80644888409296],[8.576687425750078,45.81677903866614],[8.588426431331632,45.83406569393734],[8.563563543531245,45.90127143558442],[8.719450294159959,46.01929613052004],[8.698690553948593,46.08608874372069],[8.743121534533778,46.13039358225405],[8.76469306411348,46.10515896327328],[8.783540329956022,46.09887372786086],[8.80710992415273,46.106103142379695],[8.858103089571802,46.077893231720964],[8.861144309738517,46.06075170031319],[8.847191539166726,46.04287166029253],[8.83801832331208,46.045486495305376],[8.824611850380558,46.021789231071665],[8.810764674703668,46.018098306196755],[8.795503484608174,45.9932847028067],[8.834144033047373,45.99240149169443],[8.871284455131654,45.96466952754001],[8.900868137337719,45.962485434092095],[8.899543137322944,45.932950671414815],[8.93059425495234,45.90786670499581],[8.93966856526558,45.87358574752353],[8.957177245728532,45.86999554874474],[8.924787529864268,45.84549209783447],[8.912329986768452,45.8119246991919],[8.905474759817674,45.81025393740758],[8.915884094560347,45.79277012755653],[8.907284811872065,45.78390034655287],[8.911824524696934,45.77083877360316],[8.948512097293042,45.74730286401885],[8.958462049853502,45.71306599574504],[8.907448420637698,45.68116878071747],[8.926165030966706,45.674298725974026],[8.932762486359913,45.65967539847709],[8.961729258245622,45.66877262988107],[8.986440965134205,45.69355821544408],[8.987468987834049,45.650036387105345],[9.059397089130192,45.65103320512581],[9.070998184185958,45.636760645822015],[9.058080775094446,45.630966922673906],[9.059338658998653,45.61510415328807],[9.071993730778907,45.579161538776326],[9.044857760830789,45.5722794442738],[9.025869542884271,45.58267753474071],[9.00116196519215,45.567688036711374],[8.982213010620985,45.584933039541205],[8.970318152815697,45.57905973055611],[8.960166135569652,45.609966110636904],[8.968851809727779,45.615017547622564],[8.939661248142631,45.63633989879602],[8.936679721789849,45.6343543637429],[8.944226807600295,45.6226923823499],[8.919595594718144,45.603633244563994],[8.875912848802422,45.58967920470483],[8.88151520522296,45.57936465840951],[8.866109165017136,45.57055910583242],[8.834339486824984,45.56311489074209],[8.802815310370116,45.59731571630267],[8.79146393252512,45.59773546023489],[8.787493654215604,45.58153559383313],[8.774315581511624,45.5826608916732],[8.771005580052048,45.57305895009504],[8.754609834341164,45.56954306811442],[8.761595707241614,45.56457476359103],[8.738047030537457,45.554694366522476],[8.72019708938858,45.56233285319295],[8.705400539319355,45.55024330216832],[8.686516627768736,45.57740386981467],[8.69611930351698,45.59923164026767],[8.678604018076188,45.6161372868941],[8.657673485323933,45.61799557576464],[8.652090839867762,45.63912973918098],[8.665499477003113,45.64937287749396],[8.678785180328697,45.63991009614448],[8.662616364540568,45.661430141757855],[8.67060105874166,45.67195516402131],[8.633178071647112,45.67207495361735],[8.64493107489057,45.71468825535549],[8.63946471689209,45.71907707382988],[8.589431114603332,45.72646732868622],[8.545464691229943,45.7876173241589]],[[8.693743937826492,45.838253373500336],[8.67493217659081,45.83123129872263],[8.668129216451689,45.82322331329477],[8.689107385957673,45.818045035524534],[8.70401518583739,45.830516412870004],[8.697071670261868,45.83088442600985],[8.693743937826492,45.838253373500336]]]}},{"type":"Feature","bbox":[8.894670941672384,45.64253878289119,9.440807491870727,46.23956322677848],"properties":{"prov_name":"Como","prov_istat_code_num":13,"prov_acr":"CO","reg_name":"Lombardia","reg_istat_code":"03","reg_istat_code_num":3,"prov_istat_code":"013"},"geometry":{"type":"Polygon","coordinates":[[[8.8938524641983,45.80851170830003],[8.902237198463359,45.832385791856154],[8.950350505914841,45.848743783413894],[8.971659880772881,45.837004347440725],[9.005915386639964,45.84000229586081],[9.001302994170054,45.82674101856235],[9.026039804439351,45.82551619967519],[9.048317853030822,45.8751975508549],[9.078569199038725,45.89827281229531],[9.040267206164609,45.92243224484179],[9.013667448351253,45.924504813444194],[9.007570648658644,45.957873804143865],[8.989759182742745,45.96495328198765],[8.976981811562815,45.95662277643928],[8.949664017416636,45.96158672538852],[8.962397449108957,45.98898444611558],[8.98399831143972,45.98693435854165],[8.983907822827202,45.976788567598604],[8.986164486334166,45.97702523843156],[9.020807859860943,45.99533897522511],[9.001978425512462,46.037555087771715],[9.017777330699733,46.056113023528965],[9.072878660270002,46.06889078767339],[9.082946523772517,46.08838385441335],[9.063296850435927,46.12185846973013],[9.116665216730526,46.13824792935233],[9.15635210480825,46.17500891316126],[9.177998531322475,46.17501110560608],[9.195854060576856,46.21184295638187],[9.20931092772647,46.21517663155368],[9.215198158293543,46.232473168047854],[9.23322826330832,46.23826344010721],[9.310383583023162,46.241845187038834],[9.35111254863535,46.23399730384671],[9.377647124358685,46.21698658910353],[9.428298602862528,46.22475079755436],[9.449084105304788,46.21632530661788],[9.431126717967718,46.188666150774665],[9.416058909891822,46.11443515785612],[9.413055320167336,46.114404847101326],[9.40528543684743,46.14618407862775],[9.363613114139635,46.15254813568944],[9.299997764274817,46.1144588693344],[9.305295606404764,46.10509871829231],[9.29585098506684,46.05809805870205],[9.267857979502821,46.01425015000195],[9.29308209571485,45.963637142703774],[9.26762696249254,45.960164036221514],[9.265064607668432,45.952750857444364],[9.283946984109038,45.94735579884437],[9.274865033812265,45.92677451832876],[9.291050231444602,45.89982599257123],[9.29942356998994,45.89867051684259],[9.313768549825639,45.915987014587806],[9.339458066488032,45.8656723446335],[9.325777083829093,45.8408411476324],[9.292858129038333,45.82191181606799],[9.293758790065642,45.80712907541357],[9.265371256140682,45.79079968356097],[9.270252934535485,45.77484760549875],[9.254401284067955,45.77736143108813],[9.25027282161113,45.767223360195594],[9.264027106598178,45.75114074538366],[9.236101248536707,45.71401248338941],[9.208652488849907,45.70570898176619],[9.201671396005251,45.69711196840252],[9.200733813693853,45.66463210076323],[9.177879262547972,45.65814134349846],[9.138177235008788,45.68939010572579],[9.123475191156654,45.68485410252879],[9.104663370910682,45.69137865592541],[9.091152483022482,45.681060923826365],[9.072280873043006,45.680722672092095],[9.060963751074047,45.64207845658931],[8.974925101507452,45.640881449074605],[8.974331585479595,45.665783495359854],[8.970153050347621,45.661590886347014],[8.924917571562796,45.647381901562895],[8.915752450780445,45.667691900729636],[8.893649352531215,45.67319561538435],[8.886709369949113,45.68692934134425],[8.926947928041608,45.700206202569234],[8.939459047916465,45.72164939287198],[8.943094894818687,45.718347154429225],[8.944466468289686,45.728325486200845],[8.932154360326194,45.73565860089852],[8.935417723641638,45.74354507270646],[8.899958155306464,45.76628747290844],[8.8938524641983,45.80851170830003]]]}},{"type":"Feature","bbox":[9.246549513988501,46.0113964037813,10.630461791644924,46.63518701514531],"properties":{"prov_name":"Sondrio","prov_istat_code_num":14,"prov_acr":"SO","reg_name":"Lombardia","reg_istat_code":"03","reg_istat_code_num":3,"prov_istat_code":"014"},"geometry":{"type":"Polygon","coordinates":[[[9.465197893845207,46.4836673697673],[9.46694737002888,46.48320876751882],[9.469542950094123,46.47040180810301],[9.45951112164659,46.420918925918436],[9.475093767173798,46.3885699674527],[9.469143446084638,46.37821875078592],[9.500347850879582,46.36715336245103],[9.547447962604876,46.30933783680479],[9.560437516057332,46.31060670258029],[9.620361175367753,46.29139799557609],[9.64013394201497,46.2911958707072],[9.676559728318711,46.308506376981676],[9.69099471015544,46.29775468126225],[9.710464687819465,46.29730062953999],[9.719888004596703,46.31431775850302],[9.716881523526716,46.34198627046266],[9.736196744196931,46.35582378079614],[9.777319779818134,46.339768189483365],[9.836880613784244,46.36556743394938],[9.867569413613447,46.366558523059396],[9.907245780937167,46.38642433750294],[9.92468491613881,46.37277241582534],[9.9298867468581,46.378202851325824],[9.96201126871127,46.38324629956351],[9.969495600820027,46.366200074266274],[10.003793884799771,46.35276703298828],[9.987823230366802,46.32461279113884],[10.000584691256325,46.315798549453646],[10.001367243305223,46.287947363091504],[10.060624044628494,46.26567876944312],[10.066796152292989,46.247695271401774],[10.054933179468,46.23010755439113],[10.070626268708631,46.22232303166063],[10.088665691753153,46.23238818713463],[10.12268246960336,46.228054342082864],[10.13870514732725,46.23247001801403],[10.169414450212615,46.25855594879299],[10.14893167149345,46.290515990852036],[10.11229147314614,46.3111509811678],[10.098177984606984,46.33293717689921],[10.102615249141317,46.354664352293376],[10.12301386246434,46.363445491663924],[10.121512255991915,46.38029393753023],[10.156226756392275,46.39040172276486],[10.159637566883664,46.40721925116336],[10.12909473167107,46.42721504628663],[10.078122040191456,46.41647556623828],[10.032325349560951,46.444788342690885],[10.046725389489938,46.46332980712384],[10.036841473271425,46.478911063520194],[10.047867624862262,46.52055105573972],[10.0371000911273,46.54053925291468],[10.076498340294146,46.56546290582138],[10.07246915193561,46.57702386955777],[10.095205408707804,46.585305434686084],[10.096368192436758,46.61611890513599],[10.129548407962716,46.60999363228246],[10.190753290531028,46.63073135709718],[10.212563558221216,46.62263777573625],[10.242126546267944,46.64193604248087],[10.265069103342201,46.60959167300745],[10.248387102337151,46.59148226980509],[10.249777039524165,46.5802570936317],[10.25456346140658,46.57695129700148],[10.26939766479973,46.582630437924244],[10.28838105088125,46.57396490917177],[10.299670686523156,46.55471508088422],[10.327972401142285,46.5559569695586],[10.337640841351872,46.549266713145286],[10.350153975271903,46.56050819421198],[10.3972765454196,46.548422234196956],[10.420333083033448,46.55594803692582],[10.45868319724003,46.532684014077105],[10.463567486967932,46.51237618741027],[10.479091250896087,46.49951370099847],[10.554690116847915,46.49545533774232],[10.580279084066854,46.477027105673045],[10.604145607925371,46.472234104621094],[10.628199971512801,46.448899861765945],[10.62242850896965,46.42912248986834],[10.637138243200718,46.40198273064272],[10.610617326320424,46.375267707298065],[10.569997852169653,46.373890250382374],[10.542623278039251,46.35044326289181],[10.524359932909793,46.35155356370954],[10.516425684259906,46.33056075718706],[10.49547261569823,46.33071367323278],[10.469136793594075,46.35002964441729],[10.459497818101257,46.348261329600696],[10.424474527714107,46.33144513175596],[10.37375001936473,46.28913897569623],[10.32605177056285,46.27854858677327],[10.321002569353789,46.25643876180255],[10.305049935945327,46.24638515339552],[10.300311910422046,46.22145131841641],[10.285617349319446,46.20992540603094],[10.234255730435839,46.1962630283554],[10.230873652278635,46.18348000908959],[10.183387042491594,46.17433274603022],[10.166099976239106,46.158831144309765],[10.177936690929974,46.13660844077137],[10.170515478900077,46.10747234614915],[10.191659350118801,46.08114794908987],[10.173540746643003,46.05315707075264],[10.141535303334367,46.05105792904499],[10.13166974748035,46.05675160614157],[10.100676353055393,46.045398449580546],[10.085575055602167,46.060941051603656],[10.09795881811275,46.083295615670714],[10.093434012573264,46.0869738359582],[10.022751074547553,46.082153140579685],[10.01515681157657,46.06843870238763],[9.99385744476939,46.06863572229532],[9.982813573969224,46.061101083877965],[9.940348224501761,46.06206105534779],[9.91548711534883,46.05479201708331],[9.913195926393225,46.04148852197087],[9.872602455665366,46.046925777840755],[9.836358630122863,46.039582707136034],[9.76719013297446,46.05974870917375],[9.737549910668957,46.053873109943765],[9.710648679395437,46.05947246485197],[9.690591341213338,46.05035996950729],[9.646761967350491,46.05540236517374],[9.637782190654983,46.043155817698015],[9.60772206646981,46.03984564533834],[9.59121687761728,46.020479124402634],[9.522154859269644,46.006215288781],[9.516681486965485,46.02927578636856],[9.495032435415531,46.04454603284961],[9.502582402348997,46.06039944545561],[9.408800046199302,46.09230566846752],[9.419021994076534,46.19095909756768],[9.433186934192163,46.21278771731591],[9.426235437203834,46.215605104635664],[9.373999144832025,46.20759509300606],[9.344911895964115,46.22624291493303],[9.309154486885735,46.23313261175473],[9.241076167306526,46.22908745478678],[9.245860135623623,46.266989285625385],[9.278249003347305,46.29796362133067],[9.275162935633679,46.31040673103515],[9.29273005574902,46.32669719399358],[9.285609357808008,46.333931851179635],[9.289185483654702,46.35280517581974],[9.276717016563863,46.355596966481265],[9.270660211287973,46.36890874562609],[9.27451837341451,46.41080386943783],[9.241607646316039,46.43448980354807],[9.240661910228756,46.44904264792319],[9.27141651845046,46.46357807325344],[9.267742615217909,46.48277337930528],[9.278061992368025,46.50029243629436],[9.368688984618087,46.5124757409327],[9.38065233840876,46.48772412434626],[9.408302955242162,46.472847788180694],[9.429547713959584,46.50098025295236],[9.46602046919007,46.51329946575631],[9.465197893845207,46.4836673697673]]]}},{"type":"Feature","bbox":[8.706096074466394,45.16147199717692,9.550303378297802,45.642649782014686],"properties":{"prov_name":"Milano","prov_istat_code_num":15,"prov_acr":"MI","reg_name":"Lombardia","reg_istat_code":"03","reg_istat_code_num":3,"prov_istat_code":"015"},"geometry":{"type":"Polygon","coordinates":[[[8.716763184913116,45.573162010496425],[8.737938597011834,45.56508092982492],[8.741098423125358,45.566406968484465],[8.730717800175773,45.57378485516028],[8.760350314746553,45.580143799243814],[8.764614631659983,45.59251926021817],[8.777007087397111,45.59146244947836],[8.780838247450056,45.60710462979344],[8.809967818900171,45.60602816891412],[8.839664735533173,45.57381000286969],[8.859895417000091,45.578549688475036],[8.866327608530852,45.58222678839558],[8.859738206659584,45.59435034051779],[8.911944911108833,45.61103241448484],[8.92915201642987,45.62434977271653],[8.921311127950732,45.63645897047301],[8.940079000229339,45.64895808999225],[8.987561122091032,45.614269800644614],[8.974202429831594,45.60650371759977],[8.977472257258276,45.594074349530274],[8.985523578562901,45.59657196225614],[9.003023553220451,45.58064826844995],[9.025462760662418,45.594258214944034],[9.047462172060795,45.5822132776086],[9.055751542841023,45.58368015016523],[9.045399354092257,45.62773489575071],[9.116310622318652,45.62712490580715],[9.101578325045203,45.59255960036007],[9.144215318601479,45.588301927554824],[9.179147277470044,45.59709115908866],[9.19680836679504,45.58088229266448],[9.235702606952673,45.57988495046153],[9.229511153704317,45.57204665506754],[9.249565944802157,45.56766935520132],[9.261353440895324,45.55950770971369],[9.27673758983867,45.561830694958125],[9.279963920656002,45.54953658529803],[9.312806856581284,45.54153525023226],[9.319287506288662,45.54317666347031],[9.320258309605094,45.56801139416496],[9.355486307055555,45.55880027323634],[9.376709171915907,45.56192723531012],[9.441996877295095,45.59615054865234],[9.472079109547686,45.60010898146892],[9.468814260068166,45.604572162838615],[9.496788151232051,45.65323155612453],[9.504967249415856,45.63378271564336],[9.524167306381974,45.62671008520439],[9.545443952010936,45.582033762655236],[9.531258882709349,45.56081127310438],[9.532350145901784,45.54684309644094],[9.541697363802166,45.52969709672803],[9.556847728241042,45.52795476993381],[9.555888459053122,45.50809574642877],[9.540252866110587,45.49703718413284],[9.520481420663438,45.50263849539953],[9.5008984893602,45.48151045455787],[9.488862674544976,45.44382094967767],[9.46169325521024,45.44579645731071],[9.453014401809156,45.46285235672994],[9.440336217968072,45.46294554620517],[9.442066329921483,45.459500207798094],[9.42307307394571,45.44891070905641],[9.417886767068094,45.436114759133794],[9.433427668827465,45.42269229630172],[9.410515660902849,45.38840258905422],[9.387745794049374,45.393957228096305],[9.379839290605117,45.385607348155034],[9.385867187012257,45.36482810728046],[9.361422222667512,45.36363626756821],[9.36994137789645,45.34421739797631],[9.365345317398278,45.342216469390394],[9.384558904773144,45.322627518128655],[9.412214893860213,45.31637316788224],[9.384733792159578,45.30879363416757],[9.386553882342449,45.30587345199141],[9.473905987506631,45.20444858517697],[9.53140588692265,45.184507264657455],[9.539459360412206,45.16141578612457],[9.47522274365649,45.15677049502547],[9.453124125079608,45.179194101402416],[9.424405640619486,45.183066015626125],[9.458065886375582,45.201060855391916],[9.352531920311648,45.314936279135196],[9.330485938122228,45.30667753074099],[9.306005479069807,45.32375382465492],[9.285446736710886,45.32660462416914],[9.277543402914082,45.319262741594684],[9.24379792102441,45.32008688855368],[9.230127328260652,45.3274306126583],[9.219907248148026,45.31999071471533],[9.205975437579825,45.327128926440444],[9.201954451236013,45.3131412171391],[9.191250875274168,45.309121293557354],[9.219995378245233,45.2789877190397],[9.176792938894746,45.29482115141679],[9.15646446420009,45.29338576799919],[9.128421272528179,45.306272639176676],[9.079893914733757,45.29785918457203],[9.07273100269592,45.301892233262585],[9.0265518209738,45.29094881039087],[9.014642267433489,45.310739938002385],[9.02504960032053,45.30950553790083],[9.016929039191274,45.320969314079505],[8.998246534738097,45.31893756934901],[8.999406307994617,45.30048899761018],[9.014600361060522,45.29637548629169],[9.026956266880413,45.27891311601266],[8.982049996237091,45.25934314897112],[8.938478625330442,45.2894349846392],[8.93608729509489,45.31179941294093],[8.921143544660367,45.31248867268277],[8.898684474320648,45.324874256330006],[8.901483948650583,45.33008950061714],[8.859305322374958,45.339985146363304],[8.861309480680895,45.35540883271278],[8.844216558428135,45.365215442143935],[8.821337818356678,45.428304210096904],[8.80106454706711,45.42913139627794],[8.803443951012477,45.44444840450482],[8.783129724988768,45.460137548755085],[8.781522624884099,45.48104599273113],[8.770731880462726,45.47986668526881],[8.756459258484096,45.4930539172451],[8.717504968551404,45.50258396287345],[8.6992510639043,45.554409018438484],[8.716763184913116,45.573162010496425]]]}},{"type":"Feature","bbox":[9.445847034936774,45.42278525826184,10.26221002173931,46.091297132328016],"properties":{"prov_name":"Bergamo","prov_istat_code_num":16,"prov_acr":"BG","reg_name":"Lombardia","reg_istat_code":"03","reg_istat_code_num":3,"prov_istat_code":"016"},"geometry":{"type":"Polygon","coordinates":[[[9.594132825057315,45.4717406340463],[9.580911305901392,45.45592849004364],[9.542451026540848,45.45702384453694],[9.539281426908607,45.48552044163257],[9.496841035890078,45.5158764894587],[9.537046217045365,45.50707682899665],[9.543735890404776,45.5118085664138],[9.544158936730842,45.52060804370195],[9.53280846036878,45.521912374126224],[9.520432632207203,45.54326577458618],[9.518761898895237,45.562510868343175],[9.532218475553062,45.58265170037421],[9.525495447475103,45.598534828271255],[9.514112834080612,45.62060397559046],[9.494495117683027,45.627828881877086],[9.481903859693992,45.662149634442976],[9.443969135105807,45.68294073274734],[9.45336952565395,45.70237983147477],[9.44088439962209,45.731722676142624],[9.45039038898526,45.74674958915602],[9.437255456905582,45.76248026928958],[9.461047305717702,45.769745346035116],[9.43548893637684,45.792232281539896],[9.470879463166943,45.78743696409701],[9.47660261518632,45.79644829570712],[9.48749575075525,45.798808387604446],[9.467196458336764,45.82372352994033],[9.463123737587809,45.85981375905933],[9.51349208057971,45.8722173843432],[9.49481463994419,45.886652193474056],[9.507803921818276,45.888883604297106],[9.498185953651458,45.89844422987751],[9.534543788447007,45.9448748833407],[9.531616298383211,45.95417041372241],[9.497924738629575,45.96411932838467],[9.481791483183837,46.01420560023886],[9.54798668304594,46.01815118410214],[9.557952090151513,46.027701895717996],[9.575790052630238,46.02473281465182],[9.594764075229682,46.033755713900824],[9.599054129784598,46.0473349868154],[9.629914741498387,46.05073527179203],[9.640096404228695,46.0646219626873],[9.6879606017078,46.059118468158324],[9.70876485673527,46.06856931657333],[9.737632939356015,46.06256185945821],[9.76794234441575,46.06856898165404],[9.837077970218411,46.04841540864332],[9.872032331177083,46.0554960304017],[9.902859871041944,46.051369224257634],[9.904449394300945,46.06060796574968],[9.93810168405684,46.0704485371493],[9.979466790458336,46.06980612435772],[9.9888309743173,46.07702437912876],[10.006999769152157,46.076857467192085],[10.014238229367505,46.08993154566856],[10.083622411834371,46.095046516026734],[10.110871371580279,46.0920050000753],[10.098785561830224,46.06220963156074],[10.104575547189633,46.05624970017257],[10.131855799032124,46.06624009637188],[10.20258234741287,46.05016293070937],[10.233036490712925,46.05290671444723],[10.236391833825456,46.039453477627674],[10.252393536772074,46.03999491700958],[10.269780602269368,46.01439660868074],[10.203273702035144,46.00137717468117],[10.182718061753711,45.98154002372197],[10.184346198338963,45.96984143653091],[10.12995918063456,45.95524063570169],[10.119638145312866,45.93367700461458],[10.10170682511434,45.92395440201804],[10.114382844271534,45.88810815559647],[10.157708065486172,45.86407490139373],[10.112566840421682,45.812530263229824],[10.076363306775761,45.79463300426519],[10.063610439035417,45.77558744992491],[10.072320414034158,45.741037853071326],[10.06902291856227,45.68038829915711],[10.046385801617154,45.67088295974203],[9.946486967729212,45.66143260114353],[9.93522188933695,45.64241935383997],[9.920612522996548,45.6451636774166],[9.895110237992192,45.59917775839248],[9.866185087912202,45.60594743057048],[9.857051872480508,45.60127680939053],[9.861848739838887,45.5808377932075],[9.848619655954966,45.57876436593606],[9.84276974128078,45.55701157552611],[9.859069054296432,45.5416221397228],[9.86905262948923,45.49826471013783],[9.896195909002124,45.46968100016885],[9.895496924763176,45.42209943460432],[9.859312789493721,45.42775622827352],[9.844139373165508,45.44655149834189],[9.83390979739654,45.44290838250675],[9.830271461993227,45.44547071755215],[9.811067004916179,45.417813419889235],[9.764107671359287,45.426801678607106],[9.75719657328435,45.45333823911947],[9.715899699759351,45.47627582913059],[9.689632168873334,45.44048896902933],[9.658806178921408,45.4318445093325],[9.64669876726177,45.45002560709251],[9.615905392073124,45.451935186154515],[9.604565949998095,45.47138030348485],[9.594132825057315,45.4717406340463]]]}},{"type":"Feature","bbox":[9.83641197001137,45.204717325070554,10.840150465662777,46.354790184963825],"properties":{"prov_name":"Brescia","prov_istat_code_num":17,"prov_acr":"BS","reg_name":"Lombardia","reg_istat_code":"03","reg_istat_code_num":3,"prov_istat_code":"017"},"geometry":{"type":"Polygon","coordinates":[[[10.434215604131117,45.31685393065577],[10.43096203530862,45.29298877933491],[10.412396321589572,45.28965480214545],[10.398254340194129,45.27293220356227],[10.404160778915768,45.248065239283775],[10.379035685909889,45.235810457815916],[10.368148790844542,45.23924644664334],[10.367621191941119,45.21257936577737],[10.334420084159799,45.200878067927434],[10.311398929537079,45.2007621355665],[10.307338039429098,45.21662331263745],[10.280788243333205,45.22370101945969],[10.256164309213458,45.245427528922],[10.25000981380564,45.23870188876811],[10.22687290163648,45.237572568770496],[10.22574833983331,45.217593467826866],[10.173298394170361,45.23587685537788],[10.097501442797098,45.24317073634711],[10.078732122457701,45.26461122308808],[10.053356461408269,45.27514963906682],[10.028180045561747,45.27210281776209],[10.001832718928403,45.28228416254091],[9.919393169778568,45.334134249369455],[9.890563108473541,45.33715467932285],[9.87692620127028,45.35660807516576],[9.883988140323043,45.466623421597816],[9.85732273632228,45.49501292909136],[9.84738581883918,45.538129514041955],[9.829646366384527,45.554873934918696],[9.838010580966072,45.58600056483283],[9.847773190813092,45.58753167443305],[9.843633149449566,45.605150890930965],[9.864061247480464,45.61559850855201],[9.887875069676081,45.61002734057766],[9.913124288284722,45.655560591571756],[9.92797417254459,45.652772738032816],[9.937808559833833,45.66937320535419],[10.042227757823111,45.679256096505725],[10.056928353610402,45.685429614442995],[10.059907028013638,45.74044004221317],[10.050735489065561,45.77678581823089],[10.066546898909255,45.800406566315424],[10.103341544210913,45.81859886697419],[10.141384981425585,45.86205342163607],[10.103359940073801,45.88314014517461],[10.087714205257427,45.92735443199365],[10.109057563566125,45.938930018859665],[10.120038077138666,45.96187900060453],[10.17106330145947,45.97558202136857],[10.169893737790838,45.98397034677904],[10.195743794644322,46.00892147312091],[10.252224221153003,46.01998388239031],[10.244711637692774,46.03104004348919],[10.226022501013503,46.030405974745634],[10.22283392610972,46.04318278053935],[10.202155847693385,46.041153635876505],[10.161984624136954,46.05209610507668],[10.177943891331768,46.08060747277645],[10.157583040679128,46.10594718029476],[10.165181475843404,46.13580853767874],[10.152112866854974,46.16033083988621],[10.17654828933512,46.18218560499635],[10.220116173397688,46.190364152611],[10.223345508918758,46.202577914549686],[10.277294881829487,46.21693234617984],[10.322941454088383,46.291021577617826],[10.366811889538036,46.29680981585017],[10.416103912465813,46.337924033051586],[10.465599355485939,46.35983880259234],[10.491166539387155,46.352205906126976],[10.501822451190082,46.33927897060025],[10.508412086690646,46.33923093748797],[10.517915664743086,46.349142781531526],[10.57230689213328,46.32893466053593],[10.571082113964149,46.31492298946868],[10.58776342706077,46.298533360128175],[10.569409869113668,46.28395017420719],[10.5813066830334,46.27845084129066],[10.59253443062084,46.247379299422676],[10.54899315960568,46.18908355780408],[10.573052033914564,46.16724065584497],[10.555704781264222,46.14528726776075],[10.555931225020329,46.116156653422856],[10.522221545045582,46.07723761645219],[10.487595872261203,46.05451239050981],[10.491383057588363,46.02255342860534],[10.464158809872604,46.007928167792365],[10.459400069841278,45.98958653950314],[10.459707987747597,45.979925977906134],[10.495445500784955,45.97258372379445],[10.491351902477879,45.94642587872313],[10.515042292898913,45.92502901337135],[10.514022073881346,45.90390732633321],[10.497580940273235,45.886821375069225],[10.508700135271926,45.87239848929663],[10.508863471092353,45.83316203115593],[10.554336209162724,45.82000277871249],[10.536043101355464,45.80657803259814],[10.541938637720621,45.803990222244835],[10.539796675799703,45.79160395338538],[10.55971606959498,45.78868683380681],[10.598580441711704,45.80727578533064],[10.637548539721735,45.81145950607112],[10.638533031199914,45.810707069867505],[10.650114262131618,45.83761778337098],[10.67420601840867,45.83514263659111],[10.69956290158367,45.84708751654172],[10.711868185297494,45.84109792317673],[10.736840261355649,45.8478744762153],[10.756006407952198,45.836174841557785],[10.774198737472961,45.8491607974555],[10.793438492754655,45.83790540605836],[10.826239337211385,45.84242652485561],[10.849255664997823,45.83464893814359],[10.710860460381573,45.67386319322508],[10.637568455907083,45.60810815651282],[10.654372361619165,45.44588218284407],[10.657311100422355,45.44621476053831],[10.650425451969317,45.419645893190236],[10.662673758727038,45.41185060674663],[10.647403987895801,45.38581594317186],[10.579879677486938,45.37656885650192],[10.544113710056472,45.38240191537183],[10.508408292276886,45.408056386869795],[10.468184920198032,45.41228499895265],[10.47467093073839,45.40736988574479],[10.457449443706444,45.38318595974402],[10.474209297152914,45.361097526168166],[10.478377537139671,45.32642758772039],[10.471706302202495,45.327612875348116],[10.473138086739773,45.32148146365361],[10.434215604131117,45.31685393065577]]]}},{"type":"Feature","bbox":[8.498337449907517,44.67994448804671,9.551365149999645,45.39383804139007],"properties":{"prov_name":"Pavia","prov_istat_code_num":18,"prov_acr":"PV","reg_name":"Lombardia","reg_istat_code":"03","reg_istat_code_num":3,"prov_istat_code":"018"},"geometry":{"type":"Polygon","coordinates":[[[8.509837425034325,45.24765423409639],[8.510694795824303,45.2646148156832],[8.50282490922776,45.26331035780296],[8.500360303968659,45.28307132995933],[8.478970324649765,45.284956549289674],[8.504646590030124,45.320521771964295],[8.522329865858628,45.324851543798495],[8.512192553142143,45.34543285329837],[8.550410268727484,45.373077767987446],[8.581247250570385,45.35703110578048],[8.616950633745516,45.36450130313338],[8.667140902652179,45.33025774815379],[8.67656225644487,45.3012480602767],[8.68718996862438,45.30138895031615],[8.704817103331331,45.30855429550141],[8.714954084401958,45.34706352372269],[8.73167597842829,45.343549678102065],[8.732088392330205,45.34564337420859],[8.745089376624227,45.35140003254453],[8.709327811896495,45.364606642679526],[8.704202097349828,45.38756243770236],[8.751264635782157,45.38577224133158],[8.756752186507674,45.40081573548096],[8.796797633002463,45.390001495172925],[8.803710574586683,45.39708576087882],[8.852901448988181,45.40443132742518],[8.861364902876815,45.37262568512713],[8.881088811516236,45.361305405890505],[8.879530948970798,45.34935147633467],[8.926186588752094,45.33839629849434],[8.921333963507804,45.32936550166189],[8.928192756830208,45.32558215774639],[8.95371503220992,45.32440227323563],[8.956796959271811,45.29549638643668],[8.984705782473645,45.27622049604009],[9.00228641874026,45.283883006048235],[9.000982577685615,45.2857246605454],[8.981066113400466,45.29111425170772],[8.978586502733881,45.33034186135454],[9.027677748379029,45.335681428766215],[9.046077798549044,45.30969647228614],[9.057597408617,45.31242535257016],[9.055214341667774,45.321989632295356],[9.104283173877754,45.327183996524944],[9.09455892020525,45.31418827931358],[9.131873081670467,45.320652412504664],[9.161203095769618,45.307176182562785],[9.169699041486917,45.30777602577784],[9.163792634767924,45.313959142403725],[9.185195804183314,45.32200215583963],[9.193284511054213,45.3501591784458],[9.21775386758124,45.33762926979697],[9.228236792782003,45.34525839683118],[9.2504608203485,45.33332256123098],[9.268424487834736,45.332884170574324],[9.277532996599911,45.341345324974455],[9.313924284928207,45.33630039191262],[9.352430157506593,45.3185297011707],[9.350278714401489,45.312568676315315],[9.363088648980023,45.31133001306761],[9.374707416415431,45.28268071715641],[9.344798862478434,45.28437034886297],[9.363003020108055,45.26361089404746],[9.343656629817062,45.262498199682504],[9.37999612135268,45.252082930133206],[9.387801423158503,45.24078743387753],[9.399753035661247,45.24311305173449],[9.410770846711781,45.21371226511143],[9.427114023690685,45.21812121901972],[9.430475692698392,45.20383888703937],[9.447138140061085,45.20400615336635],[9.4443786910322,45.19273441017669],[9.463653005290693,45.191880059742516],[9.484336269961338,45.17089220802282],[9.537424561357406,45.17472852976112],[9.556170335282394,45.15672586941226],[9.561931989948285,45.12994733786177],[9.549592728695071,45.11976828497887],[9.563276636070308,45.083718484373655],[9.52556671912155,45.06708995642372],[9.49330940417643,45.0939209379056],[9.449672351938714,45.08616276857444],[9.445674890263247,45.07253104585841],[9.416439204553752,45.073623416944976],[9.383893829316156,45.045445093885334],[9.388429804185764,45.01864381775137],[9.375229963955862,44.99629563986732],[9.35575567188017,44.98893683909815],[9.33200693497577,44.937669256338125],[9.301329637660652,44.92738955281505],[9.305208131333364,44.921031219199],[9.29335876933086,44.900025118937556],[9.30731007111793,44.89523626237783],[9.304605845809668,44.88715639228136],[9.309169840427362,44.88560734776364],[9.324168932995855,44.88981437494335],[9.35319739328777,44.87486684641442],[9.360259169225264,44.842898247563355],[9.377680975696977,44.822422040203946],[9.363020388001933,44.805071514566194],[9.332486926483725,44.79401502594046],[9.327753687684105,44.77806009557593],[9.299259338555432,44.76710611942108],[9.299127053332382,44.76317747922713],[9.349070492557768,44.73754145656889],[9.323379090780927,44.706209363793434],[9.343599006788242,44.68665325646469],[9.29869135071839,44.67119990313183],[9.282503382628775,44.67638169371731],[9.253103265626978,44.66885128049824],[9.24845446371087,44.67579529522011],[9.186063702755048,44.677979042855945],[9.200085746222049,44.7479628842509],[9.15890696294511,44.766993899014494],[9.160768632879087,44.792673115690654],[9.146493096177238,44.80296678543817],[9.103859434235586,44.795333215070286],[9.08936637309917,44.80955508496848],[9.059922456127124,44.807017898687114],[9.060357266519349,44.82502903319532],[9.032318908351536,44.85062058272242],[9.055293496276665,44.866796732775065],[9.047653002154338,44.87982290095778],[9.02546558753659,44.87952133729737],[8.989937710459092,44.9036339773229],[8.956154646377305,44.94201301266471],[8.964685179176067,44.965732102934965],[8.954592972322557,44.9773091770488],[8.920634188702298,44.97233417876056],[8.900063539991324,44.99056135449374],[8.888772669748661,45.00580095154842],[8.886561700178405,45.0433497485749],[8.87067728735398,45.04717151374786],[8.85474557930927,45.04383094746366],[8.85382010644095,45.03077085863908],[8.82526963774186,45.036974156034965],[8.816890388063955,45.03371274696992],[8.85109691712871,45.00937660510433],[8.787209039520635,45.01408081397386],[8.781159347473572,44.996850344999054],[8.733464701960868,45.00157797994589],[8.73596749647497,45.01248895889878],[8.71993754806291,45.01324847694853],[8.71899391977311,45.01418269054492],[8.720158960887371,45.01022426858207],[8.682521855797347,45.01933741080386],[8.648021023330736,45.00559268580864],[8.641253567812623,45.02881567420196],[8.616658657376819,45.03728828346593],[8.632223881410187,45.05478990672344],[8.621853291690794,45.067001756869054],[8.630094658723925,45.074987714703575],[8.596191213342918,45.10397711209321],[8.597875821539642,45.118978605755736],[8.57979173872072,45.127116284545636],[8.570428370357192,45.145332443810645],[8.544980561241005,45.15031537644526],[8.529824831252627,45.17147925292903],[8.53400757668744,45.18770689815224],[8.478606973611196,45.19644799174712],[8.52492250124555,45.207860552236085],[8.50473420322549,45.22207887855979],[8.521518687963797,45.23228161244981],[8.483705117940763,45.24658891388505],[8.509837425034325,45.24765423409639]],[[9.337310553484235,45.26213242579841],[9.33459020736616,45.26197551248265],[9.328754275096472,45.254316352052186],[9.340745394601672,45.25173525067146],[9.337310553484235,45.26213242579841]]]}},{"type":"Feature","bbox":[9.454408230805916,44.937178970937055,10.5968546980851,45.504477922567276],"properties":{"prov_name":"Cremona","prov_istat_code_num":19,"prov_acr":"CR","reg_name":"Lombardia","reg_istat_code":"03","reg_istat_code_num":3,"prov_istat_code":"019"},"geometry":{"type":"Polygon","coordinates":[[[9.555865897453158,45.46446902503075],[9.574229081841239,45.46441207429784],[9.58755638275706,45.48035130718142],[9.612673146231076,45.47948380224844],[9.62413116161041,45.459832445452314],[9.65453299043432,45.45794510229757],[9.665028387620113,45.44218368841735],[9.677843941916011,45.44473117468503],[9.704474409977596,45.48648959087442],[9.722052341501374,45.48627522381804],[9.768085671047384,45.45784134042988],[9.774419262052747,45.433506209070536],[9.80472858404784,45.427705145094514],[9.816587810643925,45.44478832615324],[9.79134493405043,45.457114956086905],[9.85030948510443,45.4562177352748],[9.86307610084231,45.436891420088486],[9.895803501603634,45.43043406113537],[9.889306116046903,45.35841170494924],[9.89867398871724,45.34504496678664],[9.924877419659207,45.34229840962664],[9.997485679058455,45.293888261361495],[10.03031202729668,45.28113192389177],[10.055688981325096,45.284201941172576],[10.087465972709353,45.27100476790793],[10.105804793739924,45.25081214935993],[10.176887169881333,45.24425937013944],[10.214309456644243,45.23121883083531],[10.215119631722482,45.24566320422896],[10.241949772096493,45.246975125495695],[10.246440533864899,45.25770288676925],[10.270169381786623,45.25451815492354],[10.288248074526543,45.231114193757705],[10.318965709963527,45.222733521076535],[10.316969641265212,45.18978353933389],[10.369358650906808,45.16443125970981],[10.383104117118659,45.14247106019932],[10.41526493930072,45.14105979781024],[10.41705663577923,45.14702826205595],[10.439742014902675,45.14016984586398],[10.45636863834513,45.152096391663974],[10.48326072762128,45.14776985950648],[10.501348248578063,45.13104182264185],[10.465784396529104,45.117661882892],[10.473815547129306,45.0918218249589],[10.42286723467837,45.08812912719338],[10.419469814044016,45.04737272315571],[10.443739501103884,45.05075909765289],[10.465152767372578,45.06381352762054],[10.487629992824994,45.0612384367011],[10.484941638480352,45.101194562581334],[10.501492106597095,45.07929442517646],[10.537783035713925,45.07860542377832],[10.545994739610435,45.053876728164376],[10.525181559564743,45.038646558100915],[10.515778856906373,45.01446264975985],[10.469346377912794,45.010898657808404],[10.462821981894178,44.98668261073659],[10.510058525642947,44.9877404716872],[10.553516459169316,45.01118390489641],[10.617799520134383,45.006672445788574],[10.535491600524338,44.977716317214025],[10.525917632557775,44.965588087655924],[10.511625840998184,44.96764029570116],[10.499730890484283,44.9436906202331],[10.477146623229423,44.94261225867312],[10.466100081775545,44.93226057640647],[10.429769918937948,44.941146720891936],[10.405198327509005,44.978293008699],[10.354848645462859,44.961406332051396],[10.303807319299503,44.98475513161874],[10.30021241698545,44.99470262981976],[10.271444085359162,44.99364678508988],[10.25183625749019,45.014587720223496],[10.210624832397373,45.02951787611388],[10.186256951927684,45.023555227366835],[10.157345313743953,45.039064028761906],[10.106666801397033,45.01747634285258],[10.084131941299317,45.02415111627222],[10.078018858799304,45.04161607107065],[10.045247732011715,45.03617341781534],[10.041409635476787,45.05725071324041],[10.015147778675656,45.07448539932151],[10.02217919271162,45.09526988530825],[9.987593621983248,45.127367409907556],[9.979934556738078,45.12903145432878],[9.938879300996048,45.10071251506041],[9.906953461670723,45.09379942970926],[9.920816025340413,45.125714047455894],[9.916537909995386,45.13246124802182],[9.890036223279829,45.126272601567734],[9.866776149970715,45.13841963040493],[9.865510279743997,45.15334026539554],[9.828861168672006,45.14436065648906],[9.822721806720649,45.15811148814693],[9.80742539404335,45.1543767522431],[9.781000829372728,45.16169047480446],[9.770333912427038,45.18307882600358],[9.73691030983511,45.174285560928205],[9.76949915408143,45.212469885285465],[9.761901214121586,45.217723720354094],[9.740635958754016,45.20872856239855],[9.736897627957724,45.22280509427888],[9.707533771495019,45.2273067731135],[9.719083367836008,45.24077554523712],[9.700288445240021,45.25294031128173],[9.692230537796618,45.2505319158847],[9.685820837599891,45.25828239182344],[9.671607182811151,45.24879293241645],[9.666688062978668,45.26570215045398],[9.656689304805445,45.27097937783259],[9.647114185829635,45.26739348117606],[9.625165234738555,45.28894291481542],[9.612025570758533,45.29000484222858],[9.583480306084164,45.35347116360336],[9.572537499902776,45.35932467796104],[9.568706154386506,45.33930580747014],[9.551543577339757,45.334732599659446],[9.503443107462774,45.345596210113946],[9.502286703765336,45.36115199272169],[9.493375939687152,45.35909464129338],[9.479428292632942,45.370388259759636],[9.458112729657524,45.3733722176038],[9.447789168495587,45.38655852467414],[9.481604754429522,45.43701683227631],[9.474483774295997,45.44326020960481],[9.488718873980602,45.483515236250255],[9.518490113436698,45.51064512849668],[9.550595246849792,45.48943008006847],[9.555865897453158,45.46446902503075]]]}},{"type":"Feature","bbox":[10.309278301309508,44.90831390243301,11.427672760612367,45.42771638609479],"properties":{"prov_name":"Mantova","prov_istat_code_num":20,"prov_acr":"MN","reg_name":"Lombardia","reg_istat_code":"03","reg_istat_code_num":3,"prov_istat_code":"020"},"geometry":{"type":"Polygon","coordinates":[[[10.464288291168652,45.33814610134058],[10.461835943638969,45.358501351436196],[10.443198811010689,45.38305440287706],[10.45940888799953,45.40582920729024],[10.43425681051274,45.42487525710041],[10.514456810628515,45.41645642942413],[10.550544822018832,45.39052683088922],[10.579236539380465,45.3858474416566],[10.596687110585835,45.39184134017029],[10.634458374472693,45.39028441127578],[10.661554865775136,45.4328096679316],[10.700719420243816,45.42706184031333],[10.721263444931205,45.419673284024284],[10.726094787327128,45.40523814286819],[10.705634280418646,45.38077138487676],[10.724370702183231,45.36727624100762],[10.69210142634543,45.35147136311363],[10.692757744904316,45.34526652987993],[10.722863847795715,45.33662132669049],[10.715121012076974,45.32060228838041],[10.73717327703133,45.320194693892184],[10.734863855450703,45.293660361828614],[10.736798265808373,45.29279516120663],[10.783205832131067,45.32159446209918],[10.845638619627135,45.27517366819158],[10.851781121878673,45.259969234111],[10.943389162388392,45.23596081017358],[10.941453196467396,45.21592408173253],[10.950110044178398,45.209803941934524],[10.987823366805268,45.20376127619165],[11.003508616549007,45.188269127337456],[11.00107876473987,45.154158527728676],[11.008414863546172,45.153366319177714],[11.031696782348877,45.16695832409453],[11.036874349514092,45.15454636291282],[11.06034035204671,45.155686689978765],[11.036734348275173,45.12426945597924],[11.075614319835381,45.10291711042804],[11.09253720203822,45.10051170581545],[11.097525988720925,45.12004168700957],[11.125103014045408,45.109224639545324],[11.14413435891732,45.13206301997136],[11.189264496465054,45.11436693224697],[11.227530796993745,45.119317021880185],[11.183616969390613,45.09506831056163],[11.183304403463103,45.091077366482494],[11.19884355254889,45.08514824745929],[11.181002091082744,45.07267637647745],[11.181377195659541,45.06412228361827],[11.214488962484326,45.06180514371756],[11.240412657568852,45.04847165254707],[11.273352003545252,45.06563485012732],[11.269460283461061,45.033865340347944],[11.278239566324544,45.02213033612486],[11.312061939531214,45.01637954187773],[11.341913034795462,44.99317181753569],[11.420814815270425,44.97022584027465],[11.437634356522867,44.943747062773355],[11.379060550472376,44.95321310571904],[11.3577733790048,44.945274006688734],[11.302049364324837,44.9575874576583],[11.289053683167351,44.95325235432816],[11.274740817640055,44.93161111768893],[11.247107846311732,44.94552552929436],[11.241240230139393,44.94094730112655],[11.150644410781187,44.928451869549505],[11.115017019954946,44.9504225922223],[11.076075672163222,44.95783934016364],[11.062465207867499,44.94410595900671],[10.998901686126324,44.95018747233666],[10.969982142530093,44.93056218934426],[10.954464770560646,44.92917821934022],[10.944717248036415,44.91711232034833],[10.918364922842759,44.91951021558177],[10.8722745348143,44.89927614134865],[10.884440386302822,44.914121024759254],[10.873933242755058,44.911784683778095],[10.862473273475205,44.92458807054758],[10.846943395206068,44.92213584676503],[10.73767255670267,44.94571912624606],[10.735525244339222,44.978589605438955],[10.72768611008877,44.98499926113986],[10.691634473072499,44.951778465436725],[10.68384791241733,44.975592331784966],[10.63197241342008,44.92054094015698],[10.570624021288566,44.90377754171283],[10.517740393958844,44.908416966145495],[10.4563989850367,44.93527134567928],[10.462077510262757,44.94659185806108],[10.490736923152351,44.951444262756986],[10.503713077511234,44.97757553569443],[10.519674562668593,44.97528510399362],[10.526765063104163,44.98426796129447],[10.574432374154176,45.00105189913004],[10.557055338445098,45.00226827365188],[10.514300698229885,44.97920292712469],[10.448073765480174,44.9777162054225],[10.459130254622004,45.01878946434599],[10.506290456448706,45.02241325183274],[10.514684244564878,45.04401025709248],[10.52788724774648,45.04816979680108],[10.527013371896803,45.070181469228224],[10.49913979507981,45.07070900024691],[10.5004587141855,45.051028377830065],[10.46849499344204,45.05469345937734],[10.441405147135963,45.040591608224574],[10.41213760018961,45.036273887841325],[10.405342511491643,45.045298887181644],[10.411505670099572,45.095974233294086],[10.459022491887104,45.09942369214953],[10.45193323923746,45.12221084985784],[10.482787373157715,45.13382412402144],[10.474549799909354,45.14105317825745],[10.461609976380714,45.142680899041146],[10.442534376324675,45.1300752556594],[10.425306931236937,45.13471121891982],[10.421390206647544,45.11641860976875],[10.408666637944803,45.132707406143446],[10.374998380292684,45.13418267952035],[10.359578529198117,45.158813469174945],[10.301879671670138,45.1903060843437],[10.310486230839413,45.20831847148243],[10.355131272487998,45.218629951913826],[10.355802262811604,45.25292537500819],[10.377705023247612,45.2460159228451],[10.390385759035338,45.25220144953421],[10.385036198450354,45.274698903305776],[10.404240469596981,45.29741265549538],[10.41924662744447,45.30010854297987],[10.422571616360198,45.32453226360719],[10.458619525326247,45.328822022987225],[10.456099343383036,45.339599499823386],[10.464288291168652,45.33814610134058]]]}},{"type":"Feature","bbox":[9.243306419629615,45.649703682319675,9.540951561350234,46.15741309194919],"properties":{"prov_name":"Lecco","prov_istat_code_num":97,"prov_acr":"LC","reg_name":"Lombardia","reg_istat_code":"03","reg_istat_code_num":3,"prov_istat_code":"097"},"geometry":{"type":"Polygon","coordinates":[[[9.315736544290871,45.89567889182109],[9.313384897766646,45.89760868107545],[9.306481880610308,45.889274379058975],[9.285348404166614,45.888527651823836],[9.261133143906154,45.92565259599794],[9.270849987161638,45.9389829871539],[9.268561314385027,45.94324137038485],[9.250472056214821,45.94675252656999],[9.253247255613912,45.96267132232107],[9.277212681638604,45.96975833769844],[9.27052401282147,45.9924533086561],[9.254656103884976,46.00753703964588],[9.255808650185074,46.027655931276364],[9.283397212658878,46.06084162305387],[9.292059062769447,46.1039982620048],[9.284638113563505,46.11710216013794],[9.360092365395078,46.162285957953415],[9.417102548587232,46.15357867471071],[9.421246224909716,46.097681265279235],[9.517735000466653,46.06484201796742],[9.509162557410857,46.04685414769188],[9.528208466223749,46.03341632514621],[9.534806170461502,46.00735996290024],[9.49565960169083,46.00722115074363],[9.494467590543946,46.00526322522786],[9.500311763992855,46.00338181648835],[9.508667014790392,45.97098844660939],[9.527273607522995,45.9684820730543],[9.547387110707335,45.950106777993376],[9.53294246071748,45.917055436273614],[9.513076021604881,45.897805112940254],[9.528960923077255,45.883551430027254],[9.518033279118457,45.881676412616194],[9.535270514320569,45.86834561733491],[9.47626559484033,45.853824639400315],[9.479359160536317,45.82635328311135],[9.505955062657755,45.79369385923705],[9.485646851116302,45.78929626904626],[9.478267227506002,45.77767823444725],[9.465951778533224,45.77907075759567],[9.480992960829726,45.76633790414362],[9.455030812950486,45.75841499073849],[9.464308002751391,45.74729879746089],[9.454076967595274,45.73113337907808],[9.466375458583698,45.70221113387577],[9.458474507270644,45.685882663012684],[9.486207331924593,45.669442649639386],[9.448238703695306,45.644462795727904],[9.41735552077337,45.65315926595493],[9.410811983151554,45.669114119363115],[9.36898380915973,45.64786274298123],[9.362902974704019,45.66062590973025],[9.343828680227476,45.66696196778351],[9.311139864986101,45.65446135378546],[9.28814743156814,45.689086922573736],[9.293163019150569,45.70887228687735],[9.281522629537827,45.727944620454096],[9.270990119565734,45.737786332043456],[9.234218544357999,45.73834339792236],[9.249012857775705,45.75166649832613],[9.236412437279371,45.76589771781287],[9.24540995379378,45.78800290700473],[9.2535119973946,45.7867193561627],[9.251199172657655,45.79426861544513],[9.280676478911857,45.811229878877974],[9.279772369627171,45.82600955250493],[9.315047252806927,45.846298274220544],[9.325239255842241,45.86439935083234],[9.307865903832825,45.88874296911852],[9.315736544290871,45.89567889182109]]]}},{"type":"Feature","bbox":[9.310391407381077,45.052590603019226,9.901106547342684,45.46971068681036],"properties":{"prov_name":"Lodi","prov_istat_code_num":98,"prov_acr":"LO","reg_name":"Lombardia","reg_istat_code":"03","reg_istat_code_num":3,"prov_istat_code":"098"},"geometry":{"type":"Polygon","coordinates":[[[9.370559255458364,45.314398580716826],[9.382451405246844,45.317398647587524],[9.346798085232175,45.344458149016155],[9.355216422016959,45.3481247292841],[9.34489310016242,45.37163670590451],[9.370833900742086,45.3729051874998],[9.366613930954323,45.38743740354618],[9.383341518842906,45.40510526711382],[9.402247371324192,45.39718004440496],[9.418760130224765,45.42138443561153],[9.404288707766034,45.433353335619124],[9.411963820474677,45.45349262981498],[9.435123469052815,45.47442264743185],[9.46301886295915,45.47075327916735],[9.470872583326111,45.45396477875291],[9.488377133984999,45.45269148929228],[9.495277233091798,45.438866220861314],[9.463448460993192,45.39321616492664],[9.46709113172464,45.38075228492795],[9.485767820509647,45.37813670893446],[9.497192042287335,45.368886636673395],[9.5134314998654,45.37263405264738],[9.514969717441994,45.35188842778218],[9.551223515864951,45.34369947980068],[9.558269389720262,45.34557709164512],[9.568745751661282,45.37330146502129],[9.596072554840324,45.35674345429643],[9.607092804506495,45.3176091876785],[9.62050574935933,45.297846842905],[9.631776615733433,45.296935267841526],[9.65072813590323,45.278329409592416],[9.657779719705617,45.28096952340905],[9.67968388383316,45.269408006885676],[9.675564924255513,45.26348346769305],[9.677081314238562,45.26259569734385],[9.687806005837919,45.27264010108907],[9.697247086238082,45.26122564513053],[9.723652395305747,45.26911168389259],[9.727509035157151,45.25328013051003],[9.719668333693287,45.25187299337951],[9.734406127044117,45.242329829181784],[9.726464722295807,45.23307407001361],[9.747175188920508,45.22989639569938],[9.749212361017916,45.22222190491874],[9.76366995627012,45.22833511088255],[9.78463518158088,45.21383645940202],[9.764849582086379,45.19067209183521],[9.777549148345502,45.1940099142904],[9.790431151813763,45.168175507681504],[9.8076847128243,45.16339989416478],[9.83040633093251,45.16894556948146],[9.836539574143215,45.155206532421],[9.876480597776716,45.164986717697374],[9.878350769163463,45.142893635107605],[9.90034771613781,45.131403803617886],[9.883228580168042,45.119214192112004],[9.90728416580951,45.0963039179859],[9.898594624816937,45.07486614084346],[9.877073010427656,45.07008166613937],[9.858080602018127,45.08952546420137],[9.843745826272837,45.090819014622234],[9.838952051352866,45.05793272665932],[9.814277742442776,45.04601484336902],[9.807840807648144,45.074907218408235],[9.784275790470286,45.08089342276976],[9.762563263351396,45.10387097548802],[9.754998672121056,45.1063844168476],[9.756540637450367,45.077026545978335],[9.713868092290504,45.05298128071891],[9.674213800156323,45.07366374071779],[9.625218268757306,45.08317460314961],[9.634519117527175,45.11587322756959],[9.624213607321147,45.12850375264113],[9.62240871950903,45.12856722198782],[9.606571226434161,45.10090202204455],[9.587080537623905,45.09480475882676],[9.563908935978331,45.10428071834334],[9.51199277178651,45.18256955407502],[9.49663946559901,45.18177184456534],[9.470231402411303,45.19612543312293],[9.424657168242804,45.17698855968091],[9.423313069088323,45.191276773462455],[9.415499659285866,45.187223881743066],[9.41248127835086,45.200037040680066],[9.398071404604755,45.196146224042344],[9.386563323346703,45.22684462338194],[9.377847361505014,45.22514708911276],[9.366387342276886,45.24172921933736],[9.36286534490298,45.242739054325014],[9.366267068922843,45.232423087250396],[9.301514582430643,45.2463641358361],[9.322988455905094,45.274562448702945],[9.331027592774653,45.27502673549082],[9.309442421985892,45.29961161538884],[9.349332202106329,45.297370323268055],[9.348506824288206,45.299403499833886],[9.327502120561695,45.30143121406743],[9.330633575302517,45.31393199297293],[9.355631433507417,45.32658825897028],[9.370559255458364,45.314398580716826]]]}},{"type":"Feature","bbox":[9.051213776584076,45.53664834673984,9.495852113415872,45.74273250302638],"properties":{"prov_name":"Monza e della Brianza","prov_istat_code_num":108,"prov_acr":"MB","reg_name":"Lombardia","reg_istat_code":"03","reg_istat_code_num":3,"prov_istat_code":"108"},"geometry":{"type":"Polygon","coordinates":[[[9.407642952233019,45.569881827143746],[9.39953176581507,45.55867417572957],[9.3614998315132,45.549656108653124],[9.332342629581378,45.55581558786842],[9.331583549506314,45.536503990026006],[9.304465110451568,45.53206794501885],[9.2688890280728,45.54308464349162],[9.266738634483495,45.55127398359842],[9.231299406234415,45.54591450319814],[9.246965541481401,45.55706326203689],[9.242934032913707,45.55985417306505],[9.212430106533619,45.56650928393465],[9.214815502480297,45.572075900961686],[9.190517261516332,45.57211976724044],[9.174748463233962,45.58659250141574],[9.145576693008596,45.57925077892655],[9.08964177151196,45.58404500958815],[9.087894729504137,45.61038712994622],[9.099749254229291,45.611250175460654],[9.100884238952812,45.618507615707635],[9.043049961510429,45.619798725792826],[9.055818412467112,45.64113140069299],[9.044880396026851,45.659616394864976],[9.056706589918905,45.66353522586257],[9.061588449234106,45.68938830238274],[9.085499584925277,45.68981866180668],[9.101784111893767,45.70225361760008],[9.123792351862257,45.694622272151165],[9.141487988278529,45.700080478315414],[9.181379746907652,45.66868591806554],[9.188873103522612,45.67081405979581],[9.198582139236562,45.712301887898306],[9.226697030210406,45.72080886551326],[9.241853118803302,45.747170604131846],[9.277964602783987,45.74653604674244],[9.306042222305985,45.71079800245836],[9.30124462799353,45.690326478894264],[9.316895740084776,45.66675214337538],[9.34343237958018,45.676897108531186],[9.37314932168547,45.667025653764625],[9.375492685168972,45.66210633528528],[9.417962493834324,45.6836737618476],[9.427760214728444,45.65977905621606],[9.445484153527891,45.654788194150434],[9.475826049040917,45.6747508784618],[9.49262292343019,45.66734517139282],[9.502354497763484,45.63932795682975],[9.482625450723539,45.60501814500629],[9.490978543093153,45.59359251502573],[9.449749414808693,45.58817191963596],[9.447900904851252,45.582477813741576],[9.407642952233019,45.569881827143746]]]}},{"type":"Feature","bbox":[10.386105190810296,46.219772403066244,12.477704031274008,47.09178374646217],"properties":{"prov_name":"Bolzano/Bozen","prov_istat_code_num":21,"prov_acr":"BZ","reg_name":"Trentino-Alto Adige/Südtirol","reg_istat_code":"04","reg_istat_code_num":4,"prov_istat_code":"021"},"geometry":{"type":"Polygon","coordinates":[[[11.179997393248964,46.255153052200946],[11.163704704814718,46.25817487625657],[11.128139158403721,46.28476954761903],[11.158280447537594,46.294591011049114],[11.196406950152205,46.3422652323777],[11.183536257783764,46.36116580793977],[11.199730476524907,46.36965456139792],[11.208623634519718,46.40641752600205],[11.198273345169083,46.42671354512416],[11.213779193354945,46.462219476429354],[11.2041854892584,46.49182098876264],[11.18743953518397,46.50246265053758],[11.163741753591594,46.48486685803677],[11.12746957126468,46.47641670237071],[11.107585896121469,46.493621343096684],[11.083940756902994,46.49830978926391],[11.076103404088425,46.52439143146167],[11.043939863716815,46.512236766988664],[11.068004083512944,46.488008037021515],[11.083803488911403,46.43418533701255],[11.053577172903909,46.44487062344562],[11.040057762921508,46.44138774035633],[11.002064322499166,46.47300439033388],[10.976576792644606,46.479116880456175],[10.942780545723696,46.464269753948756],[10.937860004948657,46.45089005767742],[10.914080521748078,46.43902845960352],[10.885260209982519,46.44604270658483],[10.863487585590033,46.43137876779725],[10.796322142351299,46.43891139367545],[10.76141625167195,46.481297119258976],[10.747929060516523,46.48055792653392],[10.720640231387998,46.457994809565086],[10.686554060678331,46.447180191364566],[10.638858815561626,46.44156688393066],[10.618169660903291,46.44385907534283],[10.5965590653778,46.464820091356614],[10.573640570306091,46.46942172621827],[10.549022281905316,46.487150739589495],[10.472924259997209,46.49123232385262],[10.451853292787066,46.50868887728693],[10.44627828575857,46.53381825900012],[10.466669633303997,46.54591914317496],[10.48524146600507,46.6133395013054],[10.444046555762112,46.63643993948962],[10.396737171535529,46.632111231947654],[10.379175735008014,46.68096007919341],[10.409997098411974,46.714414434228765],[10.39245323150153,46.73547627648534],[10.435616581345668,46.75523309354583],[10.435460969466963,46.769846884167755],[10.416149245967048,46.78952210425735],[10.445188762646213,46.80733404503827],[10.4640120380175,46.85783735314481],[10.480963415943048,46.86408004471762],[10.50117891470179,46.85205970280082],[10.56001531636134,46.85455156250599],[10.55856798440947,46.846527933178805],[10.668516755227037,46.88095767816968],[10.704184999270721,46.86471927116419],[10.700972889072064,46.85424312135842],[10.726061571710245,46.84152482616623],[10.758635199242478,46.83653095670225],[10.771051822335009,46.82328045289533],[10.75028598694381,46.80092634927112],[10.733882377049449,46.79541675329573],[10.735464253270928,46.79190431178356],[10.756022807547595,46.789832236840944],[10.790476138069842,46.80004812084612],[10.816050204016008,46.780575329963746],[10.841545074670291,46.7865955959145],[10.883780761347177,46.76812612875213],[10.922371232381632,46.77951674780651],[10.992813492396914,46.771664026516405],[11.015657058186038,46.77729261119912],[11.019396167477225,46.774264475309764],[11.034358064168003,46.808072892391664],[11.075901723881776,46.82438259414904],[11.064485162459983,46.85345227339644],[11.094769062179058,46.890657283130146],[11.088652325272177,46.91488795300394],[11.103549118360315,46.91944693472656],[11.110392531114776,46.9361783622954],[11.137994240042842,46.932381672579645],[11.158647950117004,46.942920345489014],[11.157858821107823,46.972074306425135],[11.175545926418497,46.967445916014874],[11.19609660346921,46.975617874481735],[11.20832571753207,46.967760696669565],[11.31974170223426,46.997313411674234],[11.336105343702963,46.99130800969219],[11.360000384976264,46.995217221385154],[11.402154428214617,46.970377477623536],[11.437972443625688,46.980166321928245],[11.476742461183365,47.01600395956688],[11.516247000046922,47.00859498005388],[11.5398164155088,46.9895767150021],[11.62809040763067,47.01776717260168],[11.666318557071511,46.9970968442849],[11.715028704554033,46.99750468563291],[11.732290662498665,46.97615329301274],[11.745252324914325,46.973841697462454],[11.779075128064092,46.99646769150783],[11.834019958316617,46.997313951855155],[11.913036841670252,47.03689120561487],[11.964626284475193,47.04459819738994],[11.975258996156207,47.05444346898008],[12.017811232210203,47.05139540543112],[12.040697655344934,47.065837699619294],[12.067479236502647,47.06451610054061],[12.091198763495886,47.08130334311354],[12.120661391203,47.07913897980787],[12.185578162375785,47.09639096657878],[12.230054657836016,47.08633729123011],[12.24942258782856,47.06648741965638],[12.222331685916679,47.05559046107151],[12.209898774319159,47.0237405483495],[12.14985161361754,47.01995939107259],[12.128774807459946,47.00567074363135],[12.143443216142249,46.98358486643829],[12.138490577213329,46.964456964729436],[12.17662522143413,46.938412692054975],[12.154819289031147,46.916788951955624],[12.194462481176624,46.910088595329334],[12.217806295603596,46.88110483187595],[12.240425910250732,46.89610318353696],[12.280075527079363,46.88777667607207],[12.281730691920146,46.87534789672861],[12.298033246235555,46.86765379935742],[12.302003369954699,46.846788339780865],[12.316885254100393,46.843317163240734],[12.28998002328674,46.81481413070269],[12.300246464276727,46.80214639608192],[12.28760360887337,46.790444115903746],[12.288659638046573,46.787728176084386],[12.310223363904745,46.78929495175614],[12.362564284116749,46.778225775676916],[12.38919892666631,46.719335543051734],[12.445124074011787,46.692481487028],[12.479395591287318,46.69084856061278],[12.485542886989949,46.677163093542184],[12.438227780786777,46.664569748136074],[12.408932352435192,46.63878333217152],[12.38749991214699,46.63854366740877],[12.39266728264896,46.61923636322572],[12.358297153830957,46.61471502250632],[12.338359914453887,46.62633988117443],[12.2828058269463,46.61296169095529],[12.26124622526984,46.62363805305509],[12.185041683285354,46.5854480515819],[12.187657032640795,46.61750459391478],[12.168797195040442,46.62964811173519],[12.142932379359982,46.62961670433619],[12.076622095355123,46.66499961508079],[12.080894663736347,46.64169836791325],[12.05195945052593,46.6068393465653],[12.053206595779525,46.58348732586304],[11.998248822404298,46.52443765290573],[11.98402248197251,46.540741913163345],[11.967729812142961,46.54026901397184],[11.954928250672415,46.53607187315046],[11.95013346777577,46.524425201577756],[11.912698280780864,46.5283730093026],[11.825231694477672,46.503202343416156],[11.809263578196719,46.5254388878814],[11.77769006020897,46.50507338674357],[11.742792449213253,46.500306170078424],[11.715890456435764,46.50892535239106],[11.667878949530973,46.49292050482682],[11.648381110035286,46.49489406575056],[11.657319599216827,46.483371565316055],[11.649201513826595,46.46873660103399],[11.630744853625574,46.46712825383705],[11.625696194471676,46.42429005565074],[11.606765521904627,46.38626911739119],[11.569438723563433,46.37750890170861],[11.563170440662736,46.34832675030654],[11.545308244763582,46.34011667423028],[11.523193973050374,46.351822611285165],[11.48552328455609,46.35795741411336],[11.486958009701553,46.353744046457734],[11.467283512539328,46.34679905744738],[11.459433327997258,46.33106590582216],[11.408468127776466,46.32117032455688],[11.389356876339761,46.29862413650601],[11.378500317257766,46.29733783190777],[11.38630677405525,46.29430504370606],[11.407491089546653,46.26016397775098],[11.354905856906402,46.261296516292106],[11.332315230197324,46.29026781903584],[11.318454152554521,46.2803163651514],[11.322901119966824,46.273149862390454],[11.309043949456957,46.25351278828365],[11.292691659579571,46.256583218776775],[11.252606410241745,46.22907355579684],[11.206029231065333,46.21478217853472],[11.16691764240519,46.230645493444875],[11.178531769757003,46.25481622034549],[11.179997393248964,46.255153052200946]]]}},{"type":"Feature","bbox":[10.452131419215545,45.67306257515287,11.962678629355665,46.53276429012237],"properties":{"prov_name":"Trento","prov_istat_code_num":22,"prov_acr":"TN","reg_name":"Trentino-Alto Adige/Südtirol","reg_istat_code":"04","reg_istat_code_num":4,"prov_istat_code":"022"},"geometry":{"type":"Polygon","coordinates":[[[10.96192900026632,45.68017125306587],[10.937157853060262,45.667786186318565],[10.904420903412092,45.68694127028991],[10.911062697747688,45.69892690228316],[10.887253971282169,45.710764559186174],[10.835155910636423,45.71476879254092],[10.861534809362695,45.76690122147461],[10.87665709467486,45.77563299094128],[10.86561526724484,45.78823841120657],[10.879461764663471,45.80986002894143],[10.824217521164135,45.83303592232511],[10.790170809147059,45.82834134493933],[10.773549020695876,45.83690638748885],[10.756932500539962,45.823753420078326],[10.734271092957925,45.83758933459544],[10.710160963197787,45.83104485605966],[10.699448329945989,45.83626012070792],[10.677236136179117,45.82579503213639],[10.659149445699272,45.82765461282006],[10.644274813189318,45.79309393105692],[10.632755234378923,45.80190058530329],[10.603454763135428,45.798754273217774],[10.564988854521843,45.77938083395567],[10.525717623562226,45.784426578035706],[10.528307519673499,45.79942721562776],[10.515743696193296,45.80493959674024],[10.5322862843803,45.81616523795719],[10.496498133178823,45.826763686658616],[10.495956324494207,45.86993334435331],[10.483226754355377,45.88378215652332],[10.489462961511409,45.902620526297106],[10.50143233280561,45.90786736041846],[10.50211684410905,45.92210802145992],[10.478083875607984,45.94380776099897],[10.48162644580111,45.96648313982743],[10.445177719865617,45.976845327042525],[10.451565419761932,46.01186793473411],[10.477699939470893,46.02642381190697],[10.470430125933763,46.05275459778514],[10.51208065696329,46.0828180650827],[10.543088476461097,46.11862707959667],[10.542856655476733,46.14756320708817],[10.557764563162298,46.166437477734654],[10.533695698276997,46.1882807240412],[10.563737660812208,46.22411371427782],[10.56139911846695,46.235360849765776],[10.578658303642694,46.24681414212229],[10.569985580436155,46.27295108316921],[10.550066993144714,46.282155080091094],[10.57141002566921,46.29912186074807],[10.557962056758758,46.31232952994338],[10.558947784758985,46.32363938588187],[10.508402276626596,46.340726979980055],[10.514281833910589,46.360324101121876],[10.53799849053022,46.35976854622813],[10.563821254607706,46.382284916224066],[10.603884889151926,46.38364571700963],[10.623256936544264,46.40316339330491],[10.609568023620161,46.4284062753406],[10.616426678987253,46.45211280424983],[10.682990916801792,46.455853929046015],[10.71265244075459,46.46526519264325],[10.74207307210006,46.489333085941226],[10.768558242345478,46.49059944379223],[10.804682956399127,46.44697428201796],[10.85915346794751,46.44089265352252],[10.882044136407664,46.45630817628411],[10.911495634729025,46.44883396595284],[10.926549528266113,46.45624634676883],[10.9315679291756,46.46989901218105],[10.97491772262183,46.488943886757234],[11.00966198250408,46.48061173972658],[11.044113626897516,46.451942938963384],[11.054717446482671,46.45467387202732],[11.064087313942268,46.45058220430506],[11.055844578417103,46.484524103626136],[11.025195802709026,46.515369138323805],[11.08733137527131,46.538230020647255],[11.095146003700416,46.50535769940372],[11.115075034370347,46.501404786666576],[11.131892845557967,46.48685312540174],[11.1565407470974,46.49259456484776],[11.18676182364792,46.51503185175695],[11.216145307349546,46.49608181521007],[11.227054435047673,46.45999897417643],[11.211781081409674,46.426685420447846],[11.22168658488216,46.404733514552476],[11.211537711415511,46.36468887603974],[11.199563890562448,46.358296047786176],[11.210769924417454,46.34165589319989],[11.167480142559953,46.2877411856626],[11.149504425761421,46.28188640753449],[11.170577200592268,46.26612382030603],[11.224807776480798,46.25605247402667],[11.188654826216409,46.24775352765333],[11.182375841165332,46.23469286398462],[11.206830075858782,46.22477330286525],[11.245275703642466,46.23656905608848],[11.288920891569818,46.26652115895579],[11.302181015698023,46.264032523004616],[11.308786172092757,46.27339498425943],[11.303290158377303,46.28224726802146],[11.335255689355318,46.30519662207138],[11.362664729433988,46.270047944580305],[11.387733832677277,46.26950951685124],[11.376252481597263,46.288002723397035],[11.340524879921249,46.30187263948267],[11.381317949915225,46.306714301931244],[11.400025009747557,46.328785709851736],[11.449498646522102,46.33839485608764],[11.456840818185244,46.353114184010785],[11.472136789622667,46.35851525417273],[11.468249932377878,46.369917476806044],[11.528794570874823,46.36006292006773],[11.545825344134355,46.35104875888287],[11.55130926460468,46.35356937334338],[11.557883950666717,46.38420611344819],[11.596670063391024,46.39331195264716],[11.613009661500787,46.42614179301284],[11.61876480967221,46.475065796748886],[11.63994329460318,46.47691316212035],[11.642972222105442,46.482375718351754],[11.61920086408779,46.5044639354406],[11.6656091407827,46.50205981836554],[11.715772674475005,46.518779626693856],[11.74439485466628,46.50961074340776],[11.771609681889942,46.51332839118462],[11.813567434910116,46.53997223791109],[11.836160583592665,46.50795426230047],[11.821707004157005,46.498293265716036],[11.820014674794223,46.48196663626773],[11.88220844257613,46.475785948835444],[11.896510256825668,46.441019327610476],[11.872846298179276,46.4286504618172],[11.85513959620524,46.429489337869],[11.83856758443369,46.386837286268744],[11.843779160753229,46.35423161940466],[11.822140204417167,46.36901978430052],[11.818257978180977,46.363275958690934],[11.794366809165636,46.36335015384228],[11.784799798498643,46.358202507807256],[11.808667099510597,46.345077506967755],[11.809093535871712,46.336282231478414],[11.83693589267939,46.328535532722526],[11.848406209790804,46.3060504308092],[11.833512566888418,46.285095746560586],[11.841205709330916,46.27553010903517],[11.890285064442711,46.28434640929999],[11.897482931372426,46.2565756482351],[11.939226064939117,46.25230363270857],[11.917280722598695,46.22488862287854],[11.942283484025326,46.203393985653875],[11.971155425426206,46.204436108968544],[11.955240655728216,46.1644551116372],[11.933590388970678,46.169833804048],[11.927789815820487,46.14746461215542],[11.891406971707674,46.114863456388136],[11.814179159730225,46.09769409885601],[11.775631683311003,46.101913171523236],[11.757533321059087,46.08809771872791],[11.74725769012492,46.10046770934283],[11.721312204154142,46.09903484609157],[11.705933272431215,46.08548431957625],[11.691939736978624,46.08785357573591],[11.692831247347492,46.067459706685504],[11.718691912372384,46.04150612988135],[11.681427003114626,46.04157893152167],[11.676079023341009,46.03794442324688],[11.69103041916037,46.02870873598923],[11.67455331611456,46.01645630725988],[11.696650852316463,45.98968121316807],[11.691652450278074,45.96646142594526],[11.67524267618869,45.96002223221178],[11.619216933842809,45.95546399662616],[11.623057304646302,45.96639742299851],[11.620278933032044,45.967017313949654],[11.582441076861894,45.9641113159448],[11.571844599465342,46.00247282018083],[11.511815308358418,46.00741536339995],[11.471972086781378,45.993925961645154],[11.449513292198294,45.97632714484286],[11.380980775516607,45.978778854769544],[11.387995463329007,45.937882316340314],[11.364613813617362,45.93891469831633],[11.36439798458942,45.922466408698],[11.352540971327628,45.91850606393089],[11.358881822035102,45.90159156602466],[11.319800583090545,45.91400502992977],[11.313169687004269,45.92132828533862],[11.306308849208405,45.91333933658307],[11.26565808168591,45.915764104549545],[11.26711024855255,45.90788581827212],[11.255930510528255,45.898174843129304],[11.26292316120269,45.881022944502874],[11.251201497231724,45.87850419939405],[11.245105405276753,45.85315960025753],[11.227801886829804,45.84620264878625],[11.22510590405114,45.83052120832203],[11.196147624068447,45.812196671832126],[11.212044904772725,45.77780754952575],[11.180458097811314,45.78137279299648],[11.184984660915656,45.73624079422682],[11.151587512045602,45.714557557328654],[11.144067607150655,45.694121587979545],[11.117576051866616,45.68124030737841],[11.11581415820613,45.69100568909176],[11.090684538946764,45.69066385123374],[11.069572486513971,45.69965780128593],[11.056191292410132,45.7114901670844],[11.044359115313037,45.701924121204904],[11.011626924499785,45.70114627697608],[11.00924255725727,45.70745076202169],[10.991098656027887,45.68568952088793],[10.960258408384007,45.67081873495785],[10.96192900026632,45.68017125306587]]]}},{"type":"Feature","bbox":[10.623645962452686,45.05279873301486,11.4911110725656,45.83275599772702],"properties":{"prov_name":"Verona","prov_istat_code_num":23,"prov_acr":"VR","reg_name":"Veneto","reg_istat_code":"05","reg_istat_code_num":5,"prov_istat_code":"023"},"geometry":{"type":"Polygon","coordinates":[[[11.12752536998501,45.69691562083003],[11.142375844346313,45.70413391281289],[11.148297182482905,45.6879423644057],[11.162102699628935,45.68992804402763],[11.156173687031993,45.65481825329524],[11.164412546530428,45.64209078817821],[11.18457011136291,45.623494416912585],[11.219610877694059,45.63096172055348],[11.224000426039293,45.60736295897991],[11.239917174737553,45.604281169647315],[11.250639001031105,45.588325686599546],[11.257529481266614,45.544284926691184],[11.285793019151162,45.52468468328261],[11.28597377081066,45.51290985060551],[11.32965016751198,45.496850265634876],[11.335570429593881,45.462888406575374],[11.327872886282004,45.45537109250375],[11.337308394337832,45.44420426400919],[11.325600075864969,45.43261525826908],[11.326076771292932,45.43204526485779],[11.340461945151652,45.43635118324019],[11.353980094461221,45.392155617971405],[11.340194447699833,45.39358535651383],[11.33847685849334,45.38890810088931],[11.359497057682399,45.37338232472421],[11.360408512477054,45.35721036787939],[11.396529940214483,45.352082115356325],[11.459440372532919,45.32664306444613],[11.44170918342841,45.309045735605686],[11.49859150350903,45.2846426082798],[11.484682137784239,45.25361512475444],[11.451681611866356,45.256734899927785],[11.426494563794197,45.24822595754614],[11.403195788062789,45.25935210998662],[11.400588511860876,45.257820231545864],[11.412932723776317,45.243813336434606],[11.406110623177515,45.22540901195517],[11.415160544353956,45.176337802319686],[11.435784335258562,45.1507210886755],[11.418113403894225,45.12297248915213],[11.447775301320744,45.09905680495698],[11.452321025881558,45.079963074066676],[11.44081942484382,45.06379835630101],[11.424526663669548,45.063225263868325],[11.403975963057595,45.04804933957694],[11.355977252738503,45.05334648401152],[11.349838686344265,45.067357447110474],[11.303867304132874,45.08778691115064],[11.245976706005656,45.08801049651111],[11.222946432913199,45.077931223961095],[11.201820616133777,45.09307781956806],[11.198394694473096,45.106494007556854],[11.18712409777571,45.10503401540516],[11.14873292322829,45.120091210977584],[11.129698812641172,45.09724743156006],[11.106746750448936,45.10625442925127],[11.10259219866678,45.08999784605301],[11.070278987595492,45.094592366524545],[11.020683532003368,45.12182431740358],[11.038612184167496,45.145702424981245],[11.027702459754623,45.14517055786383],[11.025044962539498,45.151540326819855],[11.012068468672581,45.14396256066271],[10.987976276502614,45.146563521240246],[10.99074829820482,45.185609802755806],[10.98040916729828,45.195819831025766],[10.943814589119604,45.201681616400926],[10.928530798943282,45.21248525689784],[10.930211503378032,45.22992449011833],[10.841451015414297,45.25317821689378],[10.834400979476628,45.270621747707516],[10.782425889678283,45.30926689433793],[10.738031387628435,45.28171092586436],[10.721852053786012,45.28894724786078],[10.723812133160308,45.31153295905916],[10.697671628008019,45.312012366826515],[10.707101780000391,45.33153844332836],[10.680786748626993,45.33909180321291],[10.679006047942075,45.35589057696006],[10.70491043250747,45.3685832051797],[10.689230382344721,45.37987161997837],[10.711186081572016,45.39819531709044],[10.709794029848135,45.41329858587594],[10.66798541425197,45.422459718085356],[10.657493290791905,45.41069439529262],[10.636684429148673,45.41455144946355],[10.641757642442371,45.43541347234567],[10.623596559442358,45.43335363895473],[10.61477141005178,45.446431042426994],[10.64100721344418,45.4517915144693],[10.621967638134064,45.6033279487149],[10.700334403207684,45.6788769634788],[10.83807636184509,45.83894065772314],[10.895619372220763,45.81333534199759],[10.879951492259012,45.7888835150771],[10.893263026373367,45.77367994807301],[10.872317063642333,45.76158914943642],[10.852476164320667,45.722401183567456],[10.891894580324974,45.71936783231103],[10.926471483953387,45.70217334331743],[10.919545092460426,45.6896821558755],[10.937760324976729,45.67902319130657],[10.95691979089798,45.68860132807675],[10.97902571407632,45.72355205550265],[10.98235321357781,45.722899680299435],[10.97635186074679,45.68938644677368],[10.981815980873487,45.69202029699628],[11.023948769709515,45.73409838413155],[11.022982865999495,45.71033074669317],[11.038406020649674,45.710696800457164],[11.05590282117448,45.72484074070681],[11.094816410256925,45.69963047756352],[11.126957591768942,45.7000652920593],[11.12752536998501,45.69691562083003]]]}},{"type":"Feature","bbox":[11.135850113477865,45.25532709803446,11.83396682927832,46.013303872095015],"properties":{"prov_name":"Vicenza","prov_istat_code_num":24,"prov_acr":"VI","reg_name":"Veneto","reg_istat_code":"05","reg_istat_code_num":5,"prov_istat_code":"024"},"geometry":{"type":"Polygon","coordinates":[[[11.619687671213198,45.31359008581835],[11.59356368140715,45.30934571433973],[11.586603580045908,45.28693912750912],[11.587568707807911,45.27565798527567],[11.641587683133892,45.25404778125349],[11.52550460133114,45.254241017767804],[11.480552074894957,45.26257636702931],[11.481836126623092,45.28278200696148],[11.423549000230262,45.30630693099121],[11.441179752186379,45.32381430800505],[11.392078146369384,45.343664643901285],[11.34826472486042,45.349882274314815],[11.347148956280607,45.36960321990179],[11.323776750196558,45.38587407925334],[11.331026024360877,45.40350297028701],[11.338237859830128,45.40275602393842],[11.333296051623218,45.42254772416699],[11.3312648246007,45.4256279288682],[11.322135632713684,45.41931481872325],[11.31062537965106,45.43307555264007],[11.322307456652869,45.44464327219633],[11.3128403838689,45.45584241913536],[11.322488853465883,45.465268369035066],[11.31797275642295,45.49114203251612],[11.273473209042342,45.507499584934564],[11.273263951196078,45.52093236099066],[11.245505910048767,45.540177275562634],[11.238345472784216,45.58588059278222],[11.231001113266705,45.59680709414206],[11.212589709718019,45.60037048432482],[11.209039684173101,45.619438063692094],[11.17985683651902,45.61321551024149],[11.153523290822788,45.6375077834584],[11.143229307586472,45.653404418269744],[11.147505913206176,45.678770772670795],[11.139445156604655,45.67761020741508],[11.129173667201963,45.69950150713908],[11.140579687816908,45.71951899274192],[11.171928236234562,45.739876977303325],[11.166694527059605,45.79192531671664],[11.193603100735427,45.78889290046201],[11.181553312354705,45.81493686838974],[11.213081477626158,45.834893298963394],[11.215966542058428,45.85169460993548],[11.233588132500735,45.85878124163127],[11.23728933409453,45.87418426900763],[11.216030365662522,45.88023865185816],[11.247300580398356,45.886965641015685],[11.241913605831403,45.90016853729829],[11.253820565114001,45.91051453007818],[11.251044584577023,45.92555181782788],[11.29949427141026,45.92266726985104],[11.312878922485488,45.938250401668434],[11.328498354769494,45.92100185176948],[11.339822892018333,45.91740624297505],[11.337587702239261,45.923362262289146],[11.351766153919069,45.92809975491369],[11.352027553794732,45.9483737470605],[11.373559776995668,45.947425929066696],[11.366555933698383,45.98818840020665],[11.444071663842513,45.98542302231581],[11.464149897811511,46.00115670328638],[11.50960161171496,46.01654512702269],[11.58257311737422,46.01053497908628],[11.592702571949166,45.97384335888929],[11.621564266128786,45.97605797992847],[11.638240633503049,45.97233637453751],[11.636167676957006,45.966441018878946],[11.679093458106967,45.97281627437645],[11.677121135239899,45.99197755903112],[11.723629138684394,45.97365039850414],[11.717747833391842,45.960419711173856],[11.734111920195646,45.95016603050773],[11.73491064550313,45.93912808400282],[11.747729927392372,45.94014092639571],[11.771065033788942,45.92677942053997],[11.79123852072854,45.9292680459443],[11.798937179635244,45.91584770256749],[11.782577436358324,45.891618577997185],[11.806004332256254,45.883217612754954],[11.805352075198217,45.868003688114534],[11.77148736491683,45.8652470286665],[11.76718588352169,45.85516263797054],[11.753290415287578,45.85260251744238],[11.766367947656414,45.83934780276525],[11.75748330965986,45.821180043424825],[11.781288553753459,45.797488965457106],[11.804904885212178,45.80539875344042],[11.822740667232402,45.79066188376195],[11.840538697932075,45.74699788974064],[11.835495933956778,45.73523749107103],[11.821176145835889,45.737619988999676],[11.828481222479285,45.68363992245202],[11.758835933938398,45.67345563177962],[11.714556322280401,45.67550193552837],[11.71687087680019,45.66862797714595],[11.705248802363986,45.65643716027851],[11.69150939745666,45.656335166105364],[11.685131150518343,45.6371857201885],[11.652679803563109,45.63080397217366],[11.651132410858166,45.59972122179506],[11.681576991423139,45.595340012711986],[11.67118760399461,45.555930208087574],[11.660288037640834,45.54915571229132],[11.66244874448574,45.544348886652635],[11.671464766655044,45.543844184294535],[11.680352573027033,45.55908546592733],[11.705132526037577,45.54742341091858],[11.715146900928598,45.54794043895539],[11.714267219212566,45.56239153337543],[11.733622755510655,45.5648852583672],[11.769269143471218,45.515941376035244],[11.73573840835313,45.516089067417006],[11.742804306544512,45.493485314851924],[11.757971770286872,45.49300107512778],[11.750406600708207,45.466671060048405],[11.714231681879653,45.47067900065266],[11.71614447988252,45.460671645549326],[11.687834342229012,45.42618758858927],[11.658950579245232,45.414210985261384],[11.659765425513624,45.408504877227955],[11.62153601798621,45.385891558043376],[11.618143499170737,45.37513146202011],[11.63413859357162,45.3571505983077],[11.619687671213198,45.31359008581835]]]}},{"type":"Feature","bbox":[11.66623587865424,45.88055595073761,12.731981346929519,46.680462190726836],"properties":{"prov_name":"Belluno","prov_istat_code_num":25,"prov_acr":"BL","reg_name":"Veneto","reg_istat_code":"05","reg_istat_code_num":5,"prov_istat_code":"025"},"geometry":{"type":"Polygon","coordinates":[[[11.95653955095636,45.89255318165422],[11.876482971994353,45.876894887559885],[11.840555050345653,45.88060708603689],[11.839801694211788,45.89423570875566],[11.826678925554068,45.901803857935],[11.80172515552605,45.875106112891224],[11.767706730399004,45.88664056775212],[11.774162946635407,45.9103682508577],[11.784888883006639,45.91719116114024],[11.783892981385868,45.91901229872308],[11.767469560948674,45.91763517335699],[11.743934330914842,45.93111222514992],[11.723196067904976,45.92947187508758],[11.721987544006753,45.9461239934491],[11.70353853647094,45.957680790451754],[11.708517266582168,45.968889382205],[11.685129504121191,45.974552821226894],[11.659499227257884,46.01807971234724],[11.67328703228583,46.02786825559656],[11.658125310748881,46.03807260162587],[11.676389751365106,46.05029594184284],[11.694779526374035,46.05026250930429],[11.680470037902575,46.06461538074343],[11.678958439498695,46.09900799991763],[11.70109799483723,46.09526221915643],[11.714891117331321,46.10741517450964],[11.754113568649723,46.1095808077943],[11.759794585352951,46.102742477373965],[11.770928230052892,46.111239679250254],[11.813184939164442,46.10661656193788],[11.88391632290067,46.12234221076967],[11.916034607631259,46.15112646679845],[11.923900684264586,46.181480321206045],[11.94399738981787,46.17649090297299],[11.943090708914665,46.18367418270989],[11.956262411551503,46.19021566018943],[11.956332702489258,46.19525622746214],[11.936591005652371,46.19445429005825],[11.902230495228572,46.22398823478028],[11.91946282669715,46.24552874959177],[11.88675616032284,46.248871663163726],[11.880350981952668,46.27356921931157],[11.834992709831662,46.26541602950949],[11.819359125729727,46.284850633577655],[11.834822075990113,46.30661618668814],[11.827011372349864,46.32192084799413],[11.796834275878188,46.33031455195073],[11.796325370857517,46.34076191928381],[11.764460279155223,46.358277969047485],[11.79008542183148,46.37206937136657],[11.810292625949428,46.37200777204503],[11.818300637558972,46.3838553841401],[11.82741065933087,46.37763345535159],[11.82582747585709,46.38751945958056],[11.845688773551057,46.43866158422274],[11.869012770669917,46.43755821189751],[11.88206308686122,46.44438036401488],[11.87235700902169,46.46796196999489],[11.806929940155023,46.47427283533283],[11.809511810850942,46.502576384634665],[11.845095149859347,46.520511639051755],[11.911243607601987,46.537321071384774],[11.941069542455917,46.53417775430068],[11.944389038680127,46.54224351955909],[11.964638035075984,46.54888299254203],[11.990935689221827,46.549645676286225],[11.998581185569016,46.54088462013816],[12.040481186393679,46.585903951685516],[12.039241605122475,46.609010205304926],[12.06786298350469,46.6435033214112],[12.060300397906474,46.68467674887141],[12.147218421853122,46.63831777184782],[12.173742865282293,46.6383488205002],[12.200566108011746,46.62107574534357],[12.199107499464846,46.60325779501501],[12.261194870131781,46.63435806770215],[12.284819750644637,46.62266092260284],[12.34098781999363,46.63618299265006],[12.361826328963861,46.624033834719825],[12.37800528467858,46.62616267530898],[12.372403182001344,46.6470688847009],[12.402709883877364,46.6474107119529],[12.430439493883853,46.671819669825915],[12.476773309371534,46.684154186225484],[12.523539285053959,46.68056696937659],[12.56616853686109,46.65573109639549],[12.625821427230175,46.66549169794901],[12.642701914869296,46.65657368838936],[12.677979550437758,46.66112356970157],[12.718163168230724,46.65195454165044],[12.740881803441614,46.633050643730485],[12.712664096107341,46.61876150525816],[12.715193504179991,46.598411842530815],[12.690870914854615,46.59591381468008],[12.659788136773518,46.56828941797821],[12.641226961486613,46.568375123466666],[12.625753677547033,46.540991422196086],[12.635712300857454,46.502786956647746],[12.659378871682867,46.48672022367241],[12.67193031800038,46.46188161358828],[12.622820836427673,46.470618456325646],[12.607617082795123,46.458978363104485],[12.570962175812424,46.47050877713586],[12.54183448810941,46.453408141715556],[12.535147194706985,46.45711430519431],[12.533705112405233,46.45122542217677],[12.499438848444443,46.42337217886436],[12.505704119103516,46.41120784871622],[12.471634575561133,46.385523936038474],[12.463182543488411,46.38646472349929],[12.469851283117613,46.36753000757426],[12.429532254118609,46.34674972253073],[12.425834235759568,46.34781716132893],[12.427692463675458,46.341872295498746],[12.414923640315061,46.326501124617074],[12.380031262100845,46.327331613353834],[12.360459989038581,46.31737025874913],[12.356721169918258,46.292112481864415],[12.327968130523582,46.26813477558559],[12.343225666566441,46.24185121265341],[12.377125371098407,46.22760346931725],[12.40664917971385,46.23467943395014],[12.411527425259802,46.21158625855671],[12.452434305539262,46.21208471200293],[12.453299789251224,46.18165095520466],[12.501786911548072,46.154658239105785],[12.503334587765087,46.12908486338715],[12.488342074363791,46.10052350296614],[12.441621819782275,46.08159591296637],[12.415586938460104,46.05731683677311],[12.405340856822757,46.02629782626801],[12.386748981183718,46.06771456229403],[12.321420218922107,46.0774969128386],[12.307089995915051,46.07303724379899],[12.285095611471382,46.04604366252221],[12.22940714198147,46.009406631197564],[12.191113183246106,45.99996173622135],[12.168989156852673,46.008008417519974],[12.158320075084042,45.99635916932647],[12.114980930108327,45.998770228632885],[12.106608685844119,45.98455201889934],[12.064985451133,45.95876958083863],[12.047319789511251,45.95664177720264],[12.031832308957167,45.967238199962075],[12.02103265347137,45.956874016994945],[11.999805821684271,45.963015588028654],[11.965170183448068,45.95117798159229],[11.957566908145061,45.94579458315257],[11.95653955095636,45.89255318165422]]]}},{"type":"Feature","bbox":[11.742668623941489,45.53047412487848,12.68503100784058,46.08224163063291],"properties":{"prov_name":"Treviso","prov_istat_code_num":26,"prov_acr":"TV","reg_name":"Veneto","reg_istat_code":"05","reg_istat_code_num":5,"prov_istat_code":"026"},"geometry":{"type":"Polygon","coordinates":[[[11.801542261698966,45.794436279447886],[11.777668797812508,45.7864377143312],[11.759391264246768,45.8006559347556],[11.743152180791402,45.822014156868335],[11.752182523961745,45.83804891173477],[11.73224284420057,45.85742906079099],[11.75705588265447,45.86241684377784],[11.761732811660668,45.873384905622544],[11.79507023831543,45.876101393465376],[11.82321736731293,45.915056422393924],[11.8519962982972,45.89845983851589],[11.8525782982883,45.88788924206986],[11.86906824334875,45.885319926192906],[11.942678700316682,45.89894045651807],[11.937420895799091,45.91206834503232],[11.945550363190453,45.94966296966695],[11.957802394211035,45.95833915278915],[11.999369286420144,45.97254527357571],[12.016735356742947,45.96752213490776],[12.030241014291642,45.98048123827217],[12.051463351149067,45.9659636411968],[12.059375651218199,45.966916558868974],[12.096198551754286,45.98972748415289],[12.106918132849241,46.007935705131],[12.15185530149528,46.00543923010222],[12.164630274759547,46.01938721959331],[12.192052229422828,46.009416136789945],[12.22277435653609,46.016993165574775],[12.2751900087035,46.05148023183756],[12.29850217306682,46.08009565538706],[12.331338195080422,46.086962274411],[12.36049080453062,46.077020989197486],[12.366176761880908,46.081169153989265],[12.39964161990309,46.07430472625099],[12.3965165501304,46.06780401002414],[12.405959431655146,46.0656179486225],[12.405380496765043,46.042329962792294],[12.434593946198545,45.99663286566947],[12.432416659036658,45.95174359912239],[12.457413678185363,45.9515297791829],[12.478412719431786,45.932382565160395],[12.511662968755857,45.92626397519774],[12.514525473253087,45.912933476906666],[12.535703016361438,45.90225632313624],[12.518417894858853,45.89663477682508],[12.537934326194298,45.8843247847634],[12.544134730481117,45.86729096284101],[12.542663236701665,45.86626391126266],[12.553975846137558,45.86459523007546],[12.566480854107164,45.846400720557526],[12.556954441448795,45.83844739271227],[12.55916141107159,45.833094146860454],[12.56297680583592,45.83903939782518],[12.587613201950798,45.82431170918864],[12.588236122571084,45.83277282764893],[12.606265426046836,45.844770155964206],[12.618798952079441,45.834019087802865],[12.634410532584658,45.8345579863098],[12.660035287574216,45.811301323144896],[12.67078145688644,45.76019353577534],[12.663677196000231,45.75445185604877],[12.675731951592354,45.748288245673464],[12.677004926679007,45.71991801366173],[12.694917906514181,45.715070761719346],[12.679563068030381,45.69990067017137],[12.659236052605168,45.70508393649415],[12.621499478392126,45.69236879854212],[12.603733137239667,45.6733081187883],[12.574498766584545,45.691625865065916],[12.534262672686,45.674035944018414],[12.507056514522654,45.68187035990491],[12.502053784599225,45.674617329203755],[12.515898151990184,45.66316208065622],[12.493215646254978,45.658187864528685],[12.491300665332195,45.629378520472855],[12.475866762842747,45.640236821860334],[12.443431720007862,45.63591178294864],[12.441097151105287,45.622907855079895],[12.434073898912693,45.62102489374999],[12.448946712377667,45.60604577604283],[12.449429832774818,45.581647871900095],[12.461163970708164,45.572071706904815],[12.44301170915675,45.554537415292806],[12.388388036721311,45.56480713691472],[12.354949515241856,45.58119060959591],[12.338152512228058,45.555528938226026],[12.306570206562263,45.56847660274129],[12.285706557756225,45.56423919275427],[12.286097786765751,45.53219126433875],[12.24386228951455,45.52555528007982],[12.23433791318207,45.53357070742032],[12.198166630013,45.53756198538241],[12.205851321600576,45.564412757636454],[12.204776821364831,45.56751928115638],[12.188707229359247,45.56984921546451],[12.186900411580833,45.57714993100151],[12.15863809228331,45.56860765079293],[12.140877256519108,45.5911926305805],[12.120532184919725,45.59370078594229],[12.110905430376734,45.60639236403758],[12.081204034621527,45.59100010611126],[12.080560719964287,45.62059505232407],[12.071820173888522,45.62343780110054],[12.069842693782125,45.63231035345947],[12.068800091905642,45.631573707671215],[12.048337468104478,45.64097132534712],[12.02007945060756,45.6415227331064],[12.008880913917531,45.62286528888298],[11.984562861755844,45.61892921605379],[11.96722823344731,45.602424364237905],[11.90618366233697,45.62152916478183],[11.90003760067624,45.590891074501506],[11.898878119516386,45.59085705177533],[11.875317323024229,45.66301606373821],[11.847115487224524,45.67572883889469],[11.845926285625719,45.668064098201036],[11.8083970672909,45.69146489402534],[11.817453706266507,45.70709637824548],[11.806016062335194,45.749256498744444],[11.826819903232888,45.745798366025944],[11.82737863413169,45.74710193024952],[11.812670287792965,45.78511136777836],[11.801542261698966,45.794436279447886]]]}},{"type":"Feature","bbox":[11.961946121673781,45.05562356529468,13.10212941061474,45.85444304907089],"properties":{"prov_name":"Venezia","prov_istat_code_num":27,"prov_acr":"VE","reg_name":"Veneto","reg_istat_code":"05","reg_istat_code_num":5,"prov_istat_code":"027"},"geometry":{"type":"Polygon","coordinates":[[[12.479950584676812,45.64987058527378],[12.480943536947427,45.66485212920029],[12.49379289570024,45.667671942541624],[12.487009247746514,45.67328202671432],[12.500818866065798,45.69330848830853],[12.533050989510617,45.68402991855859],[12.575845061937532,45.70273425015734],[12.601172014405883,45.68686869050707],[12.612801939416398,45.69934539561367],[12.6585368478604,45.714755531234715],[12.674795087792036,45.710611027544076],[12.675066657832764,45.71087940482402],[12.664564945221766,45.71371962226953],[12.663425807499067,45.73898084440452],[12.659806598543055,45.73389098931002],[12.637481058264303,45.7468992494638],[12.657274493672496,45.76290556839318],[12.649329071647756,45.794812570383606],[12.675439652710715,45.79875450900644],[12.729973535666257,45.844227272935576],[12.743084732465745,45.833370433966714],[12.778592313333283,45.860097423069085],[12.811994150622315,45.84669608038814],[12.805561049830454,45.83288340539712],[12.809212539220452,45.82841639713992],[12.833166088017329,45.85152328467501],[12.860699916037616,45.855291356594876],[12.882897989584933,45.85457424452409],[12.876715904575338,45.83528236926855],[12.891131268177102,45.82588999394469],[12.92358624833601,45.83746793924305],[12.933006429916194,45.82279678787366],[12.945559539216454,45.82549711415746],[12.944886546652087,45.84562444269914],[12.964842625945384,45.85329964869631],[12.971985639157086,45.839820144916544],[12.987236988813935,45.837283471184826],[12.986111154730608,45.83480988484961],[12.98928251992887,45.836389924634304],[12.98797383786684,45.82151868615707],[13.002183433308943,45.81715967906696],[12.997733460010576,45.81141454801508],[13.009505771446236,45.818896040202326],[13.009773438826729,45.81875681024402],[12.98880976198362,45.787645692101776],[13.019864601256968,45.76306469269998],[13.009488524736188,45.75041561237673],[13.023068239000384,45.74295160498146],[13.020455140544412,45.73710433544888],[13.033949914061543,45.74438224258255],[13.04263772427444,45.70252785776843],[13.06325750913352,45.69640982530839],[13.052396963799975,45.68625006474342],[13.07362709290815,45.6742063404157],[13.070913078361746,45.6617625324676],[13.086094676316137,45.66274798239265],[13.111344627304039,45.63897902016176],[13.076629150454547,45.62796550023524],[12.91146720565134,45.61023556028134],[12.888426802045332,45.59336939513736],[12.739539909394596,45.5277750644282],[12.483685239698904,45.44556310353379],[12.427783831597733,45.41264703666142],[12.399400894735937,45.422674740431944],[12.339484228305743,45.3568584992785],[12.335979987777112,45.34041839991027],[12.365497484530934,45.33238076787939],[12.330171875030233,45.32743931542187],[12.31009519542995,45.2793119030963],[12.304100815067343,45.23977191652262],[12.333044062419455,45.23419668701095],[12.308023039772108,45.22630075868835],[12.306463093339973,45.21240480571972],[12.33979126145847,45.16218388560539],[12.315778878425897,45.140302361976936],[12.289570711631892,45.13918640899178],[12.29134002797801,45.12467229073793],[12.273160699100876,45.113679439705635],[12.241222969033986,45.10219987777329],[12.206806767179305,45.101010015919854],[12.190555441994613,45.08370785467765],[12.171520363036645,45.08832163852185],[12.152365580567318,45.05290265444253],[12.118796146868519,45.05446855284405],[12.040835292684104,45.10368459884598],[12.042846082946857,45.11173891635705],[12.014948361523246,45.11693959445066],[12.028085190854494,45.129662755238506],[12.025528928106187,45.13305393595781],[11.964260429088569,45.12920528219393],[11.954176134941026,45.151906874227656],[11.976554458949536,45.158414858521134],[11.970821023432539,45.19062111812297],[12.124591388025525,45.215213490950696],[12.153019534601382,45.199208980798616],[12.169155800934881,45.19942927993458],[12.14668085811639,45.215797689446035],[12.153127045882677,45.22944982729658],[12.188120963982106,45.2375125038162],[12.199236303376335,45.271733593762725],[12.184896054430494,45.28202136881981],[12.181035755175547,45.29771963286066],[12.12482897887206,45.29635574922719],[12.086853305168962,45.325731693749134],[12.053527321912801,45.309557784004944],[12.024276016080849,45.313479674174566],[12.004630536877919,45.34344437734903],[12.024999651611402,45.35701821502046],[11.98659224334148,45.37842206597887],[11.985174125043994,45.390761213438836],[11.967186138137313,45.3943841325135],[11.975348355945377,45.412941588402205],[11.993845198274087,45.41291804500062],[11.986774935900533,45.42706674079518],[12.009169929580729,45.42840626323544],[12.018774163347612,45.44368001905912],[12.017395964438757,45.44529523762021],[12.008937517952601,45.44222283496242],[11.978636212371896,45.44867087754463],[11.969281959080623,45.46050670611804],[11.976973696915767,45.480391242174086],[11.985432091458378,45.478847215752964],[11.995962265218727,45.50708782549479],[11.986214742182911,45.50904214145055],[12.00533225230782,45.53942900330271],[12.021396623056193,45.529174030252754],[12.02852218266286,45.573441853550754],[12.078800549857139,45.58439553780374],[12.113590358940238,45.62180125324059],[12.128804065473364,45.601744914556754],[12.149030260260334,45.59925016833448],[12.164166830128368,45.58000165719641],[12.19663738909459,45.58981084069126],[12.199714896365087,45.57736807151487],[12.215193047843448,45.57512257376984],[12.218836279133678,45.56458334533337],[12.213208807133759,45.5449404362565],[12.240989052097667,45.541872582178065],[12.248614982544561,45.53545493687089],[12.273338633720211,45.53933982398825],[12.272945546389026,45.57094259824242],[12.308248548898312,45.57811351246842],[12.332468240349911,45.568186917661116],[12.34975875565016,45.59460070031902],[12.393830261881208,45.57301174613941],[12.43709663311154,45.56440543896908],[12.444922382365732,45.57166864305301],[12.436814789929548,45.57828292397527],[12.436315856392614,45.6031894880677],[12.414355874745521,45.62529627633111],[12.429457627766004,45.6293472534125],[12.431991275203012,45.643474818463275],[12.479950584676812,45.64987058527378]],[[12.986252166555564,45.80411468525505],[12.981189127342915,45.807176028306465],[12.980990159276942,45.80685020728585],[12.98411945701253,45.802758337195606],[12.986252166555564,45.80411468525505]]]}},{"type":"Feature","bbox":[11.390703190153033,45.095383503130485,12.206185981973771,45.68716942878223],"properties":{"prov_name":"Padova","prov_istat_code_num":28,"prov_acr":"PD","reg_name":"Veneto","reg_istat_code":"05","reg_istat_code_num":5,"prov_istat_code":"028"},"geometry":{"type":"Polygon","coordinates":[[[11.72741733538491,45.554380247294034],[11.728308527339006,45.53968056779595],[11.701731805773015,45.53830944465016],[11.686185047230175,45.54562791928722],[11.679951903237475,45.53493948638905],[11.655515940059436,45.53345541837872],[11.645540984394547,45.55187991882584],[11.659543024040003,45.560585164295205],[11.666858939280706,45.58836335184449],[11.638104864746975,45.59249791294116],[11.64034133256277,45.637632553232216],[11.674500217129545,45.64435318324592],[11.68143166797644,45.66517271503668],[11.698429976587937,45.665300227574264],[11.703259524252354,45.670367060186216],[11.698266625267545,45.68518117885724],[11.75793045076382,45.6824292318747],[11.823177397999691,45.69197074354535],[11.835824950413086,45.685370528926015],[11.836701329573101,45.691023999684816],[11.886538129421737,45.66856274520334],[11.897856867293127,45.63390165901577],[11.963068253479895,45.613501788811234],[11.977135059445358,45.62689490497407],[11.998798941752293,45.63040273848529],[12.002864474426351,45.645942434021],[12.032250256059024,45.65194515112196],[12.066372575453926,45.64252697451529],[12.078508447837683,45.65109835671136],[12.083310824266004,45.629537404051185],[12.092689728716238,45.626486121755526],[12.098729797493794,45.59365163468717],[12.087384732767324,45.576811629830125],[12.041167565539572,45.56779469439349],[12.030682209589504,45.50970793464287],[12.009754050125855,45.52468706155007],[12.004598939016592,45.518161299541454],[12.010489459041576,45.510840567765335],[12.003112847459775,45.49014102932683],[11.983255806971442,45.46122866114701],[11.986992800645137,45.45649905410078],[12.035900159808488,45.450590572833406],[12.01783608641564,45.419921148221036],[12.004213463661047,45.41910789565032],[12.011795055802448,45.403922653404464],[11.984696345016639,45.403960640046805],[11.983168701161697,45.40048932198296],[11.99711304055537,45.39767917787478],[11.998792427034337,45.383039983205435],[12.044403967112583,45.35761176766801],[12.019980863758738,45.34134361788743],[12.033029215036759,45.321434305215796],[12.050692273258534,45.319065981868796],[12.088757326032907,45.33753636325766],[12.13022311606262,45.30546374315707],[12.191625959991631,45.30694875100454],[12.196695646486948,45.28631728819817],[12.213141638757973,45.27451565596891],[12.198850356794813,45.230546700812845],[12.163106778320872,45.22231407372488],[12.161129119367724,45.21812765601256],[12.198557133928546,45.19085186646726],[12.14872977983709,45.19017740976019],[12.121476783599647,45.20552143784865],[11.984802695540552,45.18366718692453],[11.99030482292495,45.152712958606685],[11.969721679004774,45.146729761290544],[11.9784083041314,45.12716037239845],[11.927045981998551,45.13849369609011],[11.898616439910853,45.128792321249335],[11.866751814797402,45.1289044602392],[11.833487267469073,45.11744193274122],[11.814882521070286,45.11852984568762],[11.761191606949879,45.090754767625356],[11.61147878556231,45.10435422080913],[11.571341091325808,45.11952500413821],[11.522878158070133,45.11538197271958],[11.493953300633926,45.09774537584264],[11.408863700317287,45.12711815832237],[11.421760550378519,45.15014337573737],[11.402998632074125,45.173439081611946],[11.393294681494833,45.225992456490246],[11.399380845294173,45.24242285833958],[11.384290843385214,45.26051778175804],[11.402562921939298,45.27042199234127],[11.427559697220774,45.25848725312716],[11.449625362915489,45.26594044988051],[11.477132163238931,45.263341757673096],[11.483821330659964,45.270731027924896],[11.591236569724094,45.26191888336972],[11.57531423436801,45.27073877748947],[11.57383390916073,45.29862050538812],[11.58357065930611,45.31686964039858],[11.609428568310058,45.32107279247772],[11.613618991433981,45.33134046586951],[11.620712455663732,45.35550994073709],[11.604706624488259,45.37349648563153],[11.61015443149282,45.39078779917332],[11.646539662654869,45.41231558132421],[11.64558241981074,45.41900696439147],[11.678574356135222,45.43269025826558],[11.703049909767945,45.462511079794005],[11.69944679117099,45.48133445488822],[11.740423175296065,45.476800314730944],[11.742653057263125,45.484567614686895],[11.732554028340918,45.484888861345034],[11.719983910006654,45.52506856066582],[11.748573197628142,45.52494756894488],[11.72741733538491,45.554380247294034]]]}},{"type":"Feature","bbox":[11.173545967063768,44.79068397067831,12.554085675648931,45.16377968540891],"properties":{"prov_name":"Rovigo","prov_istat_code_num":29,"prov_acr":"RO","reg_name":"Veneto","reg_istat_code":"05","reg_istat_code_num":5,"prov_istat_code":"029"},"geometry":{"type":"Polygon","coordinates":[[[12.035565378733676,45.12212619778957],[12.056938042101304,45.11813858554983],[12.054126549380817,45.1068895867756],[12.09987761267086,45.07636353534508],[12.138899632667059,45.06146400152149],[12.164734602210016,45.09919100567729],[12.1855667615289,45.094143913204356],[12.19972633810485,45.10921894069217],[12.257578218653771,45.11710147214178],[12.278086906132998,45.12783992791593],[12.276369312782865,45.147374187867584],[12.309572106537622,45.14879081080505],[12.344793977014453,45.179200519191355],[12.332500742895231,45.13191976431337],[12.342788284038413,45.091581768428355],[12.447729252726466,45.016670129587126],[12.553012219334317,44.97728238661817],[12.560934209625534,44.96372295286824],[12.514351524095947,44.92424962212979],[12.469750415315843,44.84066510269672],[12.432760455596128,44.82749927594273],[12.422451012767763,44.81903867337804],[12.428516775571778,44.81251406715045],[12.420017320104078,44.801171522708316],[12.397084810307677,44.78491551453225],[12.348030471300147,44.81463577641095],[12.335657347769617,44.846700278397805],[12.288870663138157,44.85706760804581],[12.275644814653074,44.91071712907943],[12.287596172217086,44.92688368814545],[12.273502310563286,44.938928562760594],[12.258573634080458,44.93836050846944],[12.226887997173641,44.91851519460457],[12.184468604343422,44.92244068287306],[12.169454597483384,44.93623644402428],[12.140772565523266,44.921875229141044],[12.109219154647985,44.95684644494231],[12.04600185167748,44.972828350825026],[11.963492497739102,44.982425663548646],[11.925779996274526,44.97039642237582],[11.80850116099956,44.97286533653169],[11.786555397194821,44.960288639026544],[11.75148476039838,44.95399807614003],[11.750751362088781,44.93314614209895],[11.736004021874034,44.922792949496625],[11.673959296527153,44.91086611897311],[11.62524575652877,44.88450953928307],[11.597133804880494,44.8847688553528],[11.578738801063446,44.91123476266711],[11.53263615619272,44.93189489923595],[11.420962337297132,44.925522685685195],[11.416300065637174,44.96092156306063],[11.334712382566861,44.98587375492733],[11.305574040382703,45.00852645045512],[11.270030823851716,45.01456807049446],[11.256945278460815,45.03205500402258],[11.258802670858831,45.04725109902726],[11.240467738241186,45.037693054914804],[11.209865993050197,45.05343441714414],[11.16821506372856,45.05791374986546],[11.168712017792352,45.076307739703005],[11.178381554347514,45.08306992654935],[11.170631332588556,45.0860257421463],[11.17170787034598,45.09981036555231],[11.21042066607426,45.11662149166534],[11.21335687847119,45.09716033845814],[11.22479323226412,45.08896051582827],[11.242531518281773,45.0967224737556],[11.307400934557629,45.096471923976495],[11.360170634860662,45.07301965225634],[11.36537442208891,45.061138433944876],[11.400194889718392,45.05752795972245],[11.419033240146009,45.07174226516571],[11.433105986661978,45.07223807268915],[11.439582121845653,45.08134197592083],[11.436292037045286,45.09514888203335],[11.405010815304635,45.11991250613258],[11.404941122891273,45.139233816404975],[11.492104183010841,45.10814181386405],[11.517690462193485,45.12374144723032],[11.573697736329528,45.128529398008524],[11.615260523643803,45.11282096202687],[11.756661311433616,45.099816248521485],[11.810694783743168,45.12716715607438],[11.895278200782197,45.137369371489164],[11.924035233544094,45.14775372323324],[11.963815886430801,45.13781236799719],[12.030507513949706,45.14281558603824],[12.04277666892144,45.12910672698932],[12.035565378733676,45.12212619778957]]]}},{"type":"Feature","bbox":[12.492478124094252,45.64339198505312,13.717331104575141,46.64780981108897],"properties":{"prov_name":"Udine","prov_istat_code_num":30,"prov_acr":"UD","reg_name":"Friuli-Venezia Giulia","reg_istat_code":"06","reg_istat_code_num":6,"prov_istat_code":"030"},"geometry":{"type":"Polygon","coordinates":[[[12.971099856687982,45.82031020060401],[12.971139318985916,45.82076038161402],[12.940316542387912,45.82285710792674],[12.972925862999823,45.837493373505474],[12.96505618015785,45.869566095268254],[12.912082159531527,45.90031457138593],[12.893405205977125,45.96283011453342],[12.90660740663872,46.07535940897303],[12.953406674344961,46.19250417854393],[12.921888455293491,46.21197122664479],[12.96278648698007,46.236712737606254],[12.963526026824553,46.267009070060475],[12.973009114511017,46.272505926404236],[12.95758422780023,46.279418813244966],[12.940955817547838,46.30160186870654],[12.9642467734224,46.3191935033297],[12.96349240582061,46.325034583183886],[12.95758774123961,46.32921880488434],[12.932509513007755,46.32622499142934],[12.918334671849568,46.335048442488024],[12.913640101592458,46.32856894642993],[12.873164850057545,46.3213392266861],[12.870717095141494,46.335084647134614],[12.830768282344396,46.336591800891334],[12.806015874041314,46.35204306539575],[12.788332828954157,46.349726101077714],[12.78853387803822,46.341081520943135],[12.703619680221937,46.31611469851718],[12.68572351719545,46.33748952773968],[12.678446949347366,46.33967075265026],[12.644087025695436,46.328383267662346],[12.624309169869047,46.339508194865815],[12.609361677864587,46.335572709509144],[12.577453494655728,46.347080395615016],[12.589664328287737,46.35551079373128],[12.581537008057467,46.36061650623998],[12.56077358368653,46.36161856088595],[12.542353274980227,46.34987024831519],[12.518593755598513,46.36598236060373],[12.50985806195862,46.394779891333],[12.483242325736644,46.41597700008399],[12.489660417203313,46.437942472251095],[12.518210622002742,46.456693349714904],[12.523491952286198,46.47827712470539],[12.541511751527983,46.46829538569137],[12.568232880382126,46.48397940450358],[12.603425756473525,46.47291311202303],[12.61721898607181,46.483471874846515],[12.6460286453334,46.47835237113581],[12.644990787893702,46.48040432418994],[12.619931210794247,46.49741186979269],[12.612928968666685,46.55213195285327],[12.63013526918584,46.579914398969336],[12.651678032918806,46.57981685143473],[12.681814436875381,46.606600523389965],[12.698149510161713,46.60827988058771],[12.6983502021332,46.62724742455693],[12.753925231630852,46.654881994142976],[12.799680749210518,46.64931026649879],[12.821578207399057,46.63629587534184],[12.840148084134675,46.63998487530721],[12.84356129044334,46.615241312473636],[12.849208581425588,46.613193910342225],[12.93099487630076,46.61773115750343],[12.95168176956688,46.60984496869177],[13.023491197248088,46.60936197546293],[13.046717673074173,46.602934581499845],[13.084475159075815,46.60914695941396],[13.173491765700938,46.595471129029306],[13.198114468422286,46.57950120888259],[13.224402989162021,46.57699440890232],[13.237305905140952,46.56215131726004],[13.269241304209912,46.568775521058456],[13.316866730529275,46.560884791456],[13.34066824496988,46.57754169680967],[13.361579799654526,46.57552105777442],[13.363759085804304,46.5890827685567],[13.41970892324938,46.576092669808716],[13.418899755291351,46.566870180223916],[13.427051362378954,46.56514146581992],[13.472788039382731,46.5647491360279],[13.508932762489419,46.57537193787828],[13.524010919037087,46.55524632212908],[13.567117572530387,46.55979713907796],[13.575257215812032,46.54795964690138],[13.59723168969371,46.553520591559064],[13.678853324245921,46.53048866517917],[13.723075115571627,46.53028295850107],[13.727878550341368,46.50441477018326],[13.714379945456988,46.49629061565569],[13.72105461399367,46.479464720371446],[13.705369165891216,46.46562413636942],[13.69733744348132,46.43113165185838],[13.648253873886683,46.438666460426155],[13.602626365881973,46.43255333023943],[13.587852504912803,46.42254124108068],[13.574117591622745,46.39326887097383],[13.473063040096974,46.35397271061215],[13.45214721518876,46.35335078262452],[13.458319673543356,46.335789791937486],[13.446743538782057,46.31626364354896],[13.425030465210515,46.31199516994181],[13.409103081127467,46.29312757039274],[13.389881330717749,46.29187527572738],[13.407734859927213,46.25713017463664],[13.434848532349974,46.23555051877521],[13.42190620898953,46.21678662569648],[13.425377329363565,46.214719778928355],[13.435236708000058,46.21752769098935],[13.433745542627905,46.22905877810825],[13.456253040431195,46.23383754196383],[13.501145778920707,46.22896655710166],[13.507326202246226,46.22354208510179],[13.539033760441958,46.22726815463449],[13.539549985468248,46.2174025915631],[13.571088453964808,46.209482640380955],[13.57494360035773,46.195250920311985],[13.58877224588464,46.1985608371143],[13.613828525689255,46.19228429393622],[13.632539700410376,46.19884995581594],[13.673156321963855,46.18475261903252],[13.674725978338897,46.16968582450712],[13.652684623893029,46.13292494847447],[13.602199769591842,46.098417619157985],[13.551513861223354,46.07759035441022],[13.536848587707983,46.06179111252233],[13.504107970956847,46.05290331432568],[13.471002683014717,46.00435118564213],[13.476261860958573,45.98119335779253],[13.449011399612301,45.96936253580418],[13.454339168049103,45.95586627511667],[13.430429819956096,45.938494631563856],[13.429652673100838,45.923874770547876],[13.400743614080278,45.91072554241754],[13.442265243077339,45.86316358638173],[13.42327193779621,45.86021884755375],[13.42221399087324,45.85610070705203],[13.424130749997019,45.848310656056526],[13.439758665282426,45.8437923584613],[13.436802183596328,45.81421615566063],[13.451488039579074,45.785207024344984],[13.43408469750617,45.760538572934074],[13.476162375142327,45.747948351888404],[13.415133870310235,45.73379654234261],[13.41821616256169,45.71889284216501],[13.387855276706357,45.71621650728938],[13.351287337902638,45.729949112177486],[13.324163986750106,45.72964470127657],[13.298766689694322,45.741320620232536],[13.27210406560056,45.73976373428443],[13.253678028751018,45.74576401636287],[13.252383537605686,45.71086405187289],[13.188850294989015,45.70414667915246],[13.158807941395562,45.6941384478474],[13.158221066619197,45.68614857792691],[13.118391074555115,45.65897013124742],[13.105290635622136,45.62899773924455],[13.077498483291844,45.65082964546207],[13.051938212678158,45.646850296494186],[13.055835471671587,45.66923914046819],[13.02936649987436,45.684247577062926],[13.03706623911057,45.6914558348361],[13.027476164705805,45.69429944296725],[13.021537111591632,45.722882770792694],[12.988672607526004,45.7051384927305],[13.003662627928652,45.73873268426594],[12.987772136931305,45.747462521536626],[12.999375678197667,45.761617612430435],[12.968700406757407,45.78588596637199],[12.973379675141546,45.79195773240666],[12.962837126457673,45.80753582175919],[12.971099856687982,45.82031020060401]]]}},{"type":"Feature","bbox":[13.237582243469111,45.675251422517135,13.64288619900265,46.051356398825114],"properties":{"prov_name":"Gorizia","prov_istat_code_num":31,"prov_acr":"GO","reg_name":"Friuli-Venezia Giulia","reg_istat_code":"06","reg_istat_code_num":6,"prov_istat_code":"031"},"geometry":{"type":"Polygon","coordinates":[[[13.303626716400162,45.75282988240647],[13.328908781473258,45.74120780415299],[13.385911016332587,45.74183674949054],[13.375540033251239,45.733883548588544],[13.390959189720176,45.72809141430047],[13.399598076047102,45.728853412952986],[13.396895277539542,45.741898624294095],[13.436986027544439,45.74952192414941],[13.411188509919468,45.754030650173235],[13.433703091633529,45.78596723322111],[13.420187188256449,45.81264681813194],[13.42254685462232,45.83632938228312],[13.40948850234374,45.84010305575514],[13.405532182375222,45.85616399273733],[13.409031412482676,45.86979922877944],[13.416257250494574,45.870920774339105],[13.378373164936201,45.91428108219633],[13.413529110244443,45.93027914450663],[13.414218688876224,45.94332253028152],[13.435979866826182,45.95913938895533],[13.42984916235051,45.97465388555866],[13.45788595290817,45.98642148062009],[13.453951547253602,46.006168582691984],[13.487163664033202,46.05292918122797],[13.516868444709019,46.049836553443754],[13.513469739292852,46.032221786404264],[13.499039901013425,46.01162422593044],[13.485542475876878,46.005441290725116],[13.530387645358676,45.97138690469096],[13.565032625839345,45.972257212780846],[13.58817167124121,45.9947762054891],[13.614923447391641,45.98876741500299],[13.63477338830931,45.99447815371482],[13.648952446347895,45.98485546130423],[13.643520557374877,45.934143709212464],[13.614010520555173,45.896482204485196],[13.596801629146873,45.886533367317355],[13.599166370923152,45.87403648647203],[13.579676491597962,45.84767538336471],[13.603741101952087,45.81896885668164],[13.584903175313398,45.79107565582612],[13.586460632519831,45.76932803016324],[13.558398899876249,45.77468003954581],[13.550198745253475,45.78192403847839],[13.531790431911672,45.76896203723714],[13.531920348004395,45.74524784240305],[13.528963769317851,45.744136971381366],[13.559788759798666,45.731743431258174],[13.557503225229096,45.7193210484388],[13.53228701007412,45.71910184618408],[13.486204058248946,45.69970214227947],[13.475139650459205,45.702756653312804],[13.458324250291229,45.68670161118986],[13.426191573785776,45.67307122935434],[13.388197715839548,45.67090796036191],[13.366814240140705,45.67854641870029],[13.341846931324486,45.67604641374803],[13.28911832933058,45.700109126218706],[13.249491176239227,45.70702694978629],[13.231529913261582,45.74267432449838],[13.231505307705536,45.76014556462372],[13.303626716400162,45.75282988240647]]]}},{"type":"Feature","bbox":[13.578760013247019,45.58092671755747,13.918853096650253,45.80793968781565],"properties":{"prov_name":"Trieste","prov_istat_code_num":32,"prov_acr":"TS","reg_name":"Friuli-Venezia Giulia","reg_istat_code":"06","reg_istat_code_num":6,"prov_istat_code":"032"},"geometry":{"type":"Polygon","coordinates":[[[13.568669159963791,45.80055116447199],[13.592264661440193,45.82067114532844],[13.630072559106564,45.80790237807852],[13.674343617352722,45.81017687605992],[13.742279302562288,45.76909017455246],[13.802090035668195,45.75291781602947],[13.848021013003777,45.71097465407136],[13.849725317366014,45.690776047547914],[13.941709701044235,45.6294874032704],[13.881996853679327,45.60299885813285],[13.879047058314814,45.59117134605697],[13.847536751305645,45.572889605633755],[13.78336904772729,45.57262157186658],[13.744862296024955,45.58729526290537],[13.712005137795336,45.58272854953007],[13.702166638672422,45.61190074706103],[13.730747498298552,45.61959072855311],[13.732166731876646,45.61934815593993],[13.736964628001036,45.62480227738911],[13.724072408521668,45.62109712932522],[13.723201941022072,45.65608946856087],[13.744663305880309,45.6524433498086],[13.751502358788825,45.65626852859858],[13.741325803012556,45.6739765127384],[13.69700228371731,45.697439440244565],[13.697681928035271,45.70579256901494],[13.6239486073034,45.759327825798465],[13.565901683584647,45.77340682982747],[13.568669159963791,45.80055116447199]]]}},{"type":"Feature","bbox":[12.320935749464107,45.79078994111717,12.990579035274207,46.41219951681782],"properties":{"prov_name":"Pordenone","prov_istat_code_num":93,"prov_acr":"PN","reg_name":"Friuli-Venezia Giulia","reg_istat_code":"06","reg_istat_code_num":6,"prov_istat_code":"093"},"geometry":{"type":"Polygon","coordinates":[[[12.48324305959648,46.11585907422258],[12.489514394008195,46.15077445437483],[12.441380432476107,46.177563819467174],[12.440635327886895,46.20356356136265],[12.401157380796118,46.203078316158305],[12.396847218469329,46.22346716472358],[12.37573329740026,46.21840454598664],[12.333560751065335,46.236128844878415],[12.314092177492796,46.26965316570307],[12.345100464862726,46.29551917569947],[12.349004800263783,46.32193155598485],[12.376254532046003,46.33580226348083],[12.408083014577748,46.33504638194369],[12.414908837506536,46.34326497622221],[12.409139891261196,46.361701611838406],[12.427822944035366,46.35631177368105],[12.456219208526846,46.37094837205619],[12.447129830638168,46.39673144232744],[12.466859169795258,46.3945377411821],[12.492914966457354,46.41712026517754],[12.5249824113318,46.40043000083042],[12.531466822981134,46.3750551544032],[12.542303119374745,46.36605154119769],[12.55505153582087,46.37329708096528],[12.588272253757955,46.37169399140907],[12.612866332983073,46.35671127208615],[12.604203444469093,46.3499394829912],[12.60677211613134,46.348887915164475],[12.627593620604614,46.35222325130299],[12.64755059756977,46.34161787820243],[12.67805069508638,46.35217569031093],[12.69717471937629,46.34644306654414],[12.710514388332669,46.33050949469596],[12.77196207287211,46.34857597212586],[12.771713425241913,46.35912718640015],[12.81092995118083,46.364266738143975],[12.83741567347845,46.34773457566247],[12.888164118462969,46.34581461104862],[12.882864740428948,46.3349671641368],[12.883998390477304,46.334586099940125],[12.902287829093106,46.33823953058706],[12.913305315226225,46.353445759573276],[12.937528898974916,46.33837155085109],[12.964502198393063,46.34158925228361],[12.982879548797426,46.31667951824868],[12.960346172563519,46.30066950640225],[12.96205714064192,46.294130435625455],[13.00001691500568,46.273328500115554],[12.97976604004628,46.26159646302816],[12.979020952584998,46.23143897675255],[12.946663746767733,46.21187405062733],[12.971898725202477,46.19627942990529],[12.92273858005485,46.07333441042027],[12.909821226218005,45.963514845181265],[12.926096181531506,45.90748344360283],[12.980059538864486,45.875606926014974],[12.991499856491961,45.82892083686781],[12.963473878653538,45.83226588931537],[12.961001033684434,45.835251936292465],[12.957310927816321,45.81900925063341],[12.926258263081998,45.8123291379784],[12.91787351176386,45.82538754072093],[12.89245500650304,45.814601823880885],[12.863140335345593,45.83224386821917],[12.867686204531743,45.84644377488978],[12.86162758852914,45.846639117844326],[12.840183490602104,45.843704796119226],[12.805803710701031,45.81250664260634],[12.792256360864945,45.83209085648796],[12.797200389465457,45.842713386872724],[12.780960215041897,45.84922885686493],[12.742661152728445,45.820394712959015],[12.729839158890105,45.83101455840723],[12.66902519454905,45.784138971881795],[12.62842135110499,45.82576153264449],[12.613240350544524,45.82523657046724],[12.605141804190394,45.83218413265229],[12.600271312906463,45.828943088905945],[12.599412561753766,45.80656192192284],[12.566415500447123,45.82579248221191],[12.556138492142027,45.81570661764481],[12.544574394596783,45.857217640471546],[12.517962409219022,45.861139086212894],[12.530539332911127,45.86992200752126],[12.526979004871695,45.879696701465676],[12.496443732690452,45.8989488886453],[12.511553028396436,45.90386658997048],[12.503170950763646,45.90809065491604],[12.50073861131155,45.919407963204456],[12.471244357845837,45.92483344478223],[12.451316352543557,45.94300352778194],[12.419731824492983,45.94327093050303],[12.422226355805492,45.99495500813548],[12.392304101573204,46.041741149284334],[12.433386205292312,46.088068467408945],[12.468289551882062,46.09926059352714],[12.48324305959648,46.11585907422258]]]}},{"type":"Feature","bbox":[7.49479106932911,43.77603383110579,8.135397036093174,44.14088229634457],"properties":{"prov_name":"Imperia","prov_istat_code_num":8,"prov_acr":"IM","reg_name":"Liguria","reg_istat_code":"07","reg_istat_code_num":7,"prov_istat_code":"008"},"geometry":{"type":"Polygon","coordinates":[[[7.556810826419915,43.90360036738753],[7.562996021952023,43.949431568115415],[7.647626441399608,43.9769990323646],[7.66385868204895,43.998979078370276],[7.656114216741606,44.03127316136676],[7.68946563408346,44.04352376084724],[7.708269936198462,44.06492398513886],[7.723794563503245,44.064812377327854],[7.7328035729175655,44.0791414499505],[7.728970040115269,44.079106051058666],[7.7127786610042115,44.103914706936955],[7.71983557732247,44.12842332217784],[7.762454440728757,44.14594064463277],[7.817773497543734,44.12744317921122],[7.869121279893358,44.12240581818944],[7.8861243929866935,44.10953108181065],[7.9277626245403,44.115122343796976],[7.942981872125436,44.10567378454129],[7.971085856242918,44.118179679249984],[8.003189025570746,44.10773757454397],[8.019856756630592,44.120309081166376],[8.04088144026328,44.08837248540557],[8.04254520477508,44.05577172216485],[8.009052144903135,44.03083874015244],[7.992693531599903,44.02899512973701],[7.986420137548434,44.01481466771049],[8.019686177274014,43.984058840928924],[8.080170597189912,43.988415353299004],[8.109738857773689,43.97702803492642],[8.129412966272568,43.9564087063437],[8.129822178059076,43.94349865833144],[8.144751464307731,43.94345056958211],[8.133041188928512,43.923521301090155],[8.094377125116663,43.91090998885171],[8.07715305906089,43.88743652456284],[8.033039317816073,43.88013051415539],[8.01861385593328,43.868169418221264],[7.973807406282658,43.85646637145844],[7.9706736307620885,43.8486158051344],[7.909026318394566,43.832792371104325],[7.873812741133857,43.831536798289186],[7.83391666287464,43.81141542533998],[7.805253186180237,43.818603021503094],[7.7869875474986205,43.81534511962783],[7.740778842027509,43.79088998021605],[7.702554079687918,43.79391682146152],[7.675441405757168,43.771018820563306],[7.57714527172044,43.787930733282344],[7.5574971388744485,43.77485214620744],[7.524778378414291,43.78044986335655],[7.488912279231445,43.861481789011755],[7.510842206050729,43.887304898928605],[7.556810826419915,43.90360036738753]]]}},{"type":"Feature","bbox":[7.9774370365222,43.938976965804535,8.670898708132103,44.52874739172256],"properties":{"prov_name":"Savona","prov_istat_code_num":9,"prov_acr":"SV","reg_name":"Liguria","reg_istat_code":"07","reg_istat_code_num":7,"prov_istat_code":"009"},"geometry":{"type":"Polygon","coordinates":[[[7.969783310385927,44.13834525361096],[8.00764153103757,44.16012662367107],[8.031710734652725,44.15824089199897],[8.045310584610444,44.14741120641073],[8.064624627632746,44.149053344715256],[8.091035728110858,44.17981366424403],[8.08967256828541,44.19491163509713],[8.057964585490916,44.215927597671474],[8.073791313745218,44.23916883518926],[8.05475445731866,44.252941997043386],[8.081564125756051,44.27404569784197],[8.058179148979624,44.2856531891179],[8.053181570853717,44.301923544447945],[8.075070180893702,44.319743078097765],[8.097000306845754,44.30872967485504],[8.100994206587904,44.33677796784619],[8.130775523296528,44.3364871224594],[8.139008395061262,44.34708107846432],[8.143814139323817,44.38784658060615],[8.183167165420372,44.39903068845531],[8.202959293526668,44.412852036389275],[8.214509449412494,44.432437727176094],[8.200527010653662,44.44741676829782],[8.203307384140807,44.45402372739083],[8.189435203682093,44.46237965791062],[8.191605428669963,44.48051106332289],[8.215323388050296,44.48791740009693],[8.209657329010437,44.49717873874181],[8.220780143696633,44.51820411805281],[8.254633597447931,44.534944412996424],[8.27506683337835,44.51074674220825],[8.307774882278567,44.506662452452886],[8.324751213125756,44.49212894650914],[8.353749164717028,44.48952880244726],[8.362084403749224,44.471075938915746],[8.387260722390156,44.48006136553004],[8.398786194992278,44.51220720557953],[8.41991624379305,44.51817399283147],[8.447731002137518,44.50368777614066],[8.471451322845551,44.53181408812552],[8.481872362022203,44.51519115390188],[8.53625198234602,44.51778131261692],[8.55982422401624,44.507815205941355],[8.577440305170734,44.51467117040142],[8.594940519822515,44.50093346587918],[8.610878575144982,44.513455515953225],[8.621908871276164,44.50457507647351],[8.659394391741268,44.50796417472464],[8.675589914368608,44.45065729452846],[8.654311956241271,44.437710118782434],[8.592396601772194,44.425551973615065],[8.599288013504086,44.40594931544086],[8.643681979862382,44.37907685915624],[8.514052798052552,44.325380821273114],[8.497649636651774,44.304250160682415],[8.453119444591483,44.282627518050106],[8.44739127049378,44.27132782076736],[8.463148428638458,44.25957797376756],[8.449719874521229,44.22834173552279],[8.437269346610597,44.23150074135617],[8.422534236549454,44.220439068232466],[8.428903017150393,44.18988009966699],[8.29772116662389,44.149655794076686],[8.27378637048817,44.13645218861783],[8.232795618507769,44.07932674966202],[8.23331397074596,44.047485857265926],[8.223981842064727,44.03828094457977],[8.251602545151803,44.01070865137839],[8.251418606527709,44.01056435442987],[8.209773360812116,44.02901025526087],[8.168963117618825,43.99113319559064],[8.165495249959887,43.97620928708088],[8.17788999206424,43.95022063366283],[8.117962599459114,43.932614020255365],[8.117295073047197,43.95354029988415],[8.101384308068004,43.97021227476171],[8.077687678517751,43.97933807102113],[8.013462046301035,43.974708628263244],[7.996219048420124,43.998539275022054],[7.973252027345418,44.0113789374841],[7.983041160313084,44.03642622182461],[8.009580524890676,44.04275962800537],[8.032569519721314,44.06681458645519],[8.025920976016014,44.09147458405636],[8.016230599401643,44.09411292128113],[8.012745073642485,44.10928629248014],[7.9892897657570074,44.11558352834556],[8.001434640797358,44.121215855908765],[7.969783310385927,44.13834525361096]]]}},{"type":"Feature","bbox":[8.571554211631934,44.21666069360447,9.57359110506597,44.676442408258204],"properties":{"prov_name":"Genova","prov_istat_code_num":10,"prov_acr":"GE","reg_name":"Liguria","reg_istat_code":"07","reg_istat_code_num":7,"prov_istat_code":"010"},"geometry":{"type":"Polygon","coordinates":[[[8.603739013982226,44.54341992025169],[8.59027043444985,44.55633063271769],[8.621054631533056,44.5915812869628],[8.67931749642124,44.57994495174995],[8.687353833633813,44.58653645884587],[8.720597165095903,44.585334615804314],[8.738481603570156,44.57266771788973],[8.743557668996448,44.555198237204756],[8.754622585250907,44.5525368286013],[8.763782712103772,44.53658057506161],[8.762747142075462,44.534990162783174],[8.773298921432222,44.527136376274775],[8.780042857673731,44.503520310915164],[8.775618443210806,44.49553306867343],[8.784103549569142,44.494614752661846],[8.790540081450468,44.50157317929445],[8.79305386283343,44.532748337928204],[8.82227465299517,44.54547069733279],[8.820111362008433,44.566494857427855],[8.859841322841582,44.56518758730347],[8.867763295774866,44.57301277343283],[8.892331165053319,44.556138447624924],[8.910852153404862,44.563517258647394],[8.903361750925038,44.611610374217776],[8.872892387656385,44.64056309902354],[8.903838487092957,44.650312388236465],[8.927493721184478,44.680617060910166],[8.962698594284417,44.68047809853447],[8.975463479817972,44.66802827622447],[9.017777092797225,44.670756810791396],[9.044736884819935,44.6425269332843],[9.048979845706619,44.62072015451102],[9.076709950398625,44.62876871414052],[9.109200049264045,44.61196724147999],[9.116199880248587,44.58520093800674],[9.139310452160313,44.57850223608116],[9.193342999062962,44.595870804854556],[9.198429753601742,44.618312176066695],[9.23056256336011,44.62316921423791],[9.247971066273523,44.62429542201728],[9.263872634633175,44.61214820045255],[9.25635125323111,44.60285533435405],[9.27646754959206,44.60102073555267],[9.283467881501984,44.61201973218938],[9.302916383269768,44.612281914835364],[9.344039537657633,44.58324116160853],[9.361081036964038,44.5901075099012],[9.37934270090241,44.58261415206791],[9.404276987139463,44.607047626926196],[9.42731891706512,44.59499207550203],[9.429067800096998,44.57719949759574],[9.442655110807925,44.57111218342358],[9.478825241446913,44.56957582190427],[9.50073113409091,44.55742609808356],[9.495179730148797,44.54633645352917],[9.51108467291284,44.531220348763654],[9.502355101816377,44.47842386163104],[9.474045109565472,44.477563984656435],[9.463672594496488,44.43902151536632],[9.451046225275793,44.43515632091251],[9.447092654097359,44.424595474337416],[9.476788263603627,44.429583445465845],[9.486219310930407,44.40767488043809],[9.472904272414025,44.39999177905405],[9.477110013240807,44.390046641851306],[9.494271609109102,44.3868379781031],[9.501479192720558,44.369544017720024],[9.525990026767134,44.356598743437985],[9.506848968394984,44.327886615220656],[9.55915586802768,44.29276110312152],[9.579512166409515,44.27220021776625],[9.57972385619557,44.25199487451852],[9.539055784695133,44.24893157912636],[9.532545630220739,44.225274200425105],[9.510522418607168,44.209910792397665],[9.486177659590709,44.23353468073232],[9.472641032591708,44.22906418272387],[9.44164562946887,44.23483773932364],[9.421145147868724,44.25311760170938],[9.399817979849022,44.25029087066666],[9.372327117719866,44.287256340483886],[9.237048655138217,44.34211833835704],[9.230069307859639,44.331222239418096],[9.21922061726669,44.32978447428118],[9.215427490214338,44.31137453560379],[9.23050467673471,44.28999208428554],[9.145766621845398,44.31416675965438],[9.148737827147713,44.34626778775222],[9.13640724210698,44.357298938769844],[9.05694538539155,44.37629167895557],[8.950510005550491,44.3868926852687],[8.932924261362315,44.39127442466479],[8.906139655473833,44.39276058000581],[8.898647891045828,44.39435171752438],[8.897881790042577,44.39299681991266],[8.81984231462729,44.40828977412205],[8.819877729862705,44.4082673171201],[8.802948469592648,44.41140854188933],[8.797170357206557,44.40704912417161],[8.738206413446221,44.416779895229695],[8.73931832991255,44.420334079990454],[8.697269758266096,44.40492374104923],[8.68349555817566,44.38917078701358],[8.652059879973784,44.38565315583866],[8.633239453344892,44.37386789030424],[8.588374007586218,44.401020574243724],[8.577656463992408,44.43148546630061],[8.660585163660501,44.452387826590034],[8.664365618723089,44.45761310760313],[8.656693897362956,44.484539285201244],[8.64973271178531,44.4987521496836],[8.617103336100078,44.49518747449379],[8.611899633516297,44.49937766005817],[8.604959499112237,44.49074950978225],[8.581082386965493,44.494280923457104],[8.563932748752608,44.5170592065491],[8.603739013982226,44.54341992025169]],[[8.81287715239308,44.4188971149818],[8.814814762561337,44.41852587196452],[8.823953771418354,44.41974896851458],[8.81436003450326,44.4200153058194],[8.81287715239308,44.4188971149818]]]}},{"type":"Feature","bbox":[9.465737414262746,44.02334876728854,10.071019413563143,44.438135252920134],"properties":{"prov_name":"La Spezia","prov_istat_code_num":11,"prov_acr":"SP","reg_name":"Liguria","reg_istat_code":"07","reg_istat_code_num":7,"prov_istat_code":"011"},"geometry":{"type":"Polygon","coordinates":[[[9.460045037879317,44.40222598492829],[9.490921112185667,44.428213654956714],[9.542213393789181,44.4304010723907],[9.557870562434681,44.44394134046228],[9.58380346808866,44.43235961580365],[9.606657236483095,44.441183223090434],[9.63894925331104,44.41807820117254],[9.659789687892834,44.4158553388826],[9.679450501026661,44.36937097001022],[9.710200525119667,44.37081879119884],[9.733983091382546,44.3319296207286],[9.75751367189779,44.326357065085624],[9.770298914558692,44.30724250126493],[9.806284863929854,44.28802193655782],[9.814957838673502,44.29128339760657],[9.858507522353387,44.27287422968162],[9.862914069966688,44.23637039241385],[9.882872482880153,44.22538487363802],[9.864212301677783,44.19349899523583],[9.866319710999162,44.18985673405517],[9.88767489207157,44.21190348597593],[9.912284160646507,44.214693409590005],[9.918906657456716,44.203466258313966],[9.946266366316012,44.1992835673575],[9.907727042960232,44.171022025501905],[9.97980100683119,44.17139429234521],[9.982375437606077,44.14096127399142],[10.002308386935292,44.11824644826604],[9.990922622796415,44.100060794687],[9.991124212424385,44.09993412105692],[9.998950610887393,44.11247190487426],[10.023898412456976,44.124366027018],[10.06106746968756,44.11247325007221],[10.076206704883594,44.09854786094584],[10.071895994838123,44.08417201200031],[10.02076246596103,44.03924670254936],[9.996224479468939,44.04560888358961],[9.978828983424156,44.02941673898464],[9.903542402801047,44.0679147716588],[9.901568039159278,44.07690988338178],[9.877917765728473,44.07659749825592],[9.851623974177587,44.10276900620848],[9.847172689621829,44.09879583495393],[9.83679470629802,44.10348984916689],[9.827972499883316,44.094720125769285],[9.854433820270682,44.0610983523578],[9.848547818528287,44.05442396180301],[9.862296989564557,44.05650034735657],[9.855388788254404,44.00993561751647],[9.817242227657347,44.05496949930956],[9.770258964039588,44.072436196476595],[9.75435261900365,44.08651080010899],[9.735576612364179,44.0872381525489],[9.720769677673632,44.10958589846044],[9.672775013798546,44.13538615546807],[9.650726786327208,44.14022601706226],[9.635537356481729,44.1264791771974],[9.603250773416233,44.15479893240803],[9.601409190712298,44.16772363571059],[9.562606838746456,44.17930871170684],[9.563375264841039,44.18909642275359],[9.54929955830397,44.1991603075254],[9.500550200106327,44.21533706896923],[9.52119761798047,44.229743420423176],[9.528810408865695,44.257424277723146],[9.565804129586294,44.25777809322739],[9.566992556416377,44.26912005089553],[9.491892077313938,44.326010597300915],[9.510399219608145,44.35378689839717],[9.49082526823206,44.36412183046547],[9.48457606863803,44.379111012708364],[9.469068900785313,44.380553418446596],[9.460045037879317,44.40222598492829]]]}},{"type":"Feature","bbox":[9.1980365494465,44.555876641485796,10.08347462802399,45.13913153551511],"properties":{"prov_name":"Piacenza","prov_istat_code_num":33,"prov_acr":"PC","reg_name":"Emilia-Romagna","reg_istat_code":"08","reg_istat_code_num":8,"prov_istat_code":"033"},"geometry":{"type":"Polygon","coordinates":[[[9.199401642459328,44.66002570820086],[9.192161708642752,44.69102632760088],[9.23254318879555,44.69294117283595],[9.22348350278203,44.739958450886604],[9.226562998572415,44.74062232874301],[9.254753518482387,44.698564792044664],[9.301606474269567,44.70915369699634],[9.303103714213009,44.713234157490064],[9.304498012481483,44.71051056078315],[9.323342774740262,44.73362994418025],[9.279437058677674,44.75615485666096],[9.280082419455729,44.7755196237734],[9.310591188696156,44.78725284744166],[9.315379192127713,44.80340705148348],[9.34924199796697,44.815673087275236],[9.354917392896198,44.82239273127084],[9.341618576889708,44.838014402359214],[9.335212183817672,44.86697567005892],[9.321388303688977,44.874093469290486],[9.308425007084521,44.87045616894472],[9.281984323190395,44.87942860624827],[9.284701950753476,44.887560039914696],[9.268463171891153,44.89313034306162],[9.284065467943295,44.92081487811577],[9.275881054628373,44.93422044228724],[9.316107453643736,44.947707462860855],[9.339669389801465,44.99859761863621],[9.359922590260561,45.00625319758301],[9.368410921024754,45.020632030723334],[9.363481780232396,45.04969141356027],[9.409240302240152,45.08879989690628],[9.430013858889877,45.08726679146748],[9.433026998207158,45.09755005903734],[9.501669703754127,45.10947668821451],[9.532266780714595,45.08565941662346],[9.543400524285401,45.093550169615526],[9.52866618393622,45.12896543265519],[9.556493306941936,45.13706078693017],[9.57399493423267,45.11089315247354],[9.587456327953385,45.105388157760956],[9.603350245518493,45.111858954246344],[9.619610968733193,45.142998761032196],[9.647131828022493,45.12356038743154],[9.638834751322284,45.09020943977466],[9.642604998496214,45.08662355862839],[9.666736594399017,45.08601346553078],[9.719189508733347,45.064979957957576],[9.742943846505202,45.080933605698945],[9.73726582470628,45.11237124667081],[9.75552472502964,45.11990008863431],[9.783526360007206,45.093580903797594],[9.819121034963468,45.081665530935105],[9.826661269698246,45.06333660424237],[9.826959537290842,45.06360760642054],[9.832051784721292,45.10125164430003],[9.865426639177484,45.098241183829984],[9.882838934661873,45.08116486164716],[9.890491737081986,45.083891084091576],[9.893189460120496,45.09432461471257],[9.865478950769221,45.123190952582185],[9.916455620908945,45.14576387074441],[9.934956281006075,45.1284740701433],[9.92797148732234,45.11168232413017],[9.988345588333836,45.139649090864836],[10.036177529850129,45.097444104453984],[10.029449130459493,45.077572119799605],[10.053587906433652,45.06172633535244],[10.05619347494928,45.04740308130746],[10.114246687317555,45.057028489910735],[10.114900505127652,45.05594817220266],[10.051765967111315,45.026225112829074],[10.039887869710123,44.984414561860305],[10.000551188654322,44.9528069179896],[9.99529573737935,44.93781477928113],[10.006735547237275,44.93122335814506],[10.001294558998065,44.90881994031357],[10.019566649331702,44.8891696613662],[10.017186612446697,44.87268307375943],[9.991112725196764,44.85577856111704],[9.994452330096465,44.84310598538943],[9.966962430873627,44.83103790673764],[9.940039030995383,44.83173571168578],[9.9092063164806,44.805922000624314],[9.887782770474887,44.79987799054909],[9.879973796517813,44.78297008811149],[9.889442901505937,44.7665786125916],[9.864670846730759,44.756169872564755],[9.853965537182331,44.76154460388089],[9.837927965977501,44.75263435924839],[9.825681598178319,44.7552168276189],[9.82241006553651,44.73623364033069],[9.769437418637272,44.70331748682893],[9.772652477281138,44.677403806217676],[9.70014019875713,44.66596665245748],[9.67527281287505,44.681032953800006],[9.632910761266123,44.65465140128588],[9.64019822679536,44.638151995002595],[9.589224542792085,44.61871665595343],[9.560517806787416,44.59737609990727],[9.55880299801657,44.585544047783976],[9.536845302926604,44.581206608594925],[9.517887725200719,44.55840164964663],[9.492399944553773,44.55007793393578],[9.473968109864625,44.56030057314626],[9.43801407171579,44.56189750373276],[9.416374996136183,44.571739982510294],[9.414582763854499,44.589933599895225],[9.407140456696963,44.59382754730019],[9.383023148314832,44.57019119768465],[9.360926893154558,44.579260457407045],[9.340941320694657,44.57162779946723],[9.29757583676117,44.60273935733371],[9.292024905841002,44.602664599836615],[9.28443859976896,44.59074612283862],[9.234334017121649,44.595312975502985],[9.247817012769723,44.61015171736494],[9.242712887669223,44.61433852350392],[9.192643663563327,44.60954389763454],[9.199401642459328,44.66002570820086]],[[9.29712856795168,44.696946273655],[9.25854265015495,44.69290626730086],[9.263051809454717,44.686170783025204],[9.283317095096782,44.69135873643914],[9.293844573453297,44.687990112647725],[9.29712856795168,44.696946273655]]]}},{"type":"Feature","bbox":[9.438369410503324,44.3461675346044,10.504315232298703,45.04442073239809],"properties":{"prov_name":"Parma","prov_istat_code_num":34,"prov_acr":"PR","reg_name":"Emilia-Romagna","reg_istat_code":"08","reg_istat_code_num":8,"prov_istat_code":"034"},"geometry":{"type":"Polygon","coordinates":[[[9.68853938794664,44.36131761117114],[9.668571965893493,44.3629294657997],[9.650216398226005,44.407897381871344],[9.633254106408685,44.40970559850717],[9.601058595937396,44.431004890889305],[9.583877298792942,44.421869555105424],[9.560486622690894,44.43231845181065],[9.548279156015697,44.42176072864537],[9.497171286318586,44.41958387352669],[9.476770640346045,44.39949615798498],[9.468366386548526,44.419014996622344],[9.429746567695533,44.41252165947992],[9.440646772473043,44.44166038658977],[9.45275528154005,44.44536807065254],[9.463730020988928,44.486172298732576],[9.49128282065729,44.48701188379732],[9.498168181530424,44.52870648725842],[9.481504034580913,44.54453910532078],[9.48524235314036,44.556310440349364],[9.510217368750364,44.56657546196992],[9.528929831379159,44.58981871521888],[9.546649474368945,44.593010760517146],[9.54789057466421,44.601586486382104],[9.58119566170672,44.62634941890276],[9.624324305392621,44.64279799515339],[9.617734479792633,44.657706546037346],[9.675158356545058,44.693470183138125],[9.703675344155686,44.6761955510911],[9.758491057189303,44.68484298909871],[9.755701211951072,44.70728184755925],[9.809929828431311,44.74098740165663],[9.814480513528492,44.767421620839265],[9.835172090783058,44.76306066845661],[9.853569729411273,44.77328047771093],[9.8653058623891,44.76738944129852],[9.872853408584065,44.770561094256365],[9.865893926198549,44.782601180962274],[9.877173680170602,44.807035400539505],[9.901289315065558,44.81384040591273],[9.93413055770701,44.84133624076227],[9.963444865862684,44.84057792478818],[9.979772459265032,44.84774673428726],[9.976746367152016,44.8592170932237],[10.004543179580235,44.877243696474366],[10.005916301584568,44.88677081951005],[9.987351508915873,44.90672897697031],[9.992358248271243,44.92736767669012],[9.980397219627692,44.93425718014293],[9.988510977721358,44.957419892087024],[10.024335069082332,44.98421503531704],[10.038830486666512,45.029732467890646],[10.053324192762583,45.04116070630871],[10.087731346633069,45.049730794413776],[10.095576086111564,45.029336607975246],[10.10544470200039,45.026992050063726],[10.15812247190781,45.04942735965676],[10.188404126464741,45.03318602125555],[10.211539790126555,45.038845778845385],[10.260145878769192,45.02123662005183],[10.277690511327288,45.00249802221106],[10.309460978826227,45.003661502096136],[10.314316073640514,44.99022166264103],[10.358953713287434,44.970651507639424],[10.4082326283781,44.99064493305022],[10.44017277754139,44.94660320087134],[10.513224119806608,44.92456128966507],[10.49037522228129,44.896198377004595],[10.468860895398278,44.89384057624524],[10.466963296821099,44.887915645971034],[10.481908257316146,44.876528846643566],[10.459020110587186,44.84595559054197],[10.46124318856225,44.82847757813721],[10.446856801526133,44.82145495558017],[10.443021911064784,44.79654452914393],[10.429838951733434,44.79459780033005],[10.431383838749978,44.740968856753305],[10.454546033190075,44.719965402643425],[10.419862065842056,44.66473179339933],[10.407560185213871,44.56076333551309],[10.348137130099339,44.52338394832538],[10.337159599225913,44.48200124432105],[10.259928397713958,44.44904530590322],[10.209944136468042,44.388925390204285],[10.161987805848634,44.375878717803815],[10.146472394458831,44.35006299360143],[10.097023622004151,44.34150450504757],[9.992309766723555,44.39389515495201],[9.982143232529735,44.40381022521993],[10.000075551928798,44.4316546378137],[9.992850976996365,44.44197506811472],[9.978504376759194,44.44028462445438],[9.965969942483811,44.44945573600154],[9.964862109695654,44.46087148389144],[9.923655363104647,44.46791140260539],[9.862967340933048,44.46684585420768],[9.825331320885798,44.46254015019778],[9.822532130022655,44.44999267208197],[9.763092645646818,44.40475121645678],[9.767791563137827,44.38584782700075],[9.749527028749052,44.38522749557956],[9.748317004407738,44.37529268951685],[9.718632821653893,44.37849304536098],[9.68853938794664,44.36131761117114]]]}},{"type":"Feature","bbox":[10.142034727843638,44.2260554063279,10.897990948287426,44.99202560708101],"properties":{"prov_name":"Reggio nell'Emilia","prov_istat_code_num":35,"prov_acr":"RE","reg_name":"Emilia-Romagna","reg_istat_code":"08","reg_istat_code_num":8,"prov_istat_code":"035"},"geometry":{"type":"Polygon","coordinates":[[[10.660203459106961,44.45233554669967],[10.658755105948902,44.43180164453065],[10.626805935025212,44.40432215057185],[10.62406726850048,44.37668755484849],[10.597092244151856,44.359296273156396],[10.552873557737922,44.35602695802204],[10.532389696704756,44.34790177272325],[10.516046000116244,44.29972236540766],[10.52198193136166,44.28079906149159],[10.49216834796941,44.26162618563079],[10.490027141038324,44.23384832754254],[10.46933837505014,44.220257535018675],[10.462516441967109,44.226933197125994],[10.428381238473147,44.223287733359875],[10.369338592791914,44.265495940279216],[10.341289502160318,44.26574118131167],[10.306724956972198,44.27999093668599],[10.251716219957746,44.26372845646246],[10.223000533531314,44.2963919560875],[10.206135153712088,44.29833977197021],[10.135658782609658,44.353078997756846],[10.153264149340412,44.38237961649372],[10.204324104127684,44.397443828349715],[10.251457250611818,44.45513585616545],[10.326731023071448,44.48726229273492],[10.337475720565223,44.527793152032714],[10.395446769969467,44.563419470098566],[10.397194433763776,44.61729000507739],[10.411409957478133,44.6410097513686],[10.408217667568037,44.66653259842941],[10.441008210429882,44.7187732290319],[10.419801293134928,44.73799794323933],[10.41796259773697,44.80136511451609],[10.432340824680862,44.803489691687375],[10.435829996759136,44.82618075913561],[10.448985313437118,44.83260403041812],[10.44706339465376,44.84768771030833],[10.467644968900547,44.8751909983018],[10.454175600284465,44.88545025903912],[10.459225239275602,44.90122657577517],[10.483032143148083,44.90383723164826],[10.502895338486207,44.92849776282963],[10.522198371650502,44.91644670214167],[10.567901334458298,44.91230607977016],[10.62431460289805,44.92741496073319],[10.68915757566187,44.996212249778544],[10.697869650921911,44.969568256881864],[10.705634721956582,44.97496643529928],[10.708695487083691,44.989257059503984],[10.7334097573252,44.99706326127097],[10.753894778597461,44.9630610149995],[10.750211784102827,44.95175385059791],[10.847401949585894,44.93077416024454],[10.867943713487753,44.934016619969555],[10.878994378312342,44.92167085703724],[10.912467006154312,44.92910622846446],[10.882659494587498,44.900630823054435],[10.883902909751686,44.86408208132678],[10.853784893067383,44.86277241296921],[10.821860700913355,44.80881732992039],[10.849063657086193,44.7970618322958],[10.821173217743624,44.75433620487887],[10.827101493750314,44.734589112722084],[10.812496069859872,44.699133078907444],[10.826441088536834,44.69223758277342],[10.820293700595768,44.653528522057826],[10.80035309126485,44.6492626767376],[10.788119281462848,44.62939530502505],[10.79228857255899,44.605776875012104],[10.77224997848346,44.54198071700456],[10.734197949176348,44.49905973128898],[10.660203459106961,44.45233554669967]]]}},{"type":"Feature","bbox":[10.470129668884706,44.114680512151935,11.368592057376947,44.96295042207255],"properties":{"prov_name":"Modena","prov_istat_code_num":36,"prov_acr":"MO","reg_name":"Emilia-Romagna","reg_istat_code":"08","reg_istat_code_num":8,"prov_istat_code":"036"},"geometry":{"type":"Polygon","coordinates":[[[10.468711059295961,44.17733829135508],[10.48579160134085,44.2149779513957],[10.460081641252035,44.225198687762344],[10.47900992544069,44.23763529930625],[10.481149516722521,44.265460030671235],[10.509489969062662,44.28369005552467],[10.504433917109349,44.29979650893913],[10.522579539188627,44.353316617505314],[10.549556874500395,44.364018398908264],[10.586592813553867,44.36546018870302],[10.609027480947741,44.37727309481688],[10.62403473027913,44.421170948254606],[10.647840759914317,44.435484464346764],[10.651967123346859,44.46054786701557],[10.725549665361852,44.50447582475348],[10.7611880669278,44.54435273203642],[10.780762302624458,44.606181333219226],[10.77644318539452,44.63061925330749],[10.792065125086742,44.65599576366654],[10.809839320146134,44.65979942643014],[10.814361303643748,44.68830932228001],[10.799247648812287,44.69578052298007],[10.815356025048251,44.73490926867859],[10.809228677387418,44.755304249022],[10.834398161659436,44.793879640453255],[10.807513836941371,44.80549312337274],[10.846021400270569,44.87059779277349],[10.872220596269239,44.87173932572197],[10.871148950491271,44.903046420444895],[10.883740747667897,44.917569507081794],[10.91597951658658,44.92850504521419],[10.938189207131709,44.92648540009593],[10.946909811200005,44.93728063224926],[10.964489176890583,44.93884937604884],[10.995469937704124,44.959574385040696],[11.056763340442432,44.95345423308738],[11.070997779265195,44.96781674504354],[11.120882605978228,44.95831706561721],[11.154141383802378,44.937807734209684],[11.234942734814476,44.94895155462509],[11.247401089102395,44.958671060877904],[11.267414231588281,44.932876499251776],[11.243674743261975,44.907816546200934],[11.345225847356726,44.87594595613328],[11.376483186550566,44.83962455442322],[11.34966159551736,44.82602835762147],[11.315384201250048,44.823502559340476],[11.296884372132073,44.79849527417955],[11.208880773268383,44.80003687858633],[11.135332397553972,44.77986260681239],[11.122527716607085,44.70859072716094],[11.085912097016134,44.64920514987247],[11.135896416594427,44.633438213067336],[11.1259037176861,44.619227095328455],[11.147712483600108,44.6083977769734],[11.159514095827252,44.58512135277389],[11.137176589404529,44.572997795042646],[11.113654189779854,44.544019349022086],[11.114190570304139,44.51892420910829],[11.081162881430862,44.526078915992045],[11.075411959242823,44.51453034867669],[11.06559060292457,44.52145722634774],[11.071480129976903,44.4997315773482],[11.055471704223946,44.46796923436822],[10.997615795592138,44.43938201698392],[11.000800840542398,44.43357387242102],[11.041418890203383,44.43133462211183],[11.053950490341043,44.4174999280457],[11.05517537785172,44.404781569319056],[11.028754934928315,44.37275864663956],[11.046610598288149,44.33036430631079],[11.006805696535023,44.28826291367157],[10.998679117486338,44.30132301221628],[10.969044831473262,44.29819903191434],[10.955488256949993,44.290865130097465],[10.955180731660525,44.2888198236554],[10.980497981893098,44.2792079337822],[10.961866290239382,44.22199067599534],[10.942550723277412,44.22142397260729],[10.907819041188967,44.200218734334086],[10.888569653860515,44.20862037440369],[10.884653511296438,44.22129832668066],[10.861721738026473,44.22752355661502],[10.85679853356695,44.22556260313129],[10.861603613894717,44.20558252876667],[10.837357227262418,44.1920941657697],[10.81486110660306,44.15418481647324],[10.82143313177639,44.107759601215946],[10.769138493512822,44.13151455069851],[10.751223516442124,44.14988986962907],[10.660336091683995,44.14959436916153],[10.645701659299677,44.154757810922526],[10.629649522059326,44.139770228339586],[10.629978899274477,44.116959704698516],[10.590499727413093,44.110644979158195],[10.573333857605421,44.12879053887412],[10.51951053192248,44.15379100968017],[10.517227453674165,44.17323108010231],[10.505950036322414,44.18376685608599],[10.491800134988107,44.19060751485263],[10.468711059295961,44.17733829135508]]]}},{"type":"Feature","bbox":[10.805601607282,44.062255739136646,11.840427720460978,44.80475514218611],"properties":{"prov_name":"Bologna","prov_istat_code_num":37,"prov_acr":"BO","reg_name":"Emilia-Romagna","reg_istat_code":"08","reg_istat_code_num":8,"prov_istat_code":"037"},"geometry":{"type":"Polygon","coordinates":[[[11.127870750411766,44.578853625063445],[11.145064973278034,44.58818795151809],[11.137638820249101,44.602827823437146],[11.110323814364813,44.61638747431098],[11.119310655825332,44.62917554565828],[11.069904801685004,44.644752134987],[11.110703460532928,44.7109553481536],[11.12419277509589,44.7861184944109],[11.206760693485338,44.80876962420447],[11.30567330070763,44.80703400731878],[11.255930000464966,44.76029539887735],[11.281255261125434,44.75284960796851],[11.260853828405473,44.717969571981136],[11.274368436795942,44.71145211468137],[11.356099196847634,44.77797149848994],[11.384958326998957,44.785371322062076],[11.402364798746818,44.77264736508882],[11.455013817617557,44.764714790652114],[11.582822520977755,44.71239790959681],[11.59426023860211,44.717715362500144],[11.677763221147762,44.63610095661664],[11.687579052392474,44.63402701801662],[11.691392700588839,44.6394087035982],[11.718570922589118,44.64088392373041],[11.723088439582122,44.65989553053496],[11.779612280552243,44.6479676361038],[11.805953563574208,44.63200764729524],[11.814164769930663,44.623247037843086],[11.791503562177791,44.60409790147999],[11.79188539365891,44.58132253702053],[11.760046779887302,44.57728116718492],[11.775271149264166,44.56843882855764],[11.79688653782082,44.57119673058966],[11.78362680869964,44.4961353623438],[11.7646936258083,44.504454906506474],[11.759786403649082,44.499750575743526],[11.806108203849842,44.488025015839206],[11.789324236464036,44.46905903842476],[11.80731559768419,44.46277016738058],[11.789571161164519,44.438046232218944],[11.827160044845295,44.42290795948424],[11.85046463643605,44.43325383321191],[11.84262026324316,44.41233697328243],[11.811495210794789,44.37283968343053],[11.803118337601523,44.373972559526365],[11.77904653296495,44.33245530444176],[11.762629997873145,44.32851962447666],[11.737329477275196,44.30281098326904],[11.689350839305359,44.28016971659758],[11.691157581057471,44.30622135108364],[11.677827086032867,44.30952464686298],[11.670967516825481,44.27518625754461],[11.644661119065528,44.270053810829864],[11.631937066695416,44.24449067264881],[11.583093050369227,44.2287099478729],[11.570794736303121,44.2139695352803],[11.55970174970812,44.217159440622545],[11.555632688608489,44.20546689037225],[11.572746885463333,44.178814051977575],[11.539969014505882,44.18497996228642],[11.525806433309059,44.14758560605911],[11.441092711370944,44.19759892292021],[11.444772080414495,44.218749408527984],[11.422069178699319,44.232774084198596],[11.383125090360647,44.19505445487958],[11.344473244917229,44.20101549710216],[11.329734934776267,44.19206147464003],[11.321692606570991,44.17376680974485],[11.29979922464175,44.16865315097448],[11.28381951848547,44.150590449515654],[11.239655562590507,44.15440528622824],[11.201937616311465,44.147910577327345],[11.201973951413107,44.14559034912281],[11.221701784009905,44.13319385677641],[11.265576429836106,44.118980428544525],[11.270633196462272,44.10207361221175],[11.24958789834331,44.09306584587285],[11.208569927789657,44.09445687893289],[11.158465905677527,44.10787733012971],[11.129937390678359,44.105402816578625],[11.091372137279736,44.08548812963086],[11.04769631842195,44.08580943694399],[10.993374049641966,44.10945962397821],[11.007972701569154,44.1256456122565],[11.00461614475345,44.131255124048465],[10.975165800150496,44.11307429528608],[10.94852908763569,44.07775740360975],[10.93200083026792,44.07254096340084],[10.921937216708509,44.05849501932665],[10.89872841600495,44.05890641476963],[10.89796068362531,44.082298069016026],[10.888586172985553,44.08870200028609],[10.868828611256943,44.09533510835863],[10.845729924607538,44.09332094514721],[10.827863372519136,44.11193402767297],[10.809604599660153,44.11082721310034],[10.80256204106301,44.15552024538599],[10.827528460284801,44.19760615648176],[10.848496366410998,44.20927332975521],[10.843461770031197,44.230185487443165],[10.86075700018307,44.23707496295151],[10.894989200560754,44.227781632267686],[10.89920070153982,44.21414042708349],[10.906640372241785,44.21089330857416],[10.937972937703632,44.23002130255957],[10.951902031941266,44.230254851957234],[10.966609758496265,44.2746562000679],[10.942309959018987,44.28387865429316],[10.94406370265872,44.29555934259286],[10.964256541049915,44.306484477943854],[11.005948787185853,44.31087834268741],[11.009430379306178,44.30528352012081],[11.025418297258103,44.319226403103094],[11.033597978029384,44.332118952981155],[11.015663256140408,44.37410632628727],[11.042860315240487,44.40690046720348],[11.042112394232293,44.41464921114345],[11.03455376618919,44.42299247411101],[10.992427012601308,44.42531213752847],[10.982596576687607,44.442186223311204],[11.045414065646545,44.47354880658628],[11.058960631219078,44.50043709372295],[11.046248140382392,44.54727029237946],[11.07038265800828,44.53026034275851],[11.073633468413307,44.536788401967065],[11.104177813827024,44.530175764963],[11.105964186414921,44.53402481539387],[11.095867458919303,44.53740325691685],[11.127870750411766,44.578853625063445]]]}},{"type":"Feature","bbox":[11.23474353423248,44.545680955181226,12.398107696608706,44.98682771437421],"properties":{"prov_name":"Ferrara","prov_istat_code_num":38,"prov_acr":"FE","reg_name":"Emilia-Romagna","reg_istat_code":"08","reg_istat_code_num":8,"prov_istat_code":"038"},"geometry":{"type":"Polygon","coordinates":[[[11.591281383014437,44.706024980331364],[11.583226450604775,44.70227929680515],[11.450676513231418,44.75654272919593],[11.396296888933065,44.76473443014651],[11.381748436860027,44.775369657544786],[11.36311829415166,44.770592271132124],[11.276437963947311,44.70004051717112],[11.245896354841333,44.71476856871893],[11.265420270089397,44.7481693600065],[11.237187870021076,44.756465106174666],[11.30828376843981,44.831462731958666],[11.345106474610594,44.83417774119642],[11.36081273822228,44.84351272867199],[11.33717197111618,44.86925988445115],[11.225931290501503,44.9041585569811],[11.25354576143441,44.933322813383846],[11.228643049098002,44.96540145813159],[11.269923215246887,44.94462810462662],[11.280021366916225,44.95989732428398],[11.304123198712238,44.966699905599455],[11.35661148950254,44.95460991623459],[11.37721678801409,44.962293752081244],[11.431744298294705,44.95569683774774],[11.43457896758755,44.93432157830303],[11.468864507282857,44.94056528715861],[11.535853483445843,44.940432960875604],[11.589733626866115,44.91585351520108],[11.598157429760754,44.894629712514366],[11.618088361556174,44.89246660076006],[11.668684621956585,44.91859412778326],[11.73097712813071,44.93087516038871],[11.739026387858278,44.93673158811466],[11.739861738885848,44.96062067930715],[11.781041508158232,44.968009598475014],[11.80260111605864,44.981192487769256],[11.923395622113574,44.97889233011713],[11.961876958869116,44.99116568427232],[12.048950451843323,44.98103845617563],[12.11699253072159,44.96383529955909],[12.14405248220436,44.93384470685426],[12.171879754430542,44.94777372088615],[12.19082547481013,44.93036629472165],[12.223083206854623,44.92738121161898],[12.254136759749827,44.94682957171631],[12.28514836651877,44.94529923629136],[12.301564506507363,44.927653078260434],[12.288008823351705,44.909323817300645],[12.299271120414007,44.8636024079417],[12.345260447476727,44.85340820053541],[12.36024473496317,44.81763523250802],[12.408797698039795,44.792396776064166],[12.377129167321451,44.77911293395913],[12.28572621362669,44.791015644645384],[12.287111935369097,44.7978724303511],[12.314637597996155,44.79569421345604],[12.297762070932869,44.80114034163777],[12.300932317065627,44.80695025026753],[12.366624961158962,44.79129182697267],[12.34713138578974,44.81312174591447],[12.33706723346078,44.81331627371487],[12.305996695464735,44.838108222238446],[12.290404600690252,44.83804613748237],[12.264811884262429,44.81479842285611],[12.267802957973897,44.81099913848177],[12.303356019751556,44.83413478788397],[12.304099158256008,44.833734094126896],[12.254006959740034,44.76154388426328],[12.248154905202695,44.72680264451545],[12.246971664641995,44.687372691809614],[12.276993761026416,44.62739632380171],[12.240633179679092,44.61708268256156],[12.15667949079565,44.54438625741556],[12.115840739101992,44.54246864131707],[12.077324995961305,44.556150109181885],[12.060788227741742,44.54328938175141],[12.022407500455063,44.5578952510168],[12.02136718528562,44.573983574567094],[11.999626329595284,44.58064108903261],[11.997187523013178,44.5950249338606],[11.87432060982057,44.573729965618476],[11.851588364317754,44.550859763715664],[11.8314382103694,44.55721467247265],[11.78312645874197,44.54900064616157],[11.783620752972645,44.56072813780212],[11.77198073787012,44.55924176084456],[11.731950894723544,44.582482269893966],[11.779720260313635,44.588554577916305],[11.779403147614051,44.607230680446946],[11.799078259889644,44.62386190023559],[11.796892344080577,44.626193400854035],[11.773778492682943,44.64019687940526],[11.732699669987893,44.64886777910461],[11.728874052337742,44.632777244557744],[11.699073184910107,44.631161994852604],[11.693792043470337,44.62370977565921],[11.670452627164726,44.628641706426684],[11.591281383014437,44.706024980331364]]]}},{"type":"Feature","bbox":[11.524947072228189,44.101155061320775,12.383523730403535,44.62922093970416],"properties":{"prov_name":"Ravenna","prov_istat_code_num":39,"prov_acr":"RA","reg_name":"Emilia-Romagna","reg_istat_code":"08","reg_istat_code_num":8,"prov_istat_code":"039"},"geometry":{"type":"Polygon","coordinates":[[[11.82662796550183,44.41322417862084],[11.773569911687074,44.434589477370814],[11.79098954696743,44.45887493288407],[11.771951076969215,44.46552650664216],[11.787842594886458,44.48349451393269],[11.740333301345414,44.49551202610165],[11.761621906953376,44.51592527856724],[11.774208284798119,44.51039692771104],[11.783997240352738,44.55776849387501],[11.83254173940894,44.5660202419149],[11.8475826324235,44.56127775166998],[11.867328731179045,44.58114334671167],[12.007206953220514,44.60538046034743],[12.010413503292924,44.58645014877504],[12.03270064990448,44.5796232905807],[12.033768552205172,44.56305793057042],[12.058296948257048,44.55372359433402],[12.074657019741172,44.566445284215874],[12.118209954624136,44.55097721974232],[12.149420048095541,44.5523147281484],[12.23358160616015,44.624117868386726],[12.272726232169367,44.63479748619904],[12.287642789936461,44.59422377993905],[12.28554671947118,44.520009005490564],[12.2976241287793,44.48874528589502],[12.295147881667926,44.46343033267346],[12.362726501829103,44.271869984646735],[12.39013460435831,44.22391071625056],[12.350338637056584,44.1846121133977],[12.278368735286962,44.228839288024474],[12.251176647301005,44.22687481385214],[12.244046038168218,44.2143428700278],[12.22544968602784,44.209444136930806],[12.195304490098048,44.22424654576179],[12.201780954859275,44.25092144258699],[12.19159672213951,44.25023741314708],[12.17772003404687,44.23997608093187],[12.096654892659393,44.26968868642149],[12.10157892952191,44.28686988319301],[12.084420990172722,44.29661976157265],[12.050090186832632,44.301762834868725],[12.044138882218471,44.32243684412545],[12.037741066349133,44.325085191071814],[11.980495766793219,44.253093448369334],[11.949008831933318,44.23110348706041],[11.932543176266723,44.23505518967208],[11.934271517061273,44.21358375699732],[11.91813107873943,44.20508006897219],[11.89094495471869,44.164513294424474],[11.829807157765506,44.19374124954229],[11.82317341635338,44.189701588723715],[11.807256692002037,44.19456195028319],[11.774974900045885,44.173192243029575],[11.76748935303578,44.193217725861814],[11.756405653727512,44.189999419970746],[11.734046492332482,44.170022465411165],[11.720688717259657,44.11831611006564],[11.681414611462033,44.11869395370892],[11.653599692575238,44.095638446107245],[11.615178212914202,44.113943829421636],[11.576996859016017,44.10634465160113],[11.582521145799536,44.12584446037302],[11.610741342226671,44.14508235514084],[11.609903993859714,44.15435900327502],[11.570453518202095,44.15659731674843],[11.562969121136891,44.162716594337745],[11.557001314192583,44.161983092304766],[11.54792817628633,44.1473729392051],[11.518103851721783,44.15495870410043],[11.531348610088909,44.19552649306338],[11.551238364766325,44.191788849545375],[11.543179775917466,44.20433049936412],[11.546111122896772,44.223316584967726],[11.564882078180185,44.223636745260144],[11.574772677000595,44.23549197566309],[11.622390422591122,44.25087952858592],[11.635497887792024,44.27721946065527],[11.660232986579166,44.28204725345101],[11.668025636668832,44.32108540501335],[11.704414641610926,44.31206895141203],[11.69815356286164,44.29282211855655],[11.700711869300484,44.29247254989345],[11.780827317451573,44.350290004764815],[11.794753255182583,44.38296653035086],[11.80489132631676,44.38225038879296],[11.82662796550183,44.41322417862084]]]}},{"type":"Feature","bbox":[11.645549050912198,43.74065425810705,12.45508780573733,44.330808822375296],"properties":{"prov_name":"Forlì-Cesena","prov_istat_code_num":40,"prov_acr":"FC","reg_name":"Emilia-Romagna","reg_istat_code":"08","reg_istat_code_num":8,"prov_istat_code":"040"},"geometry":{"type":"Polygon","coordinates":[[[11.946112748305898,43.78389357797297],[11.914549579178338,43.79042551156984],[11.906632154802685,43.80709175329337],[11.896622584620822,43.80338060711551],[11.867523292601138,43.81254045115733],[11.840617224320633,43.80324718836823],[11.782681898940956,43.84363575539586],[11.72953807729767,43.859743865467834],[11.704401549602922,43.875831376417324],[11.71117374586094,43.9196343755509],[11.677960024833874,43.93309816912542],[11.684720989117892,43.95510365848767],[11.649561319946981,43.9726391623865],[11.639180265268646,43.990566364885005],[11.657508034232155,44.006213851314484],[11.648687969482559,44.0203943104643],[11.678002715490068,44.02469818453886],[11.704656372571543,44.06863456900751],[11.743348919018056,44.10546385185871],[11.743062472350108,44.12037876654725],[11.709831113738248,44.118151016437515],[11.714865333793702,44.160067094623045],[11.749218044937454,44.19672683582896],[11.774590577780309,44.20409291240995],[11.782927854757043,44.187767424748095],[11.804719903148463,44.20420713104035],[11.821175195218139,44.199183592361685],[11.828974549194784,44.20393237243852],[11.886392826491958,44.176490150591825],[11.909174053465698,44.21048593539958],[11.922613128223288,44.217567794942205],[11.92026907415456,44.24660946585455],[11.946054747794685,44.2404242303119],[11.971462767242889,44.2581691802007],[12.033541802452389,44.33624331647923],[12.054205762478295,44.32769006187583],[12.059676799846667,44.308674500459716],[12.089328801816738,44.30423077758969],[12.114097961659233,44.290153966602055],[12.109506107654823,44.274146076068924],[12.175417667306007,44.249986655552995],[12.186388606616067,44.258098728610705],[12.215503681718458,44.26005272974723],[12.207720249057038,44.22803015080639],[12.22700391859473,44.218560388737195],[12.235468836033547,44.220790254918256],[12.243279890100295,44.23452034250831],[12.282019430042808,44.23731941940969],[12.348383973010831,44.19654338352703],[12.383380123547669,44.23110004333351],[12.458043830712429,44.1618002184499],[12.437445752975794,44.147805943767395],[12.4487040887167,44.1421486520382],[12.445229722088285,44.128515567067964],[12.457661027368458,44.11607123086824],[12.46008495276027,44.09275529726234],[12.456110519619388,44.08301325392241],[12.427521142017515,44.08439958456186],[12.395257316763914,44.05988755741858],[12.36930058486831,44.05773238229627],[12.366835012404648,44.05133576465868],[12.401750737557416,44.03164347033072],[12.390731100673761,44.00808001722875],[12.37086502758499,43.98461617360984],[12.355830401887546,43.98202239094805],[12.351126663115243,43.971317876693476],[12.330482980420728,43.96247320445591],[12.317178844755759,43.937935088039524],[12.296864630458034,43.92416103504719],[12.272806989955097,43.92466798976684],[12.252328799307206,43.90563188504888],[12.235364531509472,43.91222443357968],[12.21976873424105,43.9033860729904],[12.170220550471923,43.92093818076148],[12.165948188473662,43.9195135004854],[12.173828536388458,43.897218624791364],[12.14437310000071,43.84787457701139],[12.156815417549264,43.83194538940121],[12.13478411867275,43.82187152115915],[12.108091149226416,43.790803625061294],[12.10198382459004,43.76623937388696],[12.115645648250998,43.75223736572375],[12.068975025605706,43.73574562814168],[12.049810425748232,43.7534842479277],[12.006494217210552,43.76236447736933],[11.985832731644534,43.757589954578435],[11.947498346233962,43.77417801176604],[11.946112748305898,43.78389357797297]]]}},{"type":"Feature","bbox":[12.09617530112244,43.73192431848447,12.755640592249431,44.16246519518058],"properties":{"prov_name":"Rimini","prov_istat_code_num":99,"prov_acr":"RN","reg_name":"Emilia-Romagna","reg_istat_code":"08","reg_istat_code_num":8,"prov_istat_code":"099"},"geometry":{"type":"Polygon","coordinates":[[[12.446298983224935,44.10853287985356],[12.43302633419658,44.12687987114526],[12.435949120350593,44.13835942239309],[12.41925104234527,44.1467469234438],[12.4500779720065,44.16890247375178],[12.54032312555129,44.0937272021618],[12.562439688885462,44.08107813984629],[12.577754693750125,44.08333855562511],[12.67274813335275,44.00290737874654],[12.716331174248989,43.97842068500335],[12.754593394535886,43.97242204603409],[12.76254246556034,43.96198413628775],[12.734243739451115,43.923449013750826],[12.741182231805197,43.8952168561421],[12.72995665786246,43.880970096965754],[12.741499560180076,43.87047564031704],[12.731830655622455,43.86003003636385],[12.68822491091247,43.84958150011019],[12.687280756111754,43.82577052535998],[12.674570612171303,43.81908274384814],[12.645151247360998,43.822364151188204],[12.621599255712669,43.81575257258515],[12.602431309443254,43.83385316521788],[12.610083223927148,43.84137019983724],[12.594638166207048,43.84816994268472],[12.596048825980963,43.859853168589794],[12.583280426033838,43.86160950217749],[12.583399791720147,43.880278422818],[12.571038909242716,43.87849622591202],[12.567733100222862,43.86657121651922],[12.540208357342,43.858896211144035],[12.517109367614067,43.87560798012579],[12.496406858712312,43.867431284266104],[12.480823944807197,43.893713288984536],[12.4866513268716,43.92001868927236],[12.508803579936268,43.942171451419206],[12.500441310991992,43.95754604819413],[12.509290895010698,43.98385472475726],[12.507946345026973,43.985210371846094],[12.438799103513698,43.952272871264455],[12.412720098275914,43.95152539214455],[12.42147865578952,43.9310038335376],[12.415715414100275,43.90780608463815],[12.445899853104995,43.90951882139778],[12.471439856140412,43.89192963411483],[12.44888917289126,43.86625669737465],[12.405253799830898,43.86816402605547],[12.397225068302697,43.845082425826966],[12.405246958004485,43.82539066474523],[12.391350478291477,43.81281766236121],[12.369450096213633,43.80933666623904],[12.35194672780607,43.794687982816484],[12.31656267938245,43.80098802325228],[12.290803430325655,43.7919881414372],[12.289700587693748,43.76136278355255],[12.259086932897368,43.75641417308329],[12.24722714386812,43.745227740599425],[12.22762720516177,43.754913654256455],[12.213588287468543,43.753143731751926],[12.196066965546244,43.723123082130094],[12.161758893295824,43.75685297041026],[12.12565566242918,43.74458138307624],[12.104866748105744,43.749290015669125],[12.089782379627815,43.764224570663046],[12.096926508664263,43.79325564735893],[12.126391572697147,43.82794433430935],[12.141347840421563,43.83478495299996],[12.131503689545584,43.84738231646339],[12.161665285769311,43.897931339324636],[12.152368147773418,43.92421564943716],[12.170350798236715,43.93021285779914],[12.21833594110418,43.91321769880602],[12.234170244227167,43.92218990000091],[12.24919678750336,43.916351848011665],[12.267290542675175,43.9331703631364],[12.292437845545352,43.93264172291981],[12.30738308636266,43.942775980162395],[12.321180556720643,43.96823053596813],[12.34145019764899,43.97691652738505],[12.346795065078616,43.98908361077031],[12.363513196922423,43.99196884476688],[12.380194190479827,44.011673854312356],[12.388152863097636,44.02870050280406],[12.353600087496583,44.04818214318268],[12.360142527145898,44.06516430542728],[12.396573329094412,44.070490007366935],[12.422624669315772,44.093036626862755],[12.446066093050282,44.09190178828072],[12.446298983224935,44.10853287985356]],[[12.178729443130202,43.80557367619651],[12.17669182851545,43.80379763999938],[12.19080376564011,43.777527267699014],[12.19748607073105,43.77562779603122],[12.211079198518629,43.787486295900464],[12.229868499250053,43.790370216342716],[12.225987766184588,43.80162348558572],[12.21833849742901,43.79799801817438],[12.178729443130202,43.80557367619651]]]}},{"type":"Feature","bbox":[9.686700448591356,43.97563319388331,10.255582332275495,44.472707491373264],"properties":{"prov_name":"Massa-Carrara","prov_istat_code_num":45,"prov_acr":"MS","reg_name":"Toscana","reg_istat_code":"09","reg_istat_code_num":9,"prov_istat_code":"045"},"geometry":{"type":"Polygon","coordinates":[[[9.896130434301302,44.15837917394093],[9.883866683081623,44.16826553486449],[9.923493589183419,44.19548720618065],[9.898843668113859,44.20437718854293],[9.863306299698456,44.17212695278642],[9.850929201670642,44.193515665009485],[9.867887248006676,44.22250830601956],[9.851177115452987,44.231703201170255],[9.846842636755305,44.267551974930356],[9.814611546255971,44.28117603866749],[9.805148665192569,44.27761678338715],[9.7605636843957,44.301430191116935],[9.74872553302244,44.31912556875303],[9.724754609632212,44.32480086224562],[9.706701033136675,44.35955599545627],[9.671607546964738,44.36294655160089],[9.715179114729752,44.38781877826867],[9.737208884847268,44.38544567344296],[9.738213589371625,44.393706819642],[9.753215697916287,44.39421814117211],[9.749889516380955,44.407584144118296],[9.81097678796018,44.45409181614561],[9.814643798933368,44.4705423634281],[9.924785865889302,44.47681933568689],[9.97580964101555,44.46810041096353],[9.981270901605603,44.451515259694915],[10.005860452920102,44.44689429011942],[10.013331919233705,44.429624126523734],[9.996422971230553,44.40479555059771],[10.000996007467853,44.40033454552951],[10.099716071467562,44.350942025691594],[10.148748919027602,44.356904440055125],[10.193567727858273,44.31777762803811],[10.230576360990243,44.30329676097977],[10.259835625102445,44.27001153361093],[10.2614716639633,44.254442238668965],[10.235269619731755,44.22522918167974],[10.193810699226756,44.2043749628753],[10.206011068009499,44.172487942551676],[10.189223021824212,44.13937624920757],[10.191976378106743,44.12677865158133],[10.237572620042911,44.1118616832736],[10.249680769940898,44.08438716382526],[10.229052361062257,44.04902347736164],[10.208350748650183,44.0344025622478],[10.212277032266822,44.02284837360263],[10.178374808302767,43.996039179405],[10.176088511353115,43.98192736755785],[10.142017791892709,43.970381724027504],[10.063419503513586,44.02300351865096],[10.00948373258777,44.0429585260944],[10.063279754644531,44.09361829864687],[10.04391617532974,44.11119625028122],[10.024362874381193,44.11465456132823],[9.99421109744199,44.08627544307134],[9.976026511092696,44.09770204841599],[9.988441557432838,44.11754192596969],[9.970357457535368,44.138142971478224],[9.968265348418782,44.16281668008787],[9.921064149136138,44.165354689337406],[9.896130434301302,44.15837917394093]]]}},{"type":"Feature","bbox":[10.143143823555333,43.7497486040246,10.737797524316807,44.28546092802383],"properties":{"prov_name":"Lucca","prov_istat_code_num":46,"prov_acr":"LU","reg_name":"Toscana","reg_istat_code":"09","reg_istat_code_num":9,"prov_istat_code":"046"},"geometry":{"type":"Polygon","coordinates":[[[10.735200214660964,43.813600048995134],[10.713049289386314,43.77800117020211],[10.684487951458058,43.7997222421148],[10.663842004380424,43.80123120004069],[10.651291757125305,43.79303658231707],[10.626641731047531,43.75134304987771],[10.596791152797445,43.75534373402044],[10.55327166619722,43.74456452568848],[10.526799797520946,43.75572688285671],[10.50037751009886,43.74804924351876],[10.466873563173426,43.761789436407525],[10.449382468657362,43.760240153587674],[10.431734862809028,43.787650397788816],[10.443248934212509,43.802747025365555],[10.430582649546865,43.80825569149106],[10.423252260453278,43.82416585292113],[10.41532527749571,43.81532367744902],[10.406331711072944,43.82054164386695],[10.381164267402927,43.807266828973866],[10.30725384129917,43.824415500322445],[10.253432931094787,43.80936786582511],[10.229975874403971,43.87417944147018],[10.13365813074405,43.977328073459155],[10.168133467958013,43.990709767517],[10.178544250251784,44.01443829692715],[10.198237269176799,44.025893874707684],[10.194507493234232,44.03686090894198],[10.233038399904022,44.073678879828904],[10.236409813004919,44.08439446261074],[10.227235898589916,44.1052014214422],[10.180548817230006,44.12047120766031],[10.176212049777767,44.14029459338951],[10.192725676388472,44.172881509911036],[10.179210408380857,44.20817951971626],[10.22598423492111,44.231712837255344],[10.248505782409731,44.25682828791811],[10.246984812654416,44.27127079075374],[10.296405505672745,44.29078134464852],[10.344274561190304,44.27435977905479],[10.3743224073685,44.274095946739294],[10.432550003170265,44.232472183066996],[10.466315396265939,44.23607622058475],[10.495494888185952,44.223300307778004],[10.492144520470266,44.206054845724736],[10.529284856226012,44.17685179730149],[10.531382121598721,44.15896318271446],[10.582722956656976,44.135110975408104],[10.590284118598712,44.12256001195619],[10.604663721344169,44.119692492426275],[10.625439159053505,44.125911626572154],[10.646919079312932,44.111431469631555],[10.68385538391071,44.10962811164147],[10.729079108602768,44.08523952754785],[10.725635174567518,44.04528874910191],[10.747579962232965,44.02320360968519],[10.704851623229473,44.00757117377822],[10.677884000682756,43.979623362642926],[10.678166715933488,43.95149049583913],[10.65432090093151,43.90856316856366],[10.657070002804225,43.87368881496467],[10.667358810641954,43.87177699497046],[10.678630505892537,43.88465898448253],[10.735200214660964,43.813600048995134]]]}},{"type":"Feature","bbox":[10.623408936946824,43.788830418599964,11.071477934562418,44.16009232812548],"properties":{"prov_name":"Pistoia","prov_istat_code_num":47,"prov_acr":"PT","reg_name":"Toscana","reg_istat_code":"09","reg_istat_code_num":9,"prov_istat_code":"047"},"geometry":{"type":"Polygon","coordinates":[[[11.03094723791193,43.896957635006835],[11.019456465425709,43.8699806400973],[11.040944192685497,43.83164982028657],[11.022338198671461,43.836046106758275],[10.964131500091394,43.80709059448927],[10.943139521126724,43.81746236209806],[10.919205492417735,43.796605477743405],[10.879574385019582,43.7893374261915],[10.847964906783668,43.79809673952476],[10.805372360059947,43.78071656391262],[10.808404910080233,43.801229325718346],[10.786912884207727,43.79372225994842],[10.72358533062846,43.81053245783908],[10.678158336389494,43.866976684247824],[10.673116755474743,43.86121379879574],[10.64495287386409,43.86644700005463],[10.641636145870844,43.910798429764235],[10.665476332608062,43.95325632434532],[10.665176065677816,43.98249361638681],[10.696284762908004,44.014739451172865],[10.728605879412108,44.026568549273414],[10.712685113493707,44.04258412157939],[10.71597441497249,44.08084495993194],[10.679271782319804,44.10063584759454],[10.641565259137552,44.10247528590721],[10.617927613664044,44.118409721994134],[10.617573912683984,44.142552194916206],[10.6389012588585,44.1653138981721],[10.66285828949968,44.15830814638456],[10.757443044212602,44.15861160849492],[10.777631918965124,44.137902629485744],[10.819632744655086,44.117576391370626],[10.832930581035058,44.12225556876724],[10.851604134284734,44.1028023184055],[10.870823440581205,44.10447717640311],[10.896068920831645,44.096001505660475],[10.912357822656062,44.080261636009126],[10.907184124990799,44.068242324575166],[10.91074088126782,44.06738293820931],[10.94015335834476,44.08472415836357],[10.992694158171863,44.14040257677503],[11.02317315528026,44.14260346493666],[11.009214844282798,44.11243530418316],[11.030040974395373,44.10044546666793],[11.052132762749086,44.0991182176773],[11.060824656816422,44.07139149406649],[11.041614102737563,44.02409112859797],[11.018298683031594,44.00422658721137],[11.019147374760975,44.001086158713065],[11.036062801946834,44.00383037284976],[11.080433250525134,43.98413022255862],[11.034952039216986,43.939984303655315],[11.024568632601305,43.91116406568357],[11.03094723791193,43.896957635006835]]]}},{"type":"Feature","bbox":[10.711089058052474,43.45144007685371,11.752937086897612,44.23924427020121],"properties":{"prov_name":"Firenze","prov_istat_code_num":48,"prov_acr":"FI","reg_name":"Toscana","reg_istat_code":"09","reg_istat_code_num":9,"prov_istat_code":"048"},"geometry":{"type":"Polygon","coordinates":[[[11.19531214984972,44.10590254046585],[11.243104922118397,44.10166594809922],[11.25659736215646,44.106696389945526],[11.254810939158403,44.11266468836181],[11.214978372420774,44.12556628994121],[11.189660999812908,44.141472820067946],[11.189446850246407,44.15496102321105],[11.238922563173109,44.163482380089995],[11.277569259681231,44.160145988175195],[11.29175694750234,44.176183787536424],[11.311816120395344,44.18087030418837],[11.319013006922269,44.197247302905836],[11.341124844394727,44.21068166325308],[11.377933142610553,44.20500751628831],[11.420048097939599,44.245793588867606],[11.457902657440927,44.22240909541255],[11.454232673086043,44.20134243144638],[11.519036743600926,44.16167235123686],[11.540938569258747,44.157781699506735],[11.548714169426209,44.169787232444534],[11.567539564044846,44.17210103371903],[11.576233680738,44.16499285956846],[11.621228407372005,44.16243660916325],[11.62310913993077,44.14155336693472],[11.593534149829615,44.121396580991075],[11.592711952397222,44.11849707429836],[11.617227775376236,44.12337318726935],[11.65143574119768,44.10707835038975],[11.676043041861703,44.12747328715854],[11.759891193204492,44.125742814405605],[11.754792641961165,44.1023781130543],[11.706515003935024,44.05370505322374],[11.70074901729937,44.03356344213865],[11.68563690947621,44.01715787196956],[11.665384230626948,44.014186554195376],[11.671219091453418,44.004800094506315],[11.65275092867272,43.98903797032489],[11.659014252931069,43.978217702118634],[11.697855431139317,43.95884158010836],[11.69121726631146,43.93725439254845],[11.72424239737562,43.92227312295939],[11.716232928846049,43.87450886653069],[11.692357306806173,43.8679873614497],[11.672476799729058,43.87178212352143],[11.656208685502863,43.858728248511376],[11.659926892973395,43.83546618587439],[11.636020073266387,43.84075324339714],[11.634563005466037,43.81866196551529],[11.610894651457293,43.80769839759441],[11.60986025182623,43.78573783461389],[11.589476712188805,43.766863623989146],[11.593294634559166,43.74926414085548],[11.578828490262907,43.73276739357623],[11.582722890820882,43.72396314224412],[11.598473797546255,43.7195098705439],[11.618135328762362,43.684816144983266],[11.547493548738583,43.65952132935706],[11.558331003019623,43.64334456301815],[11.510693138277075,43.63641186383363],[11.492521579439591,43.625468218849626],[11.521814995704782,43.59859294895634],[11.527013138766993,43.575805168669696],[11.4926286210965,43.573578282638145],[11.466797804014094,43.58132193537227],[11.448989441759606,43.562361337527435],[11.41122356275883,43.55660084471156],[11.366384216684525,43.52135719678078],[11.337946966011927,43.524018511171555],[11.289565041835534,43.512846470976264],[11.284848741423504,43.53047995514135],[11.275017694201708,43.53657032532932],[11.273767367895083,43.52101462063893],[11.23367400281485,43.486203593851045],[11.207805915161048,43.47496629295268],[11.188482112881143,43.48526812578117],[11.164854859687118,43.48236939305469],[11.18579149229599,43.51367135026016],[11.182790720649125,43.516267152638186],[11.16506996503735,43.50506307847452],[11.146120656797752,43.47590461709215],[11.120013258873877,43.46948922413185],[11.10596102891031,43.49564442796137],[11.068582071881794,43.52352908254093],[11.033383335517213,43.53274827596558],[11.030488048814183,43.539640446673914],[10.970275829513145,43.51096231665924],[10.960764457604563,43.495172180439766],[10.967634682314204,43.4824528677965],[10.956080449459533,43.44591987109807],[10.91653652165168,43.45341215126808],[10.908267069346044,43.46133974292141],[10.864482705901183,43.45516955577372],[10.862223035718355,43.46955611741425],[10.841712859463032,43.47583911265728],[10.85361416877898,43.48774247217727],[10.852290188859087,43.48991176171497],[10.82943075342746,43.49242091283225],[10.839885276410442,43.50950262050231],[10.819016878802127,43.53464782557392],[10.823805090469191,43.55267348388138],[10.837873085964045,43.56180544145144],[10.822920412656387,43.56785742369615],[10.833994477595574,43.58833490501173],[10.814189128029549,43.6156066008824],[10.849914909560345,43.631008349925885],[10.871155100774867,43.620946653556636],[10.884099280962195,43.644087143983114],[10.908337329702709,43.644269394556915],[10.923225475328378,43.655887555049496],[10.91105720565185,43.65922176037318],[10.873715331901606,43.71421073765185],[10.830314674670626,43.7089676154315],[10.829251579695477,43.69862789213356],[10.793710360118755,43.70123786628939],[10.773985673629053,43.73398595477945],[10.7340143653339,43.75049973063342],[10.704127884863658,43.78599981529163],[10.724405026472935,43.81984949734214],[10.786255573134262,43.803434114881426],[10.82301685194999,43.81626873428093],[10.820167148078674,43.79703205141948],[10.84695924336138,43.807959814095305],[10.880320761795094,43.79871663302909],[10.912313885896326,43.804584017002156],[10.940827204121598,43.829429918409296],[10.969237189646224,43.81539504192288],[10.98270489084879,43.78875216466773],[11.010178216439595,43.78014563577529],[11.031810538504264,43.78520566755999],[11.039686418067566,43.77012251429279],[11.053192893459652,43.76512687137125],[11.057811060325372,43.774884423995765],[11.046644761833463,43.78294938004544],[11.066720099696965,43.793439070701666],[11.059255870414631,43.79866123416204],[11.05612673509057,43.8188091612401],[11.067036077819559,43.83022671414549],[11.09225066336937,43.82528008017329],[11.119647238908888,43.85570443337012],[11.140741221138827,43.86775800470065],[11.127471950269122,43.88470832136567],[11.140042009231202,43.90154418090435],[11.13178533019737,43.907907272986556],[11.161709715089785,43.92059348754218],[11.153839628336256,43.93591355922359],[11.168878840410244,43.952972915627754],[11.167797105577874,44.01127498558915],[11.184335588551367,44.029974871810964],[11.172810042629708,44.045015206002674],[11.181167504870416,44.07682969230119],[11.19834989603905,44.08728646075765],[11.19531214984972,44.10590254046585]]]}},{"type":"Feature","bbox":[9.791282843211,42.314186979693815,10.796219655378454,43.63463830579779],"properties":{"prov_name":"Livorno","prov_istat_code_num":49,"prov_acr":"LI","reg_name":"Toscana","reg_istat_code":"09","reg_istat_code_num":9,"prov_istat_code":"049"},"geometry":{"type":"Polygon","coordinates":[[[9.826091143737806,43.07886238053607],[9.842982935271822,43.066943503442744],[9.84173369640912,43.05191914785353],[9.856244501554633,43.047165578567345],[9.822316876431897,43.00531738009162],[10.111607516719854,42.80072181795251],[10.138437068012852,42.8139000024049],[10.173018681588493,42.81088505787512],[10.185697354012316,42.81755461091608],[10.238726979205483,42.793959872485196],[10.243004216282918,42.80263751590732],[10.2645919424547,42.807070934967314],[10.268713486327993,42.81753598716872],[10.243001815772963,42.84208004460936],[10.296769989348357,42.823168877578],[10.322230680982605,42.82301311664935],[10.335618893384618,42.84629668718965],[10.340708440712065,42.81162864955894],[10.325497932640255,42.80760801185452],[10.350509643270195,42.802585413738086],[10.355153534143456,42.80532445498639],[10.353092182179124,42.819150452149195],[10.374642719145251,42.83050724099591],[10.408933242769642,42.877953189512574],[10.436585602285747,42.87593088706546],[10.423465793465954,42.86645040705374],[10.425909667279663,42.86278125810709],[10.442356489562174,42.85392931163805],[10.472092106599629,42.87358093676615],[10.539699145271248,42.86436073249388],[10.530396400223147,42.917453825707575],[10.508706929869085,42.92826279449304],[10.490355204419068,42.92696685963893],[10.476415136597716,42.984999500596444],[10.493266869361886,43.00096235180851],[10.504438776942681,42.99587267910986],[10.508465977194884,42.99883010228949],[10.504154768582266,43.01374292673634],[10.516035960592642,43.02159385740394],[10.527420696886576,43.06194831040829],[10.53336306287115,43.15483095274264],[10.519426962576695,43.24079647626014],[10.496284108924883,43.28842110078379],[10.454027122549185,43.31966453292315],[10.419823975848443,43.39571193263034],[10.401887078169306,43.40597277779169],[10.376436066285176,43.44706780828588],[10.32510365451309,43.471073286371016],[10.313210849166174,43.5087152678523],[10.2892070645357,43.5406390061654],[10.286884967924905,43.540997284514305],[10.287650533915068,43.544139676031094],[10.221737537604291,43.542634551078265],[9.913473788498083,43.43062632897589],[9.903255514404458,43.413656172712074],[9.881428426297324,43.423480783895585],[9.888257182954122,43.44103008774087],[9.905981389579317,43.4403195191088],[10.216310251079726,43.55351779193233],[10.290981457313734,43.55780787014301],[10.298547434971551,43.58882936036537],[10.408058711528286,43.621406842113196],[10.431571322885993,43.63794856426762],[10.517546034798508,43.63317757244774],[10.490774118622323,43.58275321693293],[10.481867997007514,43.580849993432516],[10.48593976312329,43.55709496564453],[10.470890217572167,43.53917304986946],[10.506656965886851,43.44648697305908],[10.497764989385535,43.439419747283196],[10.514834305296155,43.43473264588952],[10.50054607875309,43.40755250775368],[10.511873565432296,43.37135480771922],[10.51669761485022,43.367181467257204],[10.548991117201963,43.3744067518799],[10.53024393320058,43.32760487853859],[10.566912580259087,43.311216280818705],[10.571286990039225,43.30061582830317],[10.615918438457857,43.28727871845515],[10.6478719358936,43.28789494376625],[10.652547254677716,43.295653716580254],[10.68494759770193,43.305794634013274],[10.703094986985358,43.29711137736634],[10.70272574365486,43.27856758568558],[10.673690796801171,43.26317437578306],[10.678260324218824,43.24648004064132],[10.669059492830826,43.230261973592235],[10.67305670366848,43.22674170038069],[10.696281470280203,43.22936094309166],[10.696538876870434,43.2070661815651],[10.682415520685666,43.18866826758397],[10.651087816565774,43.187576726649525],[10.654028677301282,43.17664123723585],[10.669595218920815,43.17845306697839],[10.669473197306614,43.149339528282894],[10.693878166311853,43.146702720005194],[10.699578152057809,43.1296439075514],[10.725132846973732,43.12536580230256],[10.731576941007079,43.0811366932948],[10.722638103331494,43.0735158591885],[10.728320289017471,43.071308647046166],[10.754165810790257,43.07987448436958],[10.786667758455824,43.06582104466136],[10.783132344410955,43.02632698030856],[10.806329297426823,43.01943896040665],[10.782009657950564,42.998979832643144],[10.745906123069103,43.00862948032912],[10.744198659182429,43.00222906990581],[10.758055789949037,42.98480310810641],[10.719650578303442,42.95668302853545],[10.710175954172335,42.9367803874669],[10.628203924839209,42.94963838771912],[10.562880864847143,42.94376373923009],[10.548880915540758,42.93460258378638],[10.55359318456728,42.928268477614075],[10.545220177598777,42.91915918447443],[10.554996180964956,42.85103022542168],[10.477499757243883,42.86028630250315],[10.448748422015138,42.84325551522985],[10.434716391191433,42.8157188683238],[10.440583718920786,42.772840443730765],[10.405220060259222,42.76140637580024],[10.40565964148945,42.761335378270175],[10.41550903083608,42.74701858499664],[10.438423735413755,42.737644183683024],[10.441057450387829,42.71681759436058],[10.427118949442786,42.70396272208044],[10.408196064620325,42.703965185247],[10.407340348101858,42.707365585301304],[10.406868175791418,42.70702227097188],[10.378697501675555,42.71373004721952],[10.337443865663042,42.69765973640148],[10.333496257074948,42.70233407406936],[10.370542092572382,42.72261662474834],[10.369440455880682,42.72718184562751],[10.352783934091278,42.75592384921148],[10.341810177289682,42.75953698280605],[10.324552082927815,42.756529598632596],[10.329331074991027,42.71237444399348],[10.322772620148106,42.71154350668626],[10.307562336893406,42.75416944028345],[10.305556824404016,42.75457124088079],[10.28551382229056,42.729297353496555],[10.24436331299923,42.74230627311397],[10.242226042607738,42.720284007866034],[10.187635342128853,42.7317449780538],[10.14479356984217,42.72824476925167],[10.087809097747423,42.62153176812123],[10.098494840064216,42.59465816089051],[10.115605424417502,42.58335232619751],[10.095074280315918,42.566871291456096],[10.072072150666212,42.363045254376395],[10.286068270240177,42.34112552808666],[10.294916759795125,42.35450958509116],[10.315805322516463,42.35524992090976],[10.333580003025032,42.34427564253584],[10.337876109144943,42.32300082848582],[10.317131129609482,42.30940414966489],[10.288563162434459,42.31369085066422],[10.283917440892866,42.330118136814825],[10.056086098696278,42.353931326345645],[10.07988458156739,42.56532286066026],[10.047669423908433,42.57003533027208],[10.037678310069692,42.588048043406296],[10.067844824178259,42.59340784959903],[10.075363229188477,42.60253212851867],[10.072522331353236,42.62355223095232],[10.130936509202654,42.73252547353584],[10.099419522307752,42.76116684078903],[10.102361082011399,42.79184674021048],[9.796139763106336,43.00438817244648],[9.785000291595594,43.02294504324843],[9.79463653977904,43.05599644427943],[9.826091143737806,43.07886238053607]]]}},{"type":"Feature","bbox":[10.258441449776214,43.10876073027344,11.01400568339971,43.83496432173655],"properties":{"prov_name":"Pisa","prov_istat_code_num":50,"prov_acr":"PI","reg_name":"Toscana","reg_istat_code":"09","reg_istat_code_num":9,"prov_istat_code":"050"},"geometry":{"type":"Polygon","coordinates":[[[10.640362947092072,43.79763610198003],[10.659451332473676,43.81079274688933],[10.690846068636006,43.80849825911527],[10.742603199342431,43.757247989158834],[10.7836007592536,43.740307495452385],[10.802076552830616,43.70962740410097],[10.81793924318353,43.70846294162471],[10.818779809209973,43.71665271502539],[10.880684315102743,43.724131445162925],[10.919909311735138,43.66636357605112],[10.944746755048737,43.65955442123525],[10.913720556999365,43.63535001510322],[10.892382141511211,43.63519095425024],[10.87691394640346,43.60753963577369],[10.848810897378977,43.62085602436948],[10.833373024691012,43.617498118283216],[10.847372984540502,43.58799602341182],[10.838336328665285,43.571856811613536],[10.858962530808318,43.56350421931806],[10.835044651002805,43.547984560270585],[10.831947105474839,43.53633270963045],[10.853689318461946,43.51012509548018],[10.847200808446104,43.49952991771918],[10.860733239438208,43.49804297495604],[10.867689637436767,43.48664153619501],[10.860760919784402,43.479714889419014],[10.873562508132132,43.47579145559463],[10.875130539915606,43.46579760726533],[10.913389299883155,43.47118506558705],[10.92368901977022,43.461311083333264],[10.955378756920735,43.45530677616265],[10.984778533333154,43.42086089666509],[10.984978072130891,43.41006910272867],[11.007139743572532,43.404706777418895],[11.020474446296431,43.364574130726716],[11.001234023325637,43.33955830386313],[10.977848841177817,43.339760087062174],[10.97587559858873,43.3098748833585],[10.95937819745559,43.30777700035026],[10.958673191333567,43.304355456460485],[10.990870474951366,43.29040737542979],[11.003674776291678,43.26586185623975],[11.002522566892909,43.23805807269058],[10.991292646973205,43.2256799988678],[10.941897901331943,43.23969140888942],[10.935995982962247,43.23293592146149],[10.944472762870992,43.22990292516694],[10.947677870236086,43.20238431694812],[10.916764601506882,43.178512703453734],[10.914246363316895,43.15520117995642],[10.843235155940965,43.15660703130606],[10.814063195000525,43.145162951141245],[10.799925330293432,43.15650632481649],[10.767306120143465,43.13693076785566],[10.759362126090927,43.14374949860412],[10.754717152992301,43.1217880766584],[10.711481255510536,43.10041384972058],[10.711422525117268,43.120009890491914],[10.69378519154119,43.12007617713791],[10.684535232186848,43.138760983139726],[10.656957518689946,43.141989468370035],[10.657404916846609,43.16803353861078],[10.644636001181956,43.16654567537509],[10.635645488798252,43.194766123139345],[10.675192207616819,43.197229243386495],[10.683716382606628,43.207752797257534],[10.684293896899714,43.218828735439516],[10.668104269552543,43.21723747444186],[10.65507773757728,43.228708006287135],[10.665675077161465,43.24739659822674],[10.66029522470451,43.26703403907798],[10.690715198474813,43.28316594897202],[10.690896037101213,43.29234289339154],[10.68375672842354,43.295758742795826],[10.661684619829332,43.288850398160754],[10.655841564412839,43.27915521986862],[10.613709154424154,43.27834374444073],[10.561379801704808,43.2939797842722],[10.556668818758215,43.305391894707235],[10.516004120012706,43.32356152172681],[10.531025010484496,43.36109482321736],[10.512614346971233,43.35697262899566],[10.50072233691269,43.367259812396135],[10.487897887812148,43.40821431794176],[10.499112497129229,43.42955986958136],[10.476625955894473,43.435730413620085],[10.493135664960992,43.44885815984745],[10.45774602785582,43.540505187915805],[10.473345758156368,43.55908858785144],[10.468511216803723,43.58725444340371],[10.481598964949287,43.590052479103385],[10.500275345264631,43.6252467456702],[10.436503321057657,43.628913583900875],[10.414864582751699,43.61385863876149],[10.29378489107071,43.57492333282833],[10.266213632020222,43.67228912692397],[10.276494625549502,43.69144879509902],[10.2517019466685,43.818256991150044],[10.30682517800653,43.834164287876234],[10.378916936523655,43.81744160857796],[10.40669415953536,43.83209047065959],[10.41233157703928,43.828820556640736],[10.426934323175624,43.84510397508487],[10.441078867353411,43.814402406744634],[10.460238604024832,43.80606698507615],[10.44591395693563,43.787294593582175],[10.45693408227206,43.77017346651624],[10.469455636342254,43.771281748604515],[10.501305320581178,43.75822158342489],[10.527813298137888,43.76592241189123],[10.554629695465602,43.754616427644],[10.595835925102342,43.76482077384365],[10.619029850707602,43.7617137849375],[10.640362947092072,43.79763610198003]]]}},{"type":"Feature","bbox":[11.397508987486924,43.156326421950766,12.37135441647987,43.877473894011025],"properties":{"prov_name":"Arezzo","prov_istat_code_num":51,"prov_acr":"AR","reg_name":"Toscana","reg_istat_code":"09","reg_istat_code_num":9,"prov_istat_code":"051"},"geometry":{"type":"Polygon","coordinates":[[[11.390226528078253,43.547979169736664],[11.404461869412783,43.564839606151374],[11.4353562323201,43.56739414881572],[11.462654112966346,43.592172217570955],[11.494493339052285,43.58262943360868],[11.512846004492495,43.58381894667523],[11.510323620984417,43.594865282495824],[11.475534827823797,43.626771035774695],[11.505292135613834,43.64469585656712],[11.540437501257816,43.649813974882335],[11.531180597011879,43.66362263709329],[11.6032480297959,43.68894303124991],[11.601911767765218,43.69698083645441],[11.564731928907824,43.73321560512666],[11.580359881135998,43.75104369560842],[11.575257696862263,43.766367727577716],[11.597783022300103,43.78886922933371],[11.598900110350373,43.81268826295768],[11.622598273016447,43.823668454961755],[11.623749871143906,43.851537068301056],[11.64568325253373,43.847564957089645],[11.643417794290151,43.86171554001316],[11.667774310374075,43.881261933252894],[11.72148254908005,43.880419364080424],[11.73625360256314,43.866769566890014],[11.789864782170827,43.85033617854435],[11.842845827467896,43.81328951582406],[11.867288070271387,43.82173000184318],[11.896208429625625,43.81262807855924],[11.913180858891945,43.81891892246832],[11.923283724607261,43.79764916142421],[11.952573976156089,43.79457039844827],[11.958533201115522,43.77897227359923],[11.987238698905754,43.766702025360296],[12.006279400317837,43.77110116712214],[12.056520001871831,43.76080113169944],[12.072270677396999,43.74622277880017],[12.106185048000143,43.758206343911965],[12.14048329831037,43.75705132862259],[12.165200379039932,43.768221666074304],[12.193320079035624,43.74058259592673],[12.202058298718121,43.754897039153064],[12.179939040452558,43.77252568165875],[12.163013149686872,43.80778831613534],[12.174966871534453,43.815367675883856],[12.2159040968132,43.807657829627246],[12.2270516273081,43.815906943071894],[12.244127832746644,43.8019901881319],[12.243137363753435,43.784149760387685],[12.208473987888942,43.77241385871407],[12.214506259203828,43.76226141075861],[12.230375823504694,43.76416935654751],[12.24459713858165,43.75714275883986],[12.252145594291623,43.76426224611654],[12.281750041034192,43.76956305353907],[12.320556686416468,43.75935838905038],[12.37938652255278,43.711426814940125],[12.357489622570556,43.6960385106091],[12.34331880943929,43.70526393450641],[12.337210936620659,43.704423199627506],[12.342938192676314,43.67315799221709],[12.30792673015704,43.67363498384938],[12.315145432645219,43.693421609672484],[12.309326917562263,43.70982118344647],[12.302630526481279,43.68315959636269],[12.274343373588877,43.671256861809645],[12.25344799613363,43.67531254818636],[12.256120621431945,43.6677092412008],[12.236138610233189,43.65186988578826],[12.195289719428175,43.64034430031674],[12.240839110964655,43.588078144194114],[12.237216911917631,43.585900326244996],[12.211423830133015,43.6037736041328],[12.201682648922406,43.59704485321224],[12.200138984803749,43.5869301994338],[12.168225970245384,43.55937222340412],[12.157010320967002,43.520520033109094],[12.140406739558646,43.53103776442821],[12.106901825450722,43.526072189675745],[12.097233250115668,43.510795466971196],[12.100256328530087,43.50211392922047],[12.151286001436695,43.482008917328834],[12.148731349428292,43.46702617471466],[12.107977449716822,43.45679926647999],[12.084163360723183,43.42905833866802],[12.058721302402397,43.43343121710615],[12.032173534392784,43.41441891561642],[12.037014131371112,43.404799933918056],[12.083335940888208,43.40680144213715],[12.083034049178211,43.37205403041357],[12.103898689782243,43.37745134294598],[12.12974874596671,43.36061307822892],[12.14171836702597,43.342266244988075],[12.132026339869068,43.307117680621296],[12.137183191094762,43.2965307303722],[12.173574257727456,43.28730426771922],[12.191274266823658,43.320317110145],[12.233185675650853,43.29479520197006],[12.150505831896808,43.25020267423404],[12.12331831106676,43.25053547365107],[12.093250380414426,43.230574266137864],[12.049023436686767,43.248075308393084],[12.040790917355341,43.244544685938074],[12.04579267821245,43.22897372749236],[12.032392647090209,43.1882614774029],[11.965137789039984,43.16257926659581],[11.932143681813349,43.17151362258569],[11.920711173945703,43.16220308869954],[11.905423783548471,43.16860982316232],[11.888703782005184,43.149127163071434],[11.846100605963132,43.18330104895837],[11.82956714943804,43.21977559559735],[11.79394083685222,43.21733695678708],[11.773676989344569,43.233121313819254],[11.749216239922562,43.23248962589173],[11.716166055948534,43.251643321045265],[11.705669997607272,43.275525856515955],[11.673636671657963,43.28185122675144],[11.653013902349054,43.31909679645745],[11.621345977396011,43.33963050916334],[11.562494441370294,43.35961631082529],[11.55805385718931,43.37207892266992],[11.524886623052984,43.3905177942884],[11.542982499228113,43.454218749747916],[11.526310528460144,43.452226678875974],[11.513053155966254,43.46251145351649],[11.50113818091344,43.45419466791718],[11.453361430505018,43.49850066200823],[11.454297988501152,43.50623718156498],[11.43275739614955,43.50737833631679],[11.390226528078253,43.547979169736664]]]}},{"type":"Feature","bbox":[10.908312951711318,42.78575944729584,11.982431524565104,43.548372512061825],"properties":{"prov_name":"Siena","prov_istat_code_num":52,"prov_acr":"SI","reg_name":"Toscana","reg_istat_code":"09","reg_istat_code_num":9,"prov_istat_code":"052"},"geometry":{"type":"Polygon","coordinates":[[[11.355301630044325,43.075073955352224],[11.353451546107829,43.074220326255436],[11.33018090817837,43.08543016947941],[11.323656982407307,43.07851060322483],[11.311158134997001,43.083292270086865],[11.299866124185531,43.07218945617399],[11.238807984373395,43.08019258458413],[11.22827978274707,43.08759524894341],[11.179342062778861,43.08564746764311],[11.172713834511372,43.07330968619188],[11.125371085114098,43.08072616069433],[11.11987740561168,43.08635990359495],[11.080419960445914,43.07821751400618],[11.058099552880295,43.11050739532908],[11.064239686636242,43.12277701821273],[11.043792444777857,43.14335066219898],[11.054155861848777,43.15601594000043],[11.053230016612261,43.17769688107627],[11.04499899522912,43.175689923326374],[11.024145396079854,43.183174350920524],[11.016084764233097,43.17294863072702],[10.97692465360794,43.17133651078901],[10.943820032869157,43.1556512972121],[10.902094437150284,43.16008470361092],[10.905318536870295,43.18282304817985],[10.935066987774947,43.20565745060485],[10.932918505669875,43.22407170613292],[10.91832148149101,43.22929241991604],[10.937003400353055,43.250681580399444],[10.986512697038242,43.23664306361171],[10.990519911983364,43.24116698789627],[10.991410089346656,43.26433733374199],[10.981002912351729,43.28428064677712],[10.945371150500488,43.299712695645574],[10.948622027481758,43.315505534807194],[10.96415380069287,43.3174821047845],[10.966217166473072,43.34882158094945],[10.994143068099822,43.348583201099224],[11.00745968773294,43.36590062859934],[10.996868710423904,43.39775696221092],[10.973227860525986,43.40347508496237],[10.970920912904877,43.420812369824915],[10.944226017091172,43.4491476963382],[10.954767084737181,43.48176824576418],[10.947418924817057,43.49536587268906],[10.960477228149953,43.51705176805093],[11.037467257834534,43.553715690142624],[11.043349885643922,43.53970946402997],[11.075394080962083,43.53131467185434],[11.116688268461294,43.50050575226195],[11.124669224810525,43.48124278080193],[11.137385992470662,43.48345483163314],[11.155054247882104,43.51064714440672],[11.184150148396864,43.52904226591216],[11.200545779368271,43.51485808810441],[11.183290974507223,43.492141980330096],[11.207297681285096,43.485419004336755],[11.24354961214479,43.50389108567543],[11.265970865509361,43.53073434766341],[11.261501810986013,43.556743227727296],[11.296197168327764,43.535254689945],[11.298873301361859,43.52323791266559],[11.306098114333167,43.52281176763816],[11.336371429450718,43.533250098501924],[11.36274796237818,43.530782717986305],[11.373978436646997,43.53548886962693],[11.381522994084381,43.551805026082626],[11.407886365282655,43.551393080992895],[11.439373119180898,43.51594743904689],[11.467504031161518,43.51445463312641],[11.465900009817082,43.501230260071566],[11.502403233298837,43.46737742367288],[11.513497591234616,43.475119419488564],[11.530709086098135,43.46176889872392],[11.558489412908381,43.46508487472051],[11.538332745705413,43.39420404645448],[11.568729708834791,43.377301103493835],[11.572781337465063,43.365925107156336],[11.628039510962266,43.347156398548215],[11.663169551625439,43.32437539641273],[11.68258872703385,43.289295326860554],[11.715170265381694,43.28285940505632],[11.726554091518803,43.25694859835287],[11.753213317208314,43.241497659814975],[11.778710494913566,43.24215486508372],[11.798679862444814,43.226600425928],[11.838004048928877,43.22928915404558],[11.856755503864452,43.1879099310324],[11.886915189523606,43.163718809852575],[11.901358167821508,43.180545525799715],[11.91823924693046,43.17347303533029],[11.928798206398929,43.182071102040055],[11.974690737599644,43.167557645292945],[11.933426663931002,43.14942740911067],[11.919035441936302,43.12816641677818],[11.937168060555562,43.09361350387359],[11.930155979561885,43.075098691067055],[11.939946254333782,43.06033156781863],[11.944293290246502,43.06021273469648],[11.953572349015824,43.074471198389304],[11.9774650043958,43.067189497980706],[11.989026523162257,43.05138007905635],[11.955690351600012,42.97595862285102],[11.958258511543354,42.949087001373115],[11.939833417419548,42.90988794497792],[11.964924799635467,42.893679676203526],[11.964720113499883,42.86689347995742],[11.932569819093127,42.86497765040222],[11.917461061795438,42.84706431257181],[11.898922575533192,42.84039440914584],[11.90252643996589,42.82894409664502],[11.851840750962593,42.83400946338843],[11.820000884568596,42.82045777831145],[11.810039156482992,42.783704687131184],[11.782681603229864,42.8123734716754],[11.771764950296042,42.81461247176254],[11.74899012192705,42.77997593846539],[11.702364181879892,42.794207002432536],[11.661961743197256,42.7830214848858],[11.63978348667723,42.794962927613966],[11.616328770030602,42.79235245682592],[11.629543870469442,42.81909933489315],[11.630104683207616,42.85736575913943],[11.613321122684829,42.880658137608506],[11.620554790173415,42.91140102071421],[11.609186669281959,42.94211481426067],[11.569916076261544,42.96547260583557],[11.527835423861488,42.96024050649443],[11.513870403194451,42.974628626755774],[11.490446973603074,42.96023834238753],[11.456585806981565,42.952666549203414],[11.327764582153723,42.97055881094181],[11.366959661716892,42.98142457747264],[11.35590035171501,42.997672002207224],[11.367553174695633,42.999083962249316],[11.354972041729845,43.00808414251562],[11.355301630044325,43.075073955352224]]]}},{"type":"Feature","bbox":[10.706263855822694,42.23824385377517,11.818658361058544,43.189064384170784],"properties":{"prov_name":"Grosseto","prov_istat_code_num":53,"prov_acr":"GR","reg_name":"Toscana","reg_istat_code":"09","reg_istat_code_num":9,"prov_istat_code":"053"},"geometry":{"type":"Polygon","coordinates":[[[10.71175760300403,43.111673431710656],[10.74352587232078,43.127069459367014],[10.751402174313215,43.16432905014813],[10.768808724717505,43.14939373139429],[10.801127701955068,43.16878411410812],[10.816650600496851,43.15633143882969],[10.840291506386048,43.16560407717514],[10.940652714724175,43.164870415872265],[10.972939259087322,43.18016711398535],[11.00981909240942,43.18236010792662],[11.013972692873296,43.19437804520857],[11.046206267877865,43.18526438369753],[11.064947129779975,43.19020019990551],[11.066501218253906,43.15363483581969],[11.05847471084072,43.14382917808765],[11.077987442375173,43.12418868839534],[11.071423867591335,43.11108004559858],[11.086761535197018,43.088887132824844],[11.124808487932519,43.096734708457156],[11.132530403057359,43.0888159149429],[11.16514801554037,43.08370709841752],[11.170855228332542,43.094331799319995],[11.232887862942093,43.096801541417776],[11.24456791451261,43.08858915090093],[11.294592316832805,43.08203317491529],[11.307583710303044,43.09480594444763],[11.319742275271544,43.09015596146585],[11.326913005415424,43.09776065417013],[11.354084778808136,43.084674676148445],[11.368905256222467,43.089469266114406],[11.367231057828008,43.01185664612355],[11.393766761389283,42.99286397301334],[11.377302596858565,42.99121718180849],[11.386838318999132,42.983172041399165],[11.361344966815174,42.97167885845414],[11.455887461757293,42.962009905447964],[11.520103844328121,42.98728157922189],[11.53264657693696,42.97036692373223],[11.57386530934741,42.97506937623709],[11.598407155207394,42.95550632358203],[11.61420638272916,42.956082222885385],[11.6327802104928,42.913936257187],[11.625982535424544,42.8820355510979],[11.643565795854785,42.853431008013345],[11.632445815330724,42.80347608715159],[11.64309572945312,42.80437893675815],[11.662958395110778,42.79298854709226],[11.712775984016538,42.80221115024096],[11.763445256780807,42.78579611716251],[11.78356464461142,42.76160722569378],[11.82617888538229,42.748306443188085],[11.806120846035471,42.703070196160894],[11.787618383007914,42.70137983902225],[11.790351945273871,42.67378499469491],[11.815703803208132,42.66064928333274],[11.81011998575546,42.64099303043801],[11.781768129207654,42.62993706900528],[11.756695947148577,42.633938082214385],[11.758082887050202,42.62453137699746],[11.738837808680382,42.60155555244585],[11.712325633403848,42.606079402609865],[11.686352275812386,42.593040127493516],[11.687884492322155,42.577804635009066],[11.660310234492076,42.57307723487629],[11.64536031236614,42.56136007321541],[11.628510356540165,42.56437012989396],[11.617062845315322,42.55333894421265],[11.599207058094956,42.56491690726672],[11.585571504109966,42.56272849097122],[11.590968892202707,42.54086429976788],[11.573964671650629,42.53108624980999],[11.56842756139184,42.519027729014354],[11.62230169490797,42.4907547389392],[11.623885308117414,42.43099578134432],[11.545169415534524,42.437550514939026],[11.5169660490288,42.42879553191536],[11.492687749112505,42.43389508929535],[11.481710982925486,42.41091810729213],[11.455825324856894,42.39213882590602],[11.455913621623685,42.37136941190864],[11.351024241516711,42.39629612725016],[11.287208622459506,42.400819453488076],[11.268358158857453,42.41422121055878],[11.217250963599357,42.40690501459232],[11.212064612843522,42.40062964168435],[11.222248822510291,42.37382533843579],[11.199313775375101,42.37642611914411],[11.19471652378888,42.358153741416146],[11.167243393579218,42.36309500445394],[11.160020857070325,42.35861135363045],[11.117348243486678,42.2629845949636],[11.13016142160796,42.241408726827856],[11.110657765574247,42.24946434316458],[11.10939348150322,42.2479493800966],[11.129870216218029,42.22116296740076],[11.123805255692425,42.21807363164089],[11.082503611033976,42.25654821495723],[11.104056066642606,42.26453188826842],[11.145597391255345,42.361873235645156],[11.137855910228406,42.373938230142336],[11.092896058860346,42.39003434647613],[11.085316414180951,42.411161307001244],[10.929344928130037,42.35236638938348],[10.938120722088088,42.33322550968019],[10.92322235762221,42.31306869515667],[10.895193246350246,42.3272275056248],[10.878733761168126,42.34769881507644],[10.860873918781088,42.34957884778723],[10.861966459976262,42.37406603436948],[10.875201424250706,42.3727846591245],[10.873714371118698,42.39506003812089],[10.908204932004747,42.386999571177626],[10.926454333490808,42.36236184051117],[11.08440144920136,42.423195747064966],[11.10282241810921,42.455419474265184],[11.124970345187016,42.439162146390814],[11.159312452300217,42.439994975371874],[11.180020656698616,42.46977419234775],[11.185207417322,42.51268521291819],[11.154592936669378,42.557365480621684],[11.143640107105737,42.55683685428294],[11.133592126959108,42.54568563483349],[11.111804301099392,42.56353981886064],[11.09693874999644,42.598928374080614],[11.075737208917204,42.611604188466686],[11.078648450342792,42.624472865352566],[11.011760192148444,42.65288183866394],[10.89209652051506,42.57597634879948],[10.924393852764043,42.540405095971884],[10.917413260153685,42.53646263276558],[10.870068472787093,42.57786244032226],[11.002204876993446,42.66167086694975],[10.97750770560641,42.710557122935896],[10.938951772691954,42.7377390697407],[10.855290002171113,42.76263076598646],[10.782230458649018,42.77138058844791],[10.732787635962973,42.797465977929946],[10.684910223626359,42.78631194487871],[10.681651167955952,42.79295689533633],[10.757886945488819,42.81622986775474],[10.769756278399443,42.84399302222266],[10.762980236916476,42.87048765092117],[10.77964181139424,42.888631733342415],[10.767915332410094,42.906964473937094],[10.698675244468683,42.94488636443751],[10.743131675002362,42.98592694026532],[10.731433439103402,43.00063215494354],[10.736750500972045,43.02057564125649],[10.778354412730094,43.009460994982526],[10.785956668353888,43.01585806247853],[10.770470622140273,43.020453929265756],[10.774082856856221,43.060907306734514],[10.753437185418981,43.06983363701371],[10.727906962272465,43.061370615431514],[10.703490591420374,43.0708531207531],[10.718775616698927,43.08388981544027],[10.71175760300403,43.111673431710656]]]}},{"type":"Feature","bbox":[10.964114881239752,43.75840154593166,11.20492026248786,44.11242202076835],"properties":{"prov_name":"Prato","prov_istat_code_num":100,"prov_acr":"PO","reg_name":"Toscana","reg_istat_code":"09","reg_istat_code_num":9,"prov_istat_code":"100"},"geometry":{"type":"Polygon","coordinates":[[[11.01998518335743,43.845601214766944],[11.006532105691479,43.869581840821965],[11.019389187888084,43.8995566511186],[11.014366549753397,43.920707337458346],[11.02466589435385,43.945249866808595],[11.06261126976658,43.98167270923418],[11.033914608674898,43.99441142878073],[11.009584132982816,43.99046208714421],[11.005243989291994,44.00651102064752],[11.033201563712124,44.03452021161227],[11.029229007239797,44.0397101771177],[11.048158582317296,44.0720218858726],[11.042041817268059,44.09469400409269],[11.08750886093367,44.0943616493361],[11.125388411040205,44.113921405748236],[11.161119559133308,44.11688869985523],[11.208019293885839,44.10388960147738],[11.211332451470915,44.08355645726496],[11.192396033113518,44.07203503465764],[11.186698507418308,44.05147319711883],[11.198324263138852,44.02929234194207],[11.180119669441265,44.00871564965007],[11.181188857203932,43.95041642317537],[11.16746395574342,43.934853116891844],[11.176795527859337,43.91667720089633],[11.151269504413909,43.90586071148204],[11.15504113500874,43.9029527540649],[11.141489335427735,43.884833295043094],[11.156591863457862,43.865487227000656],[11.128791003748205,43.84960532854579],[11.097633477847973,43.815006220317294],[11.072172533358604,43.820003485390146],[11.068799442555564,43.81647371594373],[11.070912919507803,43.80284694541566],[11.085786602610238,43.792437097655345],[11.06551692777555,43.781851219385885],[11.0720311087262,43.777144332210625],[11.058086961295274,43.75208103999472],[11.029880389578704,43.76386521881511],[11.024510176442254,43.77414797507721],[11.009563628291742,43.770650530411025],[10.973047108214985,43.78208952656829],[10.9568200580564,43.8141795757504],[11.01998518335743,43.845601214766944]]]}},{"type":"Feature","bbox":[11.912351770617624,42.596816063499894,13.26420751654157,43.61734435669376],"properties":{"prov_name":"Perugia","prov_istat_code_num":54,"prov_acr":"PG","reg_name":"Umbria","reg_istat_code":"10","reg_istat_code_num":10,"prov_istat_code":"054"},"geometry":{"type":"Polygon","coordinates":[[[12.017328851860823,42.90443523481926],[12.016148381249582,42.89446299802925],[12.044004365986233,42.8792918109911],[11.931054895361209,42.85825029927208],[11.926221490266787,42.874063046463526],[11.954335230227933,42.87452435449965],[11.987587447161854,42.90614743279258],[11.96193363827114,42.91128119861342],[11.956335049475294,42.89527843833465],[11.925932440174682,42.90252084796726],[11.945965230129877,42.95023011025135],[11.943392319367705,42.97709246120866],[11.975870951995,43.05016373137615],[11.968776534826082,43.06012658282899],[11.958509194152889,43.063256012399094],[11.939241099379474,43.045296350705186],[11.917080443731228,43.07413576184063],[11.924540644606305,43.09224193293187],[11.90578656385723,43.12854350618431],[11.92013690021878,43.152238231160965],[11.984866355041534,43.18462332838826],[12.019138175420341,43.191779946967245],[12.033373592485672,43.22909691609894],[12.027007796335907,43.248898999530574],[12.048766973721024,43.258231455514625],[12.091463434045245,43.24133967234388],[12.118749726346683,43.259452492257935],[12.146602676057434,43.25911273725625],[12.178644350971162,43.27664780213596],[12.127778396088138,43.28954496776763],[12.119531128456515,43.30647026333917],[12.129080577262727,43.341130523368605],[12.119909758770007,43.35518307956351],[12.101217747726984,43.3673583966906],[12.07084549166729,43.3594975348844],[12.071166693708964,43.39740169068913],[12.028833347019434,43.39556796432261],[12.018114769284718,43.41618845114836],[12.054958679476414,43.44317373517639],[12.078507252254996,43.43912813523714],[12.100000613648069,43.46416648426207],[12.136429462296235,43.47331092148339],[12.135107723408602,43.479565740551756],[12.086016834524635,43.49851798795906],[12.089475921537879,43.524269727512056],[12.099188467835184,43.5339698324405],[12.143822100694525,43.540584636727914],[12.14939473317934,43.53705559029539],[12.156917692382574,43.563126164498215],[12.198834284601821,43.60948507575009],[12.216370839468158,43.61723090671339],[12.229416863439805,43.5978901470137],[12.261133462066852,43.59349009338237],[12.289914133618408,43.59975421196229],[12.297376561840343,43.59317780521869],[12.30933181164431,43.605694237682115],[12.354328213776908,43.622139153493436],[12.409201965230373,43.60769714604369],[12.429355493764179,43.6158291150995],[12.439953263201582,43.584108391765994],[12.371510822882703,43.60345601986229],[12.367863921795099,43.59652833830389],[12.377188795878519,43.57873386837941],[12.347589577487506,43.548824912626586],[12.323419489131844,43.54524123039347],[12.331401651527132,43.53231922430985],[12.345392578996735,43.526522155371],[12.36749799982812,43.540475853949005],[12.394239791189579,43.51644235960025],[12.413463671650945,43.538284584299184],[12.4351132208232,43.543596660974785],[12.460204328918596,43.522447743960925],[12.479784337455504,43.53254020182476],[12.50368373380023,43.52510818312313],[12.568662486903436,43.462936076860316],[12.625724091160725,43.429134225196705],[12.625714947647966,43.42861271110947],[12.63391423559926,43.43544449352888],[12.663400839238635,43.44152283958585],[12.704386570122004,43.43062555150224],[12.709597800526767,43.44803597542141],[12.729356244401862,43.46666552974363],[12.775064230164487,43.46141820990431],[12.78449032237226,43.44914863668138],[12.772320094312082,43.44299675636854],[12.771729269733058,43.42862229126333],[12.786454729119889,43.41512910778223],[12.779531585052654,43.39894641915861],[12.753424334692994,43.38806412265774],[12.754884805419854,43.38045606856989],[12.80472397654393,43.326514569754124],[12.807191942276825,43.29337663576924],[12.797851965737106,43.28438578495302],[12.830278376323713,43.269282832943006],[12.84207945913221,43.220432246774024],[12.871664302154294,43.20863714680868],[12.868417416487388,43.16379307129021],[12.836982467549454,43.144216717545085],[12.847082734223996,43.1266983748859],[12.886681308427091,43.12552555166301],[12.89070034073381,43.102202314509476],[12.903900301783688,43.095592944935134],[12.896358647274146,43.05891440037073],[12.913595739350091,43.03538508244802],[12.89494690791427,43.00992879830751],[12.915049443071982,42.985636339695205],[12.903524574610515,42.96639160921288],[12.953832514739057,42.94411673283802],[12.954986486332107,42.933712414997885],[12.984075926296416,42.92960394341142],[12.974575509797843,42.90054472114165],[12.981074363455155,42.87467706428921],[12.985082822030616,42.874983149479384],[12.99630960982669,42.91417924443188],[13.023685406375346,42.90757820630981],[13.055281369078587,42.9264602573165],[13.076483902556253,42.907238762847854],[13.116449404002598,42.89278628835383],[13.16362775144453,42.83705075679989],[13.209303149320807,42.845775266608946],[13.225797172223112,42.85670520666364],[13.232917833742894,42.88068520086156],[13.25335609887686,42.851648963337034],[13.270539073161293,42.8092006522769],[13.25102626486845,42.765634660818726],[13.235420232084767,42.75053429612826],[13.230205847263651,42.768361445253774],[13.22305971629186,42.76824160453075],[13.200065364901253,42.75609695280214],[13.196659897213587,42.70915991037975],[13.18014161628483,42.687180085080755],[13.186956809776307,42.67696447624519],[13.144739098197809,42.63901803225843],[13.127650509312216,42.65467345942198],[13.12251592877144,42.65379899108215],[13.113742810835905,42.63868107609581],[13.062764248559581,42.61833979441245],[13.032245818047572,42.62404157919403],[13.025700983601393,42.630352428088116],[13.01507432068429,42.61251143206407],[12.953331733422369,42.61442420725052],[12.941881511076641,42.611709293658045],[12.933060597692073,42.59669501270106],[12.880368811684958,42.61718597503732],[12.883293299047889,42.63944661911343],[12.857346005133245,42.662777750210005],[12.830065404969938,42.66624422306174],[12.809095081264813,42.65140999073914],[12.795148494213636,42.656869450285306],[12.779054376106915,42.63178261340095],[12.752609940088485,42.629694731017615],[12.740225327850526,42.62223829795509],[12.742505879266156,42.609386693568766],[12.718703672878645,42.58837017487856],[12.693090506601377,42.633759576237395],[12.672005584070881,42.64010929721584],[12.636670894704224,42.67016543566805],[12.61780768791618,42.66862754050874],[12.610112640902386,42.68909825250204],[12.57907714503059,42.68249821387875],[12.573258347229295,42.70778112600147],[12.590940243367013,42.7158457112725],[12.615871797103024,42.71313107381023],[12.618407682072508,42.7168398456184],[12.609187552185203,42.716636829899784],[12.589446899077931,42.741894696993754],[12.583346495215796,42.738044894865176],[12.586846975473554,42.71772595082962],[12.576096815513104,42.70947055486572],[12.531134627142075,42.706470374941574],[12.510730265055647,42.7148847538696],[12.506873954766636,42.728559904355706],[12.495838584282593,42.72988023217799],[12.466786807785455,42.70146289956843],[12.412778028683608,42.67260418550185],[12.407470310110742,42.69589669604383],[12.40694919181572,42.69581186547852],[12.402278021193387,42.67419866769054],[12.385422581518121,42.66783623800879],[12.362396160601058,42.685329908973536],[12.366401323222247,42.711576794554574],[12.328615461710857,42.74598396498133],[12.317144820144845,42.73496805601707],[12.291983842071913,42.74609327324547],[12.286046959890347,42.765934684879724],[12.284368657659398,42.785219164453096],[12.29579645192499,42.78607850015905],[12.307633410069878,42.8353567294972],[12.321346516040407,42.85178313640369],[12.324123419239964,42.88517524222197],[12.295576535533948,42.88521552674606],[12.311274167762486,42.91256580708789],[12.28128082626586,42.91950376954851],[12.22931796534858,42.91683730080229],[12.188447619386453,42.93445795853861],[12.173078904386635,42.92872780620182],[12.127071934654973,42.93853725979083],[12.059874858279839,42.9292429894073],[12.05160421055867,42.93441392383562],[12.018190476017415,42.90438591384523],[12.017328851860823,42.90443523481926]],[[12.181744583466804,43.27834331761255],[12.213853005448689,43.2958918681752],[12.196499014026235,43.305861441284264],[12.181744583466804,43.27834331761255]]]}},{"type":"Feature","bbox":[11.89188730409445,42.36418090994415,12.89634028653637,42.94312756493117],"properties":{"prov_name":"Terni","prov_istat_code_num":55,"prov_acr":"TR","reg_name":"Umbria","reg_istat_code":"10","reg_istat_code_num":10,"prov_istat_code":"055"},"geometry":{"type":"Polygon","coordinates":[[[11.884070814017647,42.84504905567033],[11.90900211098107,42.85402157684297],[11.927218361285306,42.87562001758871],[11.943888875073586,42.867192380569676],[11.953375881168208,42.86926544738149],[11.944800311176826,42.918159863512514],[12.012857289303005,42.913694794682954],[12.050038663120858,42.94710503712454],[12.063284398720626,42.93882500204343],[12.12764837042501,42.94772458333167],[12.17184941860961,42.93830186087076],[12.188846091102473,42.94463794511701],[12.232178411646494,42.92595805805784],[12.28268834690139,42.9285484518369],[12.326497479803209,42.91851538256491],[12.313580825971181,42.89414162192452],[12.336993431013003,42.894105017465805],[12.333230625729103,42.84897423141247],[12.319132372896727,42.832091163045064],[12.306095143947298,42.77785284010518],[12.297170270165868,42.777182640454235],[12.298038482229607,42.767182068939725],[12.302639452397832,42.75179596793374],[12.314116383635584,42.74672150243733],[12.328346377113736,42.7603847297515],[12.37896216228083,42.71429425881097],[12.375017165101973,42.68847941373594],[12.387322709266886,42.67875421937863],[12.391355122770381,42.680188091192825],[12.396413107304891,42.7036078959366],[12.420169961403063,42.70555453905632],[12.422178792990287,42.688674641825095],[12.458259838089022,42.707949813235906],[12.490587105033928,42.73957225884989],[12.516984767918114,42.73641372846408],[12.521409682908606,42.7207137913295],[12.533718618705024,42.7156374387951],[12.570847219414233,42.71819827192041],[12.574151318876174,42.72082333175202],[12.57054450024384,42.74173215611717],[12.592621469738463,42.755663912320784],[12.616007474590784,42.72574332957577],[12.638377900584084,42.726232841908455],[12.622717902691194,42.70333940852093],[12.59354844808142,42.706517375721035],[12.586521039788908,42.70331257532758],[12.58869422319361,42.69386241960566],[12.618458570556399,42.70018799717398],[12.626662564454708,42.67835803022214],[12.641593728635106,42.67957410444879],[12.679182033176403,42.64760065922607],[12.702256278768264,42.640650573488244],[12.72217373678016,42.6053537985422],[12.729869614424649,42.61214858660244],[12.727399523050833,42.62605070693586],[12.747770648480891,42.638317108597526],[12.771064025386245,42.64015740149535],[12.78975494244794,42.66929277142389],[12.806279697442143,42.662218294492334],[12.8261724859878,42.675816341023996],[12.86398854353099,42.67101134629303],[12.900009293372138,42.634155218791314],[12.892170334017917,42.62554634844449],[12.904650051853517,42.61675389749866],[12.886671727957745,42.60117717072327],[12.899896385667603,42.560495865022716],[12.850901703934236,42.548827585034694],[12.82047439225733,42.52853997091966],[12.779301101007714,42.52702044198631],[12.779624416806767,42.50965366222071],[12.721291074982519,42.49816404947896],[12.749859450565008,42.46974767840205],[12.726745236533988,42.45587803799952],[12.704988812561632,42.456367911483234],[12.67680679170435,42.43785519296807],[12.64478089946395,42.43899193679649],[12.63659365049233,42.462817918867856],[12.620824574102704,42.4612005576047],[12.620900400187043,42.4132328885952],[12.610633001057076,42.40048558616108],[12.572134349075053,42.378485341023136],[12.55163573983146,42.377919412659715],[12.525311861119112,42.35698778686261],[12.506899138475662,42.377695201377946],[12.511788134819364,42.39602770565932],[12.508742044944412,42.39873052673026],[12.450460886606113,42.39154302773446],[12.431484273888147,42.398883355186015],[12.452808854130602,42.40687976131186],[12.455640583542563,42.42023829571212],[12.451566051794323,42.41839425610477],[12.407638672230688,42.42152570082016],[12.40766850321273,42.45873921103795],[12.42284056487084,42.46133290443603],[12.422784351062832,42.46147751385356],[12.406291832425163,42.46390240912108],[12.4069214272031,42.48110314841432],[12.419029054246117,42.487703641539184],[12.418012990487146,42.488585545891894],[12.394197109263416,42.493609630202066],[12.378046504299128,42.477495981036235],[12.349697219948135,42.46826141125928],[12.324784795198735,42.48859396947324],[12.315759647531703,42.48306196543371],[12.27151036896844,42.48987896590382],[12.297211359450092,42.498745417297684],[12.288079567716599,42.505890828508115],[12.268172341835948,42.50409651692583],[12.26984486849227,42.519478495581566],[12.27752256071207,42.52106423960588],[12.257599586938474,42.53328297552248],[12.272148632903486,42.5432634195417],[12.26954848521823,42.55685297807016],[12.232408251266673,42.56936903705182],[12.234771978113574,42.600194284621416],[12.221680502414483,42.61042593042427],[12.234538469123446,42.62719660233489],[12.219167588250036,42.63296799765653],[12.220588376672772,42.64187149333503],[12.200731561818648,42.6568021265161],[12.163326582907274,42.6710050783203],[12.150027147770752,42.654282690991444],[12.135655191327915,42.656560629000225],[12.125367740325924,42.64114944243221],[12.106369680283413,42.65802134641772],[12.096841562341734,42.65086204236288],[12.07469959662246,42.65212238537501],[12.024160670351788,42.63659448587422],[12.02382759042591,42.648078869838464],[12.004117194397617,42.65852456724239],[11.933374854768786,42.680952602925],[11.940891233690433,42.69380649326187],[11.918842469817132,42.701476616882914],[11.924928608336666,42.71566509987166],[11.96398096413512,42.73753874155865],[11.975591518169896,42.75432744302391],[11.974048774434191,42.761429998938034],[11.922820827592883,42.77749955952096],[11.884070814017647,42.84504905567033]],[[11.96321115775199,42.8714135214207],[12.01667593954393,42.88307099559575],[12.00349968766227,42.890243313009364],[12.004947123090076,42.90249357803374],[12.003330672272392,42.9029119612062],[11.96321115775199,42.8714135214207]]]}},{"type":"Feature","bbox":[12.185453636702121,43.41657354762288,13.17243413074119,43.96863512464329],"properties":{"prov_name":"Pesaro e Urbino","prov_istat_code_num":41,"prov_acr":"PU","reg_name":"Marche","reg_istat_code":"11","reg_istat_code_num":11,"prov_istat_code":"041"},"geometry":{"type":"Polygon","coordinates":[[[12.176707333763378,43.64397719201463],[12.229155465473411,43.65929527372253],[12.242854188114793,43.67015586452153],[12.236706966693559,43.687628131119205],[12.272616829473938,43.68066296504736],[12.291800450933376,43.68873552831275],[12.307312108091365,43.75049488539858],[12.326593931152555,43.69615520571237],[12.323778341884346,43.711500116073324],[12.346894077316508,43.7146826015355],[12.358111449947359,43.707380850462265],[12.361316612261428,43.708698032394246],[12.323238613444925,43.74739573822708],[12.277468217783785,43.76025186938405],[12.276696688245718,43.792026000913125],[12.31475154047959,43.810346829596526],[12.347652275876104,43.80449094796395],[12.362952717274577,43.81729568934164],[12.384599448966162,43.820737316445936],[12.391874408110416,43.827320575707674],[12.384649646807608,43.84504466010311],[12.400427404049523,43.88140418361606],[12.44243196025656,43.87570379488707],[12.45848447971744,43.89777824191057],[12.491316550503925,43.9013196287325],[12.502522014590177,43.87984973686913],[12.519234600906504,43.88644828707877],[12.543169095076104,43.869134124950506],[12.55719693992711,43.87304563524045],[12.560778331134339,43.8859717368645],[12.595556019946676,43.89098480892082],[12.595409879306478,43.86887524344512],[12.609042916280547,43.86699849859815],[12.6073299743607,43.85283993466461],[12.627678945907052,43.843877794766435],[12.617538433256078,43.83392067374787],[12.625365064715783,43.826395466992885],[12.643845665156068,43.83140150357598],[12.67109047557519,43.828175955655595],[12.675383220787706,43.830386860564936],[12.67639941182182,43.85614356176555],[12.720196935743273,43.86508753414773],[12.72621121436189,43.870325650533985],[12.715385708357823,43.880164101309575],[12.728510831116628,43.89682828471848],[12.72160231987988,43.92491190084811],[12.748772556083765,43.961924959145314],[12.739787124560298,43.97371852975545],[12.79954483547587,43.96943396388533],[12.894338252491888,43.92755881951835],[12.909875848858817,43.927347940608705],[12.990209184825595,43.86869447116236],[13.054428044954022,43.83587735712847],[13.182275183943277,43.749523774649376],[13.131238299432036,43.72625615535251],[13.118981275490663,43.72494770694643],[13.082240653711468,43.7085990451337],[13.074830951084424,43.690050714039366],[13.026673671571267,43.6710973926865],[13.007428795970842,43.65396290249946],[12.99147052296196,43.65167410455312],[12.985003773915079,43.62255221509483],[12.964747233271012,43.59352906993145],[12.927279600343226,43.584253021381016],[12.904805821856826,43.55013451794397],[12.84969001225839,43.52229257254036],[12.835871439590077,43.50639706588636],[12.809817172966705,43.50037472748586],[12.802076943412656,43.49110192838932],[12.805951771439943,43.47612586186676],[12.779299234500705,43.46845922995036],[12.771185971523034,43.45524333493544],[12.734737869576252,43.457294292328626],[12.720820457828498,43.444173342430354],[12.713239660956068,43.41885774258385],[12.662956829763779,43.43223170583709],[12.640643358662713,43.427632035373236],[12.615628828754245,43.40678290138219],[12.61085633383083,43.427172800971036],[12.573419015282761,43.44638608295661],[12.512852103656561,43.50574117698022],[12.48308908381329,43.52213469241836],[12.457598005276342,43.510569344291945],[12.435209785685062,43.533639670996685],[12.42445421180551,43.53226184477305],[12.395200985679153,43.50156404407604],[12.36630607917613,43.5275388169213],[12.352270820907362,43.517179863550254],[12.329791833307953,43.5195050224173],[12.305719266921212,43.544344055648565],[12.316933912634436,43.55773153004801],[12.341013666717407,43.55729634662733],[12.36353285712087,43.58005537324806],[12.354765247363728,43.596777763908506],[12.363265464528366,43.60922733809853],[12.354726194971192,43.612381860298754],[12.317667727865,43.59883792470472],[12.300603917435042,43.57882735860481],[12.285946335606631,43.58974969934322],[12.258922096178475,43.58462698583962],[12.221528948715413,43.58999001650729],[12.176707333763378,43.64397719201463]],[[13.084074736102469,43.72121304166589],[13.075186644627616,43.72026012398841],[13.077087730109348,43.7188452222682],[13.084074736102469,43.72121304166589]],[[12.327263125642029,43.692506962446245],[12.323498025742827,43.68219477119101],[12.329168418976229,43.682117477035845],[12.327263125642029,43.692506962446245]],[[12.423562260518482,43.60055929128415],[12.42546152090692,43.5997601591107],[12.425316069348776,43.60088719502673],[12.423562260518482,43.60055929128415]]]}},{"type":"Feature","bbox":[12.74680941986817,43.20993558678302,13.658362502305698,43.75021293775799],"properties":{"prov_name":"Ancona","prov_istat_code_num":42,"prov_acr":"AN","reg_name":"Marche","reg_istat_code":"11","reg_istat_code_num":11,"prov_istat_code":"042"},"geometry":{"type":"Polygon","coordinates":[[[13.26520385162847,43.45624738624667],[13.247604200002497,43.4553778530639],[13.20905895957636,43.411640265441726],[13.170218051824381,43.41492613488785],[13.149880985225572,43.40903183668037],[13.09346246146821,43.43057228315304],[13.078365152777693,43.415977117325646],[13.093139297610502,43.39320095760483],[13.067868340923459,43.37909984784946],[13.067924187963063,43.365677777919316],[13.01951667747754,43.30716300158577],[12.993485142960939,43.298932435846545],[12.991694978689713,43.28915248754602],[12.95745115716632,43.27451028826021],[12.907605358263911,43.264788492402005],[12.901375855069562,43.27402107307429],[12.887772450078083,43.26460811765899],[12.90295075909169,43.22664932532966],[12.863237888211788,43.20665349270058],[12.831627074635984,43.21436717230371],[12.819619189059567,43.26404013245217],[12.78152951679479,43.28177514450496],[12.796206562382908,43.302182439590325],[12.788765716166196,43.332360965841445],[12.743628031866667,43.377196254721476],[12.74065330918434,43.392675510548884],[12.769677308180226,43.404776644106775],[12.77334055573226,43.41334342722189],[12.759824436640864,43.42572492712758],[12.760720341026753,43.44762851115944],[12.769053102433638,43.45184192457889],[12.761352340941615,43.4624468687591],[12.770826797736376,43.47520451390672],[12.792689948648158,43.4814954386346],[12.789772418548617,43.4927610888088],[12.80212046973685,43.50755710906218],[12.82828819421083,43.51360700867468],[12.84109503943517,43.52834028498005],[12.895612354498198,43.55588379946645],[12.918865828751114,43.59119192140666],[12.956478522004911,43.60050608315748],[12.973747843851386,43.62525458310132],[12.981215359707726,43.658908704500156],[13.001025073570538,43.66175115799693],[13.01906700730744,43.67781542472934],[13.064901322938336,43.695857415261905],[13.070724469736833,43.711402757012806],[13.050718372097977,43.72626669367153],[13.127081011986524,43.73444521281859],[13.172949568614944,43.75535802296231],[13.289513173154006,43.68257249193546],[13.425046367038822,43.62432354921548],[13.479403811896923,43.61167932355344],[13.492602528278868,43.6248341335094],[13.496497035348622,43.62435432616961],[13.489857305496798,43.631959554537],[13.508353339490778,43.635010601887956],[13.557861454103413,43.60478747230245],[13.580133552900843,43.571890444914565],[13.631391869648525,43.55281768719064],[13.628483153777722,43.50480544063695],[13.64949452589332,43.47235743874041],[13.61370037231106,43.45810480614971],[13.635543873727253,43.4498109261726],[13.661260964769099,43.451951260565046],[13.661421871675062,43.42782265384467],[13.617204674131544,43.41290739249006],[13.584598645660531,43.41574611057652],[13.57582969956469,43.42661228127416],[13.585717922872027,43.44119164589942],[13.53231497565398,43.435044770697274],[13.51509001351381,43.439682662031615],[13.480754287387995,43.43205713947097],[13.448800174133689,43.44014293723415],[13.432919578917252,43.429426868708276],[13.413946012822809,43.430776512802026],[13.336916309551023,43.38657799965835],[13.311040561934837,43.395700367458325],[13.280521216504212,43.423183241273364],[13.26520385162847,43.45624738624667]]]}},{"type":"Feature","bbox":[12.8296453196382,42.831854780380624,13.742854584310436,43.47420629796895],"properties":{"prov_name":"Macerata","prov_istat_code_num":43,"prov_acr":"MC","reg_name":"Marche","reg_istat_code":"11","reg_istat_code_num":11,"prov_istat_code":"043"},"geometry":{"type":"Polygon","coordinates":[[[13.090013872839348,43.438665705859115],[13.126959665605197,43.42987663618335],[13.136184476450696,43.41990096201952],[13.150164113874434,43.416002281079905],[13.16902162588389,43.42146717478443],[13.2049285204447,43.41843079604749],[13.222887319168015,43.433731774414866],[13.242436952504663,43.461537063772724],[13.290468788305624,43.46390507178871],[13.27544167319637,43.455267780742005],[13.286012988130066,43.442689506594945],[13.288469713862675,43.426381989543756],[13.302696114215474,43.417981834667536],[13.316581375225052,43.40101766888894],[13.337735838267852,43.39752187333933],[13.338543627633355,43.394365735509574],[13.349465706775781,43.3969590042375],[13.353975721700895,43.40696751848318],[13.395657750902307,43.4234330210029],[13.410858547658897,43.437423515577116],[13.42985537975458,43.43607293638809],[13.447397927287987,43.44790958548615],[13.458619517876093,43.440561687196556],[13.480759114476093,43.43869137792141],[13.506578802915266,43.44194750227461],[13.514698122024443,43.446599805230576],[13.533175968247873,43.44162510263318],[13.602644283990369,43.449613830159244],[13.585636527964489,43.43290375176859],[13.590334267252885,43.42179461237515],[13.625367385193005,43.420545623097844],[13.653548097603919,43.43246673103224],[13.652717072076229,43.4447984830444],[13.633183474984959,43.44317150414136],[13.625453940950083,43.4500259283126],[13.613558865320314,43.45029556598525],[13.595505829237423,43.459411763190175],[13.643651540222617,43.47700332348465],[13.672863709196648,43.42657119000527],[13.712432933964916,43.338151699991705],[13.747097636530825,43.29311681634378],[13.728413569924355,43.28636248274394],[13.707847384192194,43.28466903480578],[13.686105263678364,43.275412908221895],[13.654710497850107,43.272660858082304],[13.6369931388953,43.26651727941563],[13.608511623800787,43.26906842476626],[13.604480024653569,43.2668943932823],[13.61210567766205,43.246713860450555],[13.610773669062025,43.23640925919796],[13.59468831113186,43.20633205847505],[13.565813678003323,43.21433680255539],[13.52483490976827,43.20752917144626],[13.529946112456537,43.1928694029053],[13.519634182120306,43.18198911530448],[13.523106790356788,43.1727974404532],[13.498513621924095,43.16853209433039],[13.494089592409251,43.16148820666785],[13.479584647586925,43.16392402984984],[13.46363728912947,43.161577945815786],[13.446309167648456,43.14848806314592],[13.439961812355136,43.13059580019886],[13.444384658971016,43.12271799831562],[13.433240969689452,43.110577083772704],[13.436666740667249,43.08617271898137],[13.449872599700248,43.07644452297421],[13.465007697664603,43.082824499381076],[13.490851653459746,43.082404676463305],[13.465993768509529,43.06346749634625],[13.469967157038983,43.04431400696463],[13.462227266559962,43.01839849168524],[13.442455733115787,43.01651487135781],[13.43129972516451,43.01976983393944],[13.412367101734738,43.00602635950881],[13.394425413043102,43.00774135636879],[13.377521197615696,43.029032685284584],[13.381308121936346,43.03293604672788],[13.378818381760206,43.038306431427166],[13.371824626719452,43.03962269296202],[13.361700681683121,43.032234049755424],[13.339696664773866,43.02597242536318],[13.32129396573609,43.00059418679366],[13.306956912904385,42.999818525332465],[13.270386088947934,42.97217181695901],[13.2535415557975,42.96775454391172],[13.254433045667572,42.96180006822808],[13.243303357763919,42.96480030003832],[13.22555957756339,42.95643971681436],[13.219334634668689,42.950514237118796],[13.223699044510868,42.93132265921582],[13.233092394936767,42.924104564447795],[13.24501191331809,42.89200745720113],[13.234613672242801,42.8750320591966],[13.238396783098334,42.8679032904976],[13.234711659936593,42.85407669485635],[13.213473172838015,42.8395828443974],[13.187502055680932,42.83205183721259],[13.180520952625665,42.834309003239966],[13.161459012122446,42.82941975719343],[13.152371707688555,42.83294217157429],[13.11008296397078,42.887624434273995],[13.070717117836193,42.90185849223864],[13.053973954592095,42.91703779755924],[13.025971400689548,42.90030087418398],[13.008109050511605,42.90082391619343],[13.001482270057636,42.90502896152554],[12.999100128210996,42.90234709407788],[13.00553135429068,42.89324612134948],[12.992218013578505,42.8687771897453],[12.973251601690272,42.86732866560539],[12.972265987790088,42.88607157533333],[12.965234461029658,42.90055676629677],[12.973004411295028,42.92433751015758],[12.946499787703234,42.92807863030442],[12.945185567253393,42.939913001046705],[12.93275809672007,42.94364272044062],[12.925609744730215,42.951762475573396],[12.915329977655878,42.95119442595378],[12.89206217992623,42.963857373152166],[12.904809099309563,42.98515125614873],[12.884458149200537,43.00973682815175],[12.903001100095683,43.03505683374517],[12.890229552901125,43.04526562437509],[12.88697750404059,43.058080153844976],[12.893668280797753,43.090649414700515],[12.890922940646405,43.09023848419429],[12.882112446006195,43.09876852419183],[12.87855583088816,43.11939249430253],[12.858552005633792,43.12290416282268],[12.841222787912939,43.119703843869296],[12.825733575566023,43.14656204704626],[12.849418045784871,43.15540764652519],[12.859609287172553,43.16682370684044],[12.865097944932046,43.188511186764],[12.860093826559892,43.215104254549956],[12.89281543937707,43.22943879255425],[12.878485149126186,43.26808943082709],[12.895330192422842,43.27552381370135],[12.903242441057776,43.28565341148882],[12.91220235035345,43.27237497339258],[12.967680058947414,43.28461200124241],[12.981613921221063,43.295294588600775],[12.983916592432372,43.294722007696656],[12.98550066835722,43.303381637784504],[13.013236319563068,43.31215252918822],[13.021999773379838,43.32830065360692],[13.035993738698785,43.336314780191145],[13.030602861864365,43.340500671566396],[13.040101157704632,43.34398959010912],[13.04588510190506,43.35966328541886],[13.059187414450603,43.36788722271576],[13.059127104809996,43.38188430095771],[13.070584907004404,43.393578082586146],[13.078866539535468,43.3916372351146],[13.082530371785756,43.39488432810403],[13.077939415166387,43.403383138639064],[13.068128032680308,43.40856695852209],[13.068782708760674,43.417712473999856],[13.082551844428021,43.424573099158586],[13.090013872839348,43.438665705859115]]]}},{"type":"Feature","bbox":[13.187532992496417,42.68715607151437,13.916724724800758,43.07977821067238],"properties":{"prov_name":"Ascoli Piceno","prov_istat_code_num":44,"prov_acr":"AP","reg_name":"Marche","reg_istat_code":"11","reg_istat_code_num":11,"prov_istat_code":"044"},"geometry":{"type":"Polygon","coordinates":[[[13.24129438453457,42.771765437720816],[13.258053716267607,42.80969852641705],[13.224884717681615,42.87562672164418],[13.2564765233307,42.91185291345237],[13.277344692249194,42.91538651879651],[13.28848492280041,42.93017484048125],[13.359630852725472,42.91924334318657],[13.376458977022077,42.8989979050908],[13.373113248816159,42.90796225956474],[13.397353489546862,42.91599093613924],[13.403261525343309,42.92600220904261],[13.385805436063887,42.93824050197831],[13.392910384637485,42.97507486072433],[13.423474690044326,42.98201092493135],[13.454060972085031,42.97093323016108],[13.491454246248809,42.9929915553365],[13.553549814315144,42.99274510787728],[13.576955441350337,43.014543114611904],[13.59642924314291,43.01353290591439],[13.643483247089394,43.04365953715142],[13.650983879559702,43.03819317068249],[13.651192938311299,43.04629543035566],[13.68022046492307,43.04671497587184],[13.787846622889703,43.085514577023375],[13.800207651052087,43.06672086632456],[13.85401189139761,43.07138142196227],[13.885807661967656,42.967341286227565],[13.925106521246946,42.89027131809039],[13.88137736779763,42.890414788820756],[13.879643726558824,42.88530176799832],[13.821560767744357,42.87489801715331],[13.779916563175872,42.85630515568794],[13.72422619045188,42.85119140327116],[13.711730020092698,42.84644165646918],[13.704463937364253,42.81988060869634],[13.665661513575824,42.80304884910325],[13.632695931903458,42.79855841290136],[13.622097832138072,42.8111793921109],[13.571842556515602,42.79559644861137],[13.538787035922624,42.809839331425216],[13.535158687793308,42.79404975800891],[13.5109602086412,42.7739017957782],[13.510376192150371,42.74613958584234],[13.496606812767265,42.73259764549327],[13.452705072886658,42.72835124988951],[13.440886845780433,42.690910159556715],[13.426924618638404,42.70083568064461],[13.39351519858129,42.68255116122142],[13.338039444199838,42.69806019732201],[13.284017211330214,42.7360974076374],[13.268407588306259,42.73593609107553],[13.25761299490922,42.716400330227856],[13.178726684327097,42.730898052591606],[13.192857615616628,42.749054687851846],[13.187209227822628,42.76007203178995],[13.219134756333403,42.77693573961139],[13.23968185320263,42.77727967843857],[13.24129438453457,42.771765437720816]]]}},{"type":"Feature","bbox":[13.216122814941022,42.890164756265825,13.84949853077779,43.29408337099658],"properties":{"prov_name":"Fermo","prov_istat_code_num":109,"prov_acr":"FM","reg_name":"Marche","reg_istat_code":"11","reg_istat_code_num":11,"prov_istat_code":"109"},"geometry":{"type":"Polygon","coordinates":[[[13.834817152484423,43.128166007056734],[13.85677138185665,43.062961268211424],[13.793350599542352,43.05746548685205],[13.78247309025889,43.07400327089974],[13.683060905053244,43.038156699294674],[13.662634100164821,43.037862829358225],[13.662118275478269,43.01800569653502],[13.642993778721594,43.031949076626795],[13.600451446177745,43.00470719876684],[13.58229060369669,43.00565026221067],[13.559176781141213,42.98412365703413],[13.495534733035045,42.984379247666546],[13.455589403392603,42.96081319217783],[13.422518147886645,42.97279299046311],[13.403397015639124,42.96845411240384],[13.398174348108496,42.94140480905387],[13.417188849887571,42.92807003624036],[13.406224095050856,42.90949660944794],[13.386974354130707,42.90312276270255],[13.390777768301474,42.892924249648104],[13.375279240735745,42.8840134125808],[13.352350575239507,42.91160019535939],[13.295444062437781,42.92065169469966],[13.284867770634305,42.90783373639664],[13.26585072349267,42.90461480499571],[13.265722288820731,42.89729664862539],[13.238419687981835,42.88557245210745],[13.209143320852693,42.95308088694085],[13.265054469092327,42.97753432001171],[13.302937738450346,43.006173605493274],[13.315811035820168,43.00687059185144],[13.33470129218748,43.03206999024796],[13.38140417981803,43.04825323835259],[13.400413540917485,43.01377548446318],[13.409201474399838,43.01293543591117],[13.428392753737501,43.02686597989762],[13.454190723661533,43.025124004472325],[13.45703128715339,43.06607595457629],[13.465083719795095,43.07221364206125],[13.447620487814227,43.06885083156523],[13.428147470891874,43.08319510081925],[13.424059147483675,43.1122882088942],[13.435139454777987,43.12436277382669],[13.43604251707169,43.14963375632821],[13.459528006869725,43.16791506461527],[13.490849700167452,43.16836789166077],[13.514378169790032,43.17741486120473],[13.520575192369126,43.19338605226919],[13.513929206402693,43.212436990248214],[13.566432616195172,43.22116098786194],[13.589597855201522,43.214740437005005],[13.60173065602642,43.237430872495864],[13.594610428548842,43.269711471006694],[13.606059747695008,43.275885992412604],[13.635886764351246,43.27321514881003],[13.74635338555643,43.299446626557874],[13.834817152484423,43.128166007056734]]]}},{"type":"Feature","bbox":[11.449370420563334,42.14618817021562,12.519593758569629,42.83868318987591],"properties":{"prov_name":"Viterbo","prov_istat_code_num":56,"prov_acr":"VT","reg_name":"Lazio","reg_istat_code":"12","reg_istat_code_num":12,"prov_istat_code":"056"},"geometry":{"type":"Polygon","coordinates":[[[11.446580894889749,42.391493287419436],[11.47678360955454,42.42164609764689],[11.484922111918955,42.4445468605145],[11.51621195786832,42.43797708984276],[11.543453529749817,42.44643254067299],[11.61197268724359,42.44073245826529],[11.610759047975998,42.48619493189662],[11.554556701329318,42.51568148330305],[11.564052255665485,42.53637026254146],[11.578426839545102,42.544638002385405],[11.574539996361214,42.57156027872829],[11.602682447818662,42.57417809549129],[11.615382231842299,42.56594472543354],[11.623875281770642,42.57412794252675],[11.6415187975065,42.57097742621958],[11.654249213112825,42.58095473968614],[11.675489242840012,42.58459773978101],[11.674196563385545,42.59742412416988],[11.70997761780152,42.61538858197202],[11.733314123112798,42.61140820941671],[11.746023307581739,42.62658327820447],[11.743310760208034,42.64495208524858],[11.780066987741787,42.639090395958036],[11.799812583676955,42.646790746872725],[11.802661086834187,42.65682514784512],[11.779094899756826,42.66903245360154],[11.775128629955468,42.70898991893882],[11.79731545720254,42.7110189493575],[11.811674559396913,42.743417617595526],[11.775504777061663,42.75470343417143],[11.75733881448148,42.77767263736631],[11.738336931319619,42.7836279559516],[11.765481094554099,42.82491547276353],[11.789838660192359,42.81992040664504],[11.803704222181473,42.805393774161686],[11.808607906831043,42.82531073756496],[11.849550387852158,42.84308081174477],[11.905998209227418,42.83524415745506],[11.931857463284285,42.78406569693427],[11.984555030372787,42.76753104703862],[11.987733124478886,42.75288699678833],[11.973155976020637,42.73181426987995],[11.934928999508237,42.71040638758901],[11.933074952166306,42.70608633278259],[11.956115451951751,42.69806781040848],[11.948757689098592,42.685492827637084],[12.009850105303569,42.666118798426474],[12.035360782380895,42.65259741330123],[12.03545156375307,42.64944671571801],[12.072796337083053,42.66091651891344],[12.092330161379675,42.65980541533606],[12.107074754021044,42.670882682532415],[12.122843029208845,42.6568828645376],[12.12921883638927,42.666433314337525],[12.144239907492224,42.66405383299191],[12.158561457737354,42.68206075250905],[12.17864483813515,42.6764462709687],[12.207814225630043,42.66379095935332],[12.23282940109993,42.64497866739611],[12.231707462940127,42.63795777978263],[12.250739470952777,42.63080892111759],[12.236095224953079,42.6117178777129],[12.261432695050011,42.59190380277473],[12.245858363603654,42.592577367043106],[12.244491870360644,42.57480153521928],[12.280174155057738,42.5627732215712],[12.284533800177487,42.539964869955895],[12.275307076451247,42.53363777312135],[12.30216580674877,42.517155714291974],[12.291255294092897,42.51490476415155],[12.292464183889667,42.515013539202386],[12.316420485543253,42.49626372361545],[12.308523516838616,42.49299617035295],[12.31337401170201,42.492434664175164],[12.325773583718984,42.50062207203764],[12.352652760406777,42.47868742175823],[12.37055783467534,42.48451943070869],[12.38964860450151,42.503566654558846],[12.42454346552678,42.496206136689906],[12.436037568859177,42.48622720404543],[12.418390021767845,42.47660984964564],[12.418182890797622,42.47098108545681],[12.431976053134052,42.468951838587024],[12.43742315173079,42.454931619261735],[12.420407014773,42.452024752014694],[12.425387291745832,42.435926800285394],[12.420097837607155,42.42810758697372],[12.42360569896912,42.42610439899263],[12.471311229763902,42.43384525351292],[12.46482920575654,42.40703675989188],[12.470231980350636,42.404390649547906],[12.483528352435213,42.40982255975592],[12.494483369390602,42.39526364665618],[12.473315546189758,42.38143390471457],[12.455685388391972,42.3978098077556],[12.443036737176897,42.39302893146447],[12.442391116960167,42.389324555276175],[12.461076740691313,42.38080222862534],[12.460396602717942,42.36145634994068],[12.483485762790773,42.36081815948446],[12.46905476483076,42.33813652862398],[12.500626571088773,42.31759249447619],[12.482137926286635,42.3136135264615],[12.48627953939343,42.306310199721885],[12.494511415063533,42.299112639626586],[12.528558828180248,42.2988841196679],[12.509988899178888,42.27071453373355],[12.493148269094316,42.26663528474592],[12.483451594820423,42.24883266565511],[12.491259272813148,42.24074237791855],[12.474763881780483,42.22976970122309],[12.466804158179366,42.20231212771948],[12.440016729806874,42.19692513875502],[12.435765007686868,42.18178276563272],[12.409683308481167,42.17385782169991],[12.413049421859489,42.22452720599397],[12.401011985358632,42.2271575455337],[12.39052844131476,42.21286441191553],[12.377046305217199,42.20833114326189],[12.375815630452966,42.17092394104661],[12.331010642903058,42.141654769203264],[12.299282066063284,42.147804487052674],[12.30076231925883,42.15801479615932],[12.283922382158275,42.16951873749534],[12.268981634681126,42.166477511365485],[12.26680851023892,42.17692973438501],[12.235188772172236,42.172041502855976],[12.21490955697493,42.1821313592272],[12.17203853402147,42.17167703394084],[12.136114411794908,42.14108496981602],[12.115292323224711,42.15740643402627],[12.062248451145253,42.159674604619305],[12.059822111979384,42.150649967553434],[12.036804561983493,42.14807785775685],[11.999176947821212,42.15429474283388],[11.969988793430032,42.20950324901634],[11.935750298577986,42.21531975842246],[11.910478574612057,42.23570994619322],[11.87674086691183,42.21940471966919],[11.873358939482413,42.19822332406331],[11.833204814277478,42.16495736818702],[11.826941220625374,42.14039313925213],[11.776712531174507,42.15818983217206],[11.72558705934653,42.15300287667305],[11.733524797495589,42.17058716171877],[11.692790237006031,42.230242417718706],[11.642194511535866,42.28165207177286],[11.553395941260858,42.3348421900501],[11.445327095988329,42.37472141587373],[11.446580894889749,42.391493287419436]]]}},{"type":"Feature","bbox":[12.43636164938118,42.089343220352816,13.409745133449382,42.740970244797296],"properties":{"prov_name":"Rieti","prov_istat_code_num":57,"prov_acr":"RI","reg_name":"Lazio","reg_istat_code":"12","reg_istat_code_num":12,"prov_istat_code":"057"},"geometry":{"type":"Polygon","coordinates":[[[12.57363583428323,42.2680709305391],[12.55380248771817,42.26334162377384],[12.54562501057313,42.28880802464231],[12.485471511463762,42.29189959376508],[12.465550336894932,42.318288902167254],[12.477323679065622,42.32125387913086],[12.454765142141099,42.33592559791232],[12.465386074712011,42.352629216668255],[12.448466521329252,42.35309441391958],[12.449251795808378,42.3755614833417],[12.432320639569246,42.380941544344445],[12.431690536700783,42.39972481618762],[12.461658648089706,42.402526022967294],[12.47527121934984,42.3930667869874],[12.51582794756243,42.41085091789727],[12.523197100051103,42.37233655247107],[12.529221732470184,42.37052651188726],[12.5458688172411,42.386747840365565],[12.56783626470349,42.38735530593854],[12.601485059073688,42.40658498550872],[12.60885408959937,42.41573594490937],[12.60875929996118,42.469029904975024],[12.645594785910939,42.47280789812358],[12.65423780433965,42.44764734058684],[12.672481299236763,42.44699941809795],[12.700571506168348,42.46545090990983],[12.722633060913143,42.46495515694201],[12.733238736451083,42.47132022153905],[12.700928843533957,42.50344071931894],[12.76743259760536,42.5165496135658],[12.767074877686344,42.5355584091257],[12.815584741880913,42.53735250066333],[12.84474733674521,42.55679671621021],[12.885748618776482,42.56656462085033],[12.873761442356775,42.61157483394915],[12.896159601632966,42.62162485837298],[12.92720096761347,42.609165329530704],[12.932994257074876,42.61902691088264],[12.951827914175304,42.623492878139096],[13.001153963301995,42.61998280936938],[13.023750125472345,42.64691371427066],[13.039193244278508,42.632024822870896],[13.062399427028568,42.62807679220132],[13.104298951253213,42.64509739147465],[13.113833628774477,42.661530636282116],[13.132269649365844,42.66467034625243],[13.144804909993331,42.65318802667926],[13.17264883532422,42.678216065322474],[13.166477456573194,42.687462446634],[13.184409091044367,42.71102185389351],[13.182817096324493,42.7394063054255],[13.250526781917928,42.726765830342394],[13.260313259788575,42.74447881930414],[13.28199599531082,42.745580089026944],[13.36453117830361,42.69579885215497],[13.356239433350892,42.66973987229602],[13.373372411955872,42.653017970545484],[13.416504961398761,42.646152518559994],[13.396586403981031,42.60798348905755],[13.400437571839866,42.589850092408476],[13.384992059711251,42.576914860602564],[13.342492499812886,42.57024830937445],[13.323474824524357,42.57492287513849],[13.290719335773804,42.56370101780078],[13.280111258692,42.57795493779639],[13.257200427581568,42.57752777974182],[13.247646027080288,42.5662842546237],[13.22440208813343,42.578584135270084],[13.197947266744968,42.58208049988954],[13.19853737543226,42.57588799300936],[13.18059512811572,42.56546843606062],[13.182395085354818,42.55069425910767],[13.162422652460767,42.53829341519433],[13.16602078735365,42.52460139103329],[13.184364182283726,42.514613116709235],[13.177858974211695,42.48650559316539],[13.187302317811517,42.478719318166256],[13.125257689383705,42.44341603288447],[13.158850245857925,42.4178353466133],[13.194171908188846,42.40330886303801],[13.201027861143118,42.388052194687305],[13.16256595094609,42.35771096885653],[13.232042521801826,42.32191489051801],[13.240244979009425,42.28016712283156],[13.276159241032175,42.2569253104633],[13.285798192815665,42.24132743254444],[13.339299897503787,42.226167546758184],[13.34856722568449,42.21740733033134],[13.339371807261246,42.20815192914163],[13.345631609697614,42.20176932852719],[13.397316684816866,42.177587121941684],[13.354182131361279,42.17341579950548],[13.365660636521191,42.16341784800707],[13.33395994704058,42.16002621860375],[13.335437736837955,42.15111675767017],[13.321201811953571,42.14951780610334],[13.308817755130223,42.13387634435457],[13.267187304396428,42.132362214359915],[13.248876731945057,42.121794164783196],[13.191964937700273,42.153092897967305],[13.16890577361037,42.145522668805725],[13.12132559448122,42.17254133430594],[13.09496917345326,42.173177823997925],[13.100270690146436,42.15845038023473],[13.064067956660315,42.11919315695177],[13.036644751241916,42.11787283781916],[13.036415863563718,42.111045648385804],[13.019124776429225,42.11052712498364],[12.980953201193692,42.1244762570357],[12.94959047347716,42.08125630132236],[12.91991907987309,42.10892505297291],[12.89762667568233,42.09560906896651],[12.862231759007617,42.09960847667782],[12.84465416195649,42.140043041362325],[12.771150475084932,42.16502799978671],[12.786119585604828,42.179269086693814],[12.777771724072775,42.18279142595173],[12.760957813573281,42.179681036956794],[12.746434809498478,42.16200855214004],[12.726516712549051,42.16130454715627],[12.714045742235955,42.148599637770225],[12.68476141795702,42.147677200751026],[12.671656050516978,42.15405260003131],[12.641891128053595,42.14583081103109],[12.639595161980827,42.16178323795599],[12.599174141414258,42.18105714823152],[12.610870734788174,42.1913442957627],[12.605874800887133,42.204883209115586],[12.631766023261354,42.21138503111521],[12.635566436575273,42.23268899360097],[12.628970734386131,42.244677788490215],[12.599808337228522,42.25744275796976],[12.599362663194254,42.26703313302963],[12.570447494306059,42.25579319836025],[12.57363583428323,42.2680709305391]]]}},{"type":"Feature","bbox":[11.733766971184142,41.410134495338866,13.29627550779874,42.29601433663437],"properties":{"prov_name":"Roma","prov_istat_code_num":58,"prov_acr":"RM","reg_name":"Lazio","reg_istat_code":"12","reg_istat_code_num":12,"prov_istat_code":"058"},"geometry":{"type":"Polygon","coordinates":[[[11.762294134810212,42.11861491811026],[11.723530225890563,42.16148647971091],[11.778529146906735,42.167065611179176],[11.818432666406192,42.152931445128516],[11.822515481151147,42.168951071843104],[11.862370974990338,42.201976578093124],[11.865955309023368,42.22444943345029],[11.912334356461328,42.246863790261955],[11.941755240188185,42.22312735813033],[11.978445922508504,42.2168923146268],[12.00761079114489,42.1617177371184],[12.037187315009012,42.15683038074114],[12.050143259709065,42.158278547699034],[12.052942353952913,42.16869432962536],[12.120457170291257,42.165809162547085],[12.135747003346259,42.153825594111915],[12.1654727768407,42.17913701358834],[12.216619965209158,42.19160900329277],[12.237538412465753,42.18120215867318],[12.276309365887272,42.1871925036467],[12.278361611114109,42.17731570285085],[12.286983819502469,42.17906988382164],[12.312821671293005,42.161417675903586],[12.311784318575198,42.15427318505436],[12.328002874239473,42.15112927379696],[12.364445334672467,42.174937180710046],[12.365722388871749,42.21397052467388],[12.382287963256095,42.21954188580787],[12.395354957586783,42.23735825098412],[12.403597120923713,42.23555821720662],[12.409019086584264,42.27947048022519],[12.411458731224386,42.27959036309902],[12.425269586809652,42.23497645311381],[12.422066490298759,42.18692203140635],[12.425766186687001,42.18804594262464],[12.4302079659178,42.20387287546825],[12.457043334378712,42.209271623662666],[12.464309704416177,42.23434987898997],[12.47584126904753,42.24202282222067],[12.470382778918411,42.24767674824552],[12.48449566314926,42.27359604353737],[12.501799430645088,42.27778854275121],[12.515718057878738,42.29890805021705],[12.536260978526384,42.30053001210878],[12.563071236137112,42.2926939367035],[12.563820544082798,42.2748876585302],[12.568558715018177,42.275875407856894],[12.567501415282512,42.2876755552321],[12.587550292326174,42.290134955200465],[12.585520620950069,42.27172621980301],[12.610640623392586,42.28148411200678],[12.611512075594819,42.262655710570975],[12.638470544883097,42.250852869214576],[12.647818589545897,42.23385573206337],[12.642608844292722,42.204681681732794],[12.62037503291354,42.199100790879505],[12.624014595294074,42.18923042893269],[12.617080224936625,42.18270996803124],[12.650228091406612,42.16730730593073],[12.654679590861752,42.15682880437349],[12.67104825964286,42.16371208590714],[12.708380727862814,42.15791898920649],[12.720320507428067,42.17008268937756],[12.738900338134705,42.170361548804664],[12.753201925344907,42.18725990614612],[12.77481695801975,42.193125162300575],[12.804332953783046,42.18213741189764],[12.789933090611315,42.168445330304195],[12.854352373130638,42.14653932764704],[12.871268617503125,42.10761533068422],[12.89424174623015,42.10501922162196],[12.92174851759792,42.12144703905675],[12.947653238788869,42.09729653683657],[12.975690525844398,42.13592831869156],[13.037432224512914,42.11813076187531],[13.024549561312758,42.07497211065063],[13.032094885469968,42.05185707535521],[13.061684384648204,42.01947212087528],[13.093088917839603,42.01393605143929],[13.089913108567778,42.02397686609184],[13.104737923180767,42.03115880592307],[13.201094396107186,41.99071802127462],[13.232834633434809,41.98632442911852],[13.304420667500818,41.94979771646689],[13.27021629346131,41.91126220518558],[13.25028620239026,41.91004895923856],[13.251730969676073,41.89808525840652],[13.239175663020989,41.88558334327326],[13.19922358025422,41.86595975275257],[13.187961228396308,41.840636934752744],[13.164127475311833,41.84563764618395],[13.135758904522508,41.83885616904877],[13.09724897383519,41.8561812864793],[13.07673085415011,41.85083992700011],[13.070657788327031,41.828600524244656],[13.056724941813867,41.822142888751145],[13.041118647028526,41.82709635949535],[13.028789478977819,41.81805655916172],[13.016557616578897,41.81926936952902],[13.019358625403015,41.80850807198611],[13.001016855181716,41.773093288577726],[13.011683849168502,41.773157132723135],[13.030169461731392,41.75129933819416],[13.05654854895667,41.74535636871216],[13.061225239741546,41.73468790019174],[13.064110900955528,41.736394423631104],[13.092111387574345,41.72166106795025],[13.104263826820317,41.68176720366365],[13.15634479122283,41.66056994651424],[13.16813991346952,41.61634052932747],[13.156964460628851,41.59701459099791],[13.16262483888335,41.59044052570508],[13.182766927699312,41.58736932756315],[13.176549014696024,41.57470621991502],[13.135032903714706,41.5577628812498],[13.12911084406927,41.54415414777505],[13.113587788660109,41.548330150954364],[13.10481269223194,41.538291441929516],[13.05058028320411,41.57545843886939],[13.034971874580567,41.56772601059377],[13.010911155628904,41.572101026305816],[13.000901362890126,41.580591847759464],[13.018510491322184,41.60021910232002],[13.014188598597881,41.608459992164256],[12.981655989876927,41.642532055994245],[12.936355478190345,41.672792480734515],[12.945763212815002,41.69452642218484],[12.93609722618725,41.708191040871924],[12.908064803546853,41.702527485706995],[12.892573138832358,41.70667048391396],[12.885635545611573,41.70505880687293],[12.887951973434877,41.693361926449484],[12.851734063849888,41.70934973654093],[12.847667293425532,41.706496357554876],[12.859973631779821,41.699743018444074],[12.856818382324958,41.662703464332075],[12.844381219039965,41.660931743852785],[12.836595265051038,41.64065152130358],[12.829839249294098,41.650008719851606],[12.831551158828463,41.63837013919559],[12.815051865710725,41.63445309888254],[12.817229879952862,41.61436904468444],[12.796328852510902,41.61858536031008],[12.75828516481643,41.56692295366691],[12.725634341236754,41.57891579021711],[12.730666821282314,41.59535697512596],[12.714569834122553,41.58882447105462],[12.698530635812567,41.59158996223654],[12.693745303065917,41.603948825065174],[12.659920464680571,41.592723061190185],[12.646584191429518,41.605997667308195],[12.647130290232246,41.65135022392223],[12.63143846375118,41.63968014930453],[12.640369083995473,41.664385734693944],[12.634730991478182,41.6666147107267],[12.5607597700124,41.61833904490907],[12.556224298046605,41.60308819339731],[12.541671603114473,41.59728932159258],[12.575652104354203,41.5802426624434],[12.591615837118317,41.547496467152385],[12.62062770894616,41.549309636804445],[12.624298240970495,41.542506530755034],[12.654730600877405,41.54044981850189],[12.680434335593795,41.52498119256417],[12.685389361479809,41.51266389919179],[12.726753581861386,41.50884101524361],[12.732199674875831,41.486315983087984],[12.754616634980554,41.47530865648345],[12.745518992233386,41.44940395607457],[12.772221585343114,41.43840052740349],[12.779637620666584,41.41497874893581],[12.766137919854197,41.40421163624973],[12.698731874970916,41.44294049423244],[12.668993661931436,41.45178574380478],[12.619727418779016,41.43936317005638],[12.547971128057505,41.5315036589368],[12.432891411455355,41.63768390390736],[12.348899735289717,41.69311480178216],[12.219859563265404,41.74009619741435],[12.219502061158783,41.74008012779517],[12.218366983431137,41.78115453698092],[12.198090911073797,41.827988331476256],[12.136593549495391,41.912866900582856],[12.04571571599,41.95317801592459],[12.020212699897588,41.98018350733734],[11.975319871499982,41.993040594917154],[11.959589994489633,42.01112024980781],[11.91433975030263,42.03471105570381],[11.832149897018533,42.02460649506509],[11.804006747593549,42.06140449580178],[11.801221631523564,42.07800505877075],[11.781820766962273,42.08897076356222],[11.76409668581094,42.105473315182635],[11.762294134810212,42.11861491811026]]]}},{"type":"Feature","bbox":[12.530158973905392,40.78473374858241,13.894814810438156,41.714832932182375],"properties":{"prov_name":"Latina","prov_istat_code_num":59,"prov_acr":"LT","reg_name":"Lazio","reg_istat_code":"12","reg_istat_code_num":12,"prov_istat_code":"059"},"geometry":{"type":"Polygon","coordinates":[[[12.523074134830729,41.59725836595219],[12.632981547374893,41.67681904031567],[12.653515085935195,41.66870079435141],[12.653141958696978,41.667669764396464],[12.65854519673093,41.67168474683495],[12.657775792588836,41.608788559008374],[12.663465660757865,41.60312453451044],[12.700876335151795,41.61553558931082],[12.707388693341208,41.598712775661106],[12.71295007628157,41.59775379418667],[12.747104330798757,41.61160802407044],[12.738509815807705,41.583558272021726],[12.753654070376195,41.57799567236774],[12.790793303418083,41.62842796857758],[12.804816469620896,41.62560093922358],[12.803198824420681,41.64048891133668],[12.81944270139629,41.644347038160824],[12.817478488489314,41.657681478702564],[12.832151013253277,41.66440146886376],[12.833408791104842,41.662659966248256],[12.8355606979366,41.668265106610775],[12.846227803731944,41.669785551501064],[12.84842758263284,41.69566284779109],[12.830111878641137,41.70571041093936],[12.850182132172966,41.719794630205406],[12.873455046373659,41.70952590772833],[12.873163718558885,41.710995080805795],[12.892790225699727,41.715555240899526],[12.908496558177191,41.71135539690626],[12.94176078242368,41.718073757237754],[12.957865162885817,41.69530325077213],[12.949255890429379,41.675425021683026],[12.989971986071703,41.648221448951716],[13.02404565785471,41.6125297271127],[13.031057603747337,41.59915443781853],[13.015014340718128,41.581278945434285],[13.016890958428123,41.57968680542219],[13.032865368571647,41.57678221433936],[13.051651975866921,41.58608764593256],[13.102657936080877,41.55113911537457],[13.109082436117278,41.558487900824694],[13.11931493223462,41.55573647100286],[13.118812127358122,41.55951197451457],[13.164521136763208,41.57750090515464],[13.171608162412697,41.58711869771583],[13.201440570924651,41.59184007276161],[13.212415328225292,41.55122829008098],[13.22406337990757,41.54269781307144],[13.25509168428955,41.54053944214881],[13.276958425736698,41.52409922219051],[13.305312269439213,41.46936468340611],[13.269871263713705,41.449466823827755],[13.261546402816151,41.434575960461906],[13.298026991622569,41.42172861384692],[13.309220492772745,41.40699220277815],[13.33719755596551,41.41072512351486],[13.365308160475426,41.40131979445609],[13.387384524263858,41.40887459385592],[13.423649883845664,41.40209476290079],[13.433304019159756,41.426852388859956],[13.422209723022727,41.45793454204108],[13.44735623408536,41.470885147725134],[13.459470667297648,41.4525286941173],[13.518096113909209,41.434801223647185],[13.517200349835747,41.427046132371125],[13.551438788139778,41.42327365382621],[13.585803906488898,41.379420779331376],[13.569407267948266,41.36857638616743],[13.595067013720161,41.3564803670498],[13.62775413048725,41.32024246199381],[13.647026967222487,41.321682104250726],[13.652370247957231,41.33986191196176],[13.6673604080329,41.34755333583086],[13.680426587142666,41.34422982144341],[13.699982410171618,41.363986893413646],[13.715247120103049,41.36122687852663],[13.719897191703621,41.33829088890534],[13.741213024687141,41.33019224540082],[13.764816016821598,41.306212588256564],[13.787350754465981,41.313019198109416],[13.793564583753328,41.32392374601227],[13.815201630822521,41.32521793954187],[13.818979396602591,41.34486339813453],[13.844166876969169,41.33503199512844],[13.876103872139083,41.34317673113579],[13.900697172693478,41.31068944106069],[13.885670150652821,41.2869462239124],[13.857389343697625,41.28682724983287],[13.835229094451616,41.27886902826319],[13.846102505049881,41.26240178949603],[13.834737121795898,41.24730833804547],[13.81846362943694,41.23971631766739],[13.775660022257116,41.238219154972235],[13.764543748088771,41.216223983599576],[13.706364309981302,41.24921795757387],[13.6817731035002,41.23953368948007],[13.651609799264758,41.25336764837195],[13.62247745775061,41.25660266210092],[13.577460031243268,41.23535841231925],[13.576916255068678,41.218332212733586],[13.607235146094789,41.20371363848631],[13.548522768244808,41.20260471924565],[13.379681684475766,41.27520720471379],[13.284667710935107,41.29329308851081],[13.25272260406899,41.27923414073868],[13.208317196722254,41.27932144884248],[13.166224590655125,41.26885145736113],[13.109529840078684,41.23852282588437],[13.098012423707866,41.22074485230059],[13.074863996006508,41.21835543466638],[13.063806845653229,40.97552825010942],[13.07441914829822,40.96331408755638],[13.051608252988679,40.962382732019584],[13.00366922147052,40.92948054503886],[12.972757556037772,40.91899236513804],[12.969324789462252,40.889235338139514],[13.106890047804095,40.84352477308334],[13.40707168483161,40.79124566136078],[13.430373930786656,40.809020384515215],[13.483178053680133,40.781919844740635],[13.482264403664335,40.78038855839223],[13.434606091803607,40.79059841616086],[13.409465064204074,40.78028181432201],[13.10090163223259,40.83402367204721],[12.963046713948382,40.88011329151785],[12.951808051599752,40.874421366728235],[12.941536534771899,40.88729950687488],[12.947859436534332,40.89358000630142],[12.94053619699537,40.89989762339562],[12.85958791381683,40.92442765739952],[12.833127286837488,40.90951775634113],[12.849846024938676,40.93939455667781],[12.83922943062574,40.94384670626291],[12.864178984771629,40.955905145825405],[12.865419813181038,40.93371011438233],[12.94120656336731,40.91074515242897],[12.944522353195186,40.919884550556475],[12.980161550762448,40.939725215178875],[12.999627702585009,40.9411364471298],[13.0503749751884,40.97615813455288],[13.06140180989508,41.21946385134437],[13.035560222946557,41.22820036327546],[13.022854132149137,41.26588671515253],[12.989421995940441,41.31794982983982],[12.946396186482595,41.359442674722594],[12.874177827952167,41.40004943287915],[12.832202725720391,41.41128829284147],[12.76903634374764,41.41235603946433],[12.762564065853336,41.43278732071846],[12.732509553918453,41.44516867823926],[12.741775682062189,41.47157204620202],[12.722116141083582,41.4812230007553],[12.717278652437466,41.501219239353716],[12.676854932377367,41.50495196875738],[12.670791412447329,41.520020256154915],[12.650434522228727,41.53227023184603],[12.616558652376959,41.53455790190839],[12.61341144845459,41.540390310894715],[12.58410211953221,41.5385560665194],[12.566441709665119,41.57477534982363],[12.523074134830729,41.59725836595219]]]}},{"type":"Feature","bbox":[12.992387554513016,41.30135098895839,14.02764450725866,41.95440494182488],"properties":{"prov_name":"Frosinone","prov_istat_code_num":60,"prov_acr":"FR","reg_name":"Lazio","reg_istat_code":"12","reg_istat_code_num":12,"prov_istat_code":"060"},"geometry":{"type":"Polygon","coordinates":[[[14.006561580913639,41.57281625344134],[14.030042486315137,41.56357361927828],[14.026135379546275,41.53892791529564],[14.017009265957526,41.53679538069021],[14.038466683448352,41.52222084318614],[13.99831200085331,41.50919405626843],[13.981464183519021,41.494612634567716],[14.00046076497194,41.483180774231734],[13.981110766874883,41.457687689321276],[13.963273698107848,41.459248740766554],[13.913396085403,41.42433697191922],[13.877510739154243,41.422058701520555],[13.868840209436701,41.41658384146879],[13.893691525281122,41.38369790703928],[13.879731681011398,41.373006162750364],[13.883637509371832,41.33589114012037],[13.843546622119042,41.32590797365442],[13.825929399062266,41.33140141393969],[13.82564457363178,41.31731112227736],[13.8011703593,41.31584923695958],[13.795789345519822,41.306407500609886],[13.76101747687405,41.29590403088649],[13.733858399951473,41.3234963286446],[13.709722431669109,41.33266477491416],[13.705335293397876,41.35428809081139],[13.704549661217419,41.35443013799965],[13.684551227606232,41.334224686371556],[13.669081096618095,41.33816079355368],[13.662325394057946,41.33469457750813],[13.656187465238823,41.31382000317973],[13.622289039034516,41.3112880935874],[13.587179298466816,41.35020966468156],[13.550618636730277,41.36743884937446],[13.571407903154963,41.3811943125084],[13.544559146276631,41.4154470588405],[13.505111501201748,41.41979020283638],[13.506203294184287,41.429259824378555],[13.451368388778032,41.44583649464187],[13.44308142099572,41.45839289820796],[13.435115520220858,41.45429032202226],[13.444949965545693,41.426720582123714],[13.431367649763963,41.39190126726578],[13.388497384399592,41.39991914022755],[13.36539330096609,41.392011533490084],[13.33582371905332,41.40190626873895],[13.303453728012206,41.39758530028623],[13.290103858782677,41.41515943101805],[13.246992468458844,41.43033750841084],[13.260735452100386,41.45492972516114],[13.291738864117074,41.47234023218064],[13.267380428268025,41.519342981428856],[13.250070507314211,41.53235620728026],[13.219124541691508,41.534507568488905],[13.202113926650375,41.54696421174635],[13.192703641326714,41.58176973887974],[13.174558392595914,41.57889699088483],[13.150066074475959,41.58620825246777],[13.144589890778812,41.60524897379811],[13.155721496973115,41.61780646413165],[13.145871828537752,41.65471526854743],[13.093959240322965,41.67583927442342],[13.081620651683831,41.716324043345935],[13.064550306627766,41.72530615165869],[13.055298506278426,41.719833157165084],[13.047269466700948,41.73814645698187],[13.022584738221164,41.743706144816876],[13.005252438672295,41.76419907958276],[12.983640148923223,41.76406711406679],[13.007083467120097,41.80936026163142],[13.001777766882268,41.8297247663406],[13.024620091211817,41.827462462809514],[13.038458193907593,41.83760771321907],[13.055678843979804,41.83214314932336],[13.060089386407185,41.83418742517667],[13.06648378658241,41.85761603068511],[13.098558421406956,41.865966191942455],[13.137225709344609,41.84857241541269],[13.16387366491405,41.85494132109717],[13.180290439151758,41.85149808237152],[13.189292796025324,41.871743646020136],[13.230955279539232,41.89221039156945],[13.239513434449782,41.90073375150444],[13.237398995985508,41.91821172069503],[13.263575391535928,41.91980752210382],[13.300837552242738,41.96045315087707],[13.327014982156278,41.948391580180434],[13.34106553314644,41.93031619964342],[13.36755855030503,41.929104775791785],[13.390985084022763,41.90454531100308],[13.367068894087167,41.87009337422483],[13.373266639042969,41.865053128598795],[13.372813709632139,41.83435602345758],[13.383025719333244,41.8224289365366],[13.386538420134784,41.823291890983846],[13.391610134589108,41.83838165540929],[13.418057258237692,41.839195099457314],[13.455231122000802,41.826485035553006],[13.472876141099654,41.810744894321964],[13.509378899167828,41.80555264767862],[13.525086101058191,41.77625323386883],[13.571406875233746,41.75942432984458],[13.626542473001798,41.78571192876611],[13.643783765605193,41.81542913643837],[13.664778607178247,41.81579186440116],[13.705799437816614,41.79290557691687],[13.73246407361126,41.805603961070496],[13.75451859993659,41.76313822305602],[13.769009914515658,41.75267058136104],[13.789161571942525,41.74790270836348],[13.813792465926669,41.76050277151975],[13.827427465560076,41.744539654690584],[13.857456380813627,41.735749052587686],[13.90173438316357,41.73671518603599],[13.908638626001364,41.722590792744235],[13.923355681264354,41.72226560129412],[13.937485895982611,41.695919936773414],[13.993376866395108,41.65637514793538],[14.017305359827546,41.60755911646864],[14.003962479761089,41.578957370827894],[14.006561580913639,41.57281625344134]]]}},{"type":"Feature","bbox":[13.018487902907873,41.68210221816659,14.229730484642943,42.591258612630604],"properties":{"prov_name":"L'Aquila","prov_istat_code_num":66,"prov_acr":"AQ","reg_name":"Abruzzo","reg_istat_code":"13","reg_istat_code_num":13,"prov_istat_code":"066"},"geometry":{"type":"Polygon","coordinates":[[[13.938998845952009,41.681370723662695],[13.915719177501881,41.71342609931628],[13.90092311102307,41.71375193208225],[13.89001723098834,41.72826905610579],[13.882304770684808,41.72351633018638],[13.854890106936239,41.72685242243524],[13.819565525898756,41.73719257261468],[13.810049354972831,41.747923778916125],[13.7911727812634,41.73799776805293],[13.762797412119657,41.74471170994348],[13.74436583314973,41.75802423696156],[13.726634668126167,41.79216049384668],[13.704984704434139,41.78184697528385],[13.677070085689616,41.800280806883734],[13.651151743091626,41.80562422728037],[13.636028608629648,41.779561544907764],[13.572226375152274,41.74914194565952],[13.515754018292485,41.769659028494445],[13.500760842843162,41.79762085583976],[13.466511190833383,41.80249061881215],[13.447857288956442,41.81912995987645],[13.415740981046792,41.83011046998407],[13.400941440686069,41.82965570830624],[13.39581609707493,41.81541026857543],[13.376621947386045,41.812385263050274],[13.360821446288359,41.83183076814627],[13.361254592756078,41.861587968478574],[13.352560930560339,41.86865590502632],[13.376964131318461,41.90382549693074],[13.361722925393005,41.91980091320417],[13.343283692505091,41.91728224782343],[13.307881290819008,41.946900559296864],[13.285484447993609,41.945223944786484],[13.228086812689655,41.97789376834813],[13.197030879517817,41.982191833344004],[13.105211323058914,42.02073251198495],[13.103442486495892,42.01987565335946],[13.108951643266623,42.00244145806098],[13.061513397620217,42.008269909968455],[13.021079557624132,42.048046450440815],[13.012328103161785,42.074840659836916],[13.025778569466942,42.1264718344935],[13.057173598911834,42.12739511920757],[13.079645395343185,42.14467927463478],[13.087463186839196,42.160247041273976],[13.079015641601877,42.18257897996413],[13.125516434431143,42.181458866934655],[13.170518246611698,42.15590652268695],[13.193459662903754,42.16343627622103],[13.248676067190946,42.13307492456413],[13.262806919005747,42.14122965475825],[13.301753476561418,42.14264813396148],[13.31374968678501,42.15780055100425],[13.322050643258008,42.15873364096051],[13.320561108902144,42.16770087732558],[13.342224987719995,42.170022419412646],[13.330516413855934,42.180213494173906],[13.362413178725317,42.18330715156085],[13.337305270319533,42.195047349980136],[13.32439603297978,42.20820652019983],[13.333384034757431,42.21725680494304],[13.331936333315742,42.21862497633844],[13.276936977273033,42.234206157966916],[13.266313548356655,42.25139365952844],[13.228967039094329,42.27555782635528],[13.220868691883885,42.31673885786476],[13.14410711384754,42.35627442810895],[13.187269413040195,42.3903375499466],[13.184218956112142,42.39712268591201],[13.151474452963148,42.41058723501234],[13.107054121251236,42.44440404736689],[13.169513779051487,42.47996008518454],[13.164933898439328,42.483734883185754],[13.171157506933744,42.51065368194306],[13.155050960747696,42.519421774799454],[13.14916235845532,42.541812183190096],[13.16975759059693,42.55460324848925],[13.167931811899518,42.56956253532682],[13.185992550985027,42.58005367864782],[13.184758891718163,42.5929692077041],[13.22918194529208,42.58710093726081],[13.244219626587563,42.579144821817295],[13.250398458792914,42.58641560758971],[13.287139618735376,42.58710043571402],[13.295851579785149,42.575394224816456],[13.322710756099706,42.584593557153724],[13.343155997790147,42.579568912730096],[13.378560126381851,42.58512262102997],[13.397403435143508,42.60090259156114],[13.415000617658256,42.54061033752876],[13.430800586707216,42.521863144216766],[13.478748184324283,42.48709443565169],[13.531843278010738,42.47578299309223],[13.531358876228074,42.4540785859247],[13.549731712550093,42.452692925754164],[13.56384629811018,42.4635331968792],[13.671001303019144,42.44294630183258],[13.724152792879332,42.447310840059664],[13.764162324955725,42.431474520593945],[13.792326996860558,42.39432373047775],[13.813837097052708,42.38137358515931],[13.820457317918548,42.36499895505828],[13.805798763407845,42.36238166418763],[13.81032979370716,42.335886973830725],[13.85076723121458,42.28187330038235],[13.8371891556872,42.24047309389962],[13.816885390815157,42.2463686653083],[13.806748045127373,42.23697781654726],[13.814635570307042,42.228296305470785],[13.806994409764405,42.21074035409065],[13.818014910697547,42.19629319959073],[13.802506187932906,42.181618628089765],[13.805695867306206,42.167385348329155],[13.798140184761953,42.15682604697335],[13.842721671175216,42.14794493883026],[13.855353883895216,42.16341881130159],[13.90265907787276,42.17077045584112],[13.915119015454383,42.14677690937662],[13.966158098004312,42.12823756233206],[14.008115773317163,42.07907837697337],[14.028708695064532,42.08729763007346],[14.085087475344398,42.092042656895025],[14.10594083235864,42.07675602736473],[14.110403936828158,42.045818490730525],[14.095798140502346,42.03806668950222],[14.086141958117913,42.00866742463109],[14.095708140373468,41.9992842442521],[14.104346250406795,41.94249597395873],[14.089480267712418,41.93715324107862],[14.110754034355303,41.89704063676771],[14.139023370770122,41.890567642203024],[14.183750778398977,41.90887052315366],[14.23705965108884,41.87856297243835],[14.221114228832406,41.8497940072805],[14.20123967840973,41.84484594445221],[14.200538035818768,41.83420468582451],[14.181255611997681,41.841947273886895],[14.159888261398349,41.83598240640548],[14.154208745194776,41.82772037699399],[14.170118274776273,41.81169225887568],[14.176894428298711,41.78126423289424],[14.209254406112096,41.767048830465434],[14.198042275627156,41.743167527027275],[14.17417787416165,41.745028550934066],[14.170417824445524,41.75408900689296],[14.162338954482195,41.742574443207545],[14.125396974984179,41.741894883251724],[14.122053493683891,41.737000248552036],[14.130209490384567,41.72594004085821],[14.106576388364033,41.69692990842464],[14.090175294636204,41.73330363278314],[14.072822281690854,41.73280056690094],[14.059072793638595,41.71763924561179],[14.059273853131314,41.696947611644106],[14.031361285233869,41.69801260621229],[14.022921441535638,41.675941377291714],[13.980589359505206,41.69064150008161],[13.956999090792502,41.6909307611133],[13.938998845952009,41.681370723662695]]]}},{"type":"Feature","bbox":[13.348595662746108,42.4201443012578,14.146257501900216,42.895081403093755],"properties":{"prov_name":"Teramo","prov_istat_code_num":67,"prov_acr":"TE","reg_name":"Abruzzo","reg_istat_code":"13","reg_istat_code_num":13,"prov_istat_code":"067"},"geometry":{"type":"Polygon","coordinates":[[[13.93818680379682,42.83908404085932],[14.00627929935345,42.701551679598886],[14.084152789497757,42.59863101349576],[14.15716074885346,42.52643633096357],[14.098304158338044,42.52749612639161],[14.08241524655931,42.539626631104085],[14.069845057943931,42.54035321234227],[14.060241391142517,42.52611014696448],[13.990184407081854,42.53776060143068],[13.961280341941269,42.5314045019179],[13.963708292412852,42.49932460579504],[13.926477858384015,42.51061435541928],[13.915269277858137,42.502062562474386],[13.88983784281506,42.50467692389898],[13.889341033246499,42.48591543115974],[13.861406805191628,42.48290717461952],[13.837026054643983,42.493679738171174],[13.814423631699125,42.48946779588835],[13.767400860237945,42.41411571944688],[13.72154888652232,42.43854913108915],[13.670222111670396,42.4343328570471],[13.564994744882329,42.454191372373664],[13.55455455062527,42.44382607020392],[13.52076175171267,42.446003372158444],[13.520409340602965,42.469393444080595],[13.473180575136114,42.4794520486183],[13.448307043627945,42.493771928905005],[13.404533401016062,42.53666243915875],[13.398454120518442,42.574201837138496],[13.387406128042084,42.58044558345729],[13.384929999812956,42.60912307632631],[13.401009638031839,42.639952885717754],[13.366863105156334,42.6453848003845],[13.343852967448996,42.667839094069635],[13.355118953955998,42.701117397400544],[13.389219802367782,42.691617043051835],[13.42810773885561,42.71164275748576],[13.434118858287949,42.70694613654852],[13.443643658745655,42.735812108614184],[13.490504925350972,42.74034767756687],[13.499235774469756,42.748935459497886],[13.498810904991014,42.77624389459026],[13.524725673700681,42.79781817789238],[13.531134335520601,42.82312770874296],[13.572655626210087,42.80482049863452],[13.62653687045287,42.82152314698893],[13.638136903085972,42.80770933301883],[13.661684344501095,42.81091618307416],[13.694508789527633,42.82515609930084],[13.702032317460183,42.85267242943734],[13.776250027879316,42.86424872614131],[13.878703499664109,42.89908141653806],[13.922506200538477,42.8983340992128],[13.93818680379682,42.83908404085932]]]}},{"type":"Feature","bbox":[13.765261428930192,42.07307084883187,14.254458233094843,42.54452894862794],"properties":{"prov_name":"Pescara","prov_istat_code_num":68,"prov_acr":"PE","reg_name":"Abruzzo","reg_istat_code":"13","reg_istat_code_num":13,"prov_istat_code":"068"},"geometry":{"type":"Polygon","coordinates":[[[13.759636893227254,42.43287071064385],[13.784337206782055,42.45853273548982],[13.803635195210612,42.49863161299774],[13.839257502353142,42.505270136319886],[13.864366637665858,42.494177031706265],[13.875038547712402,42.49532668507281],[13.875609336961833,42.51706624245213],[13.909947110628668,42.51354035415908],[13.922859886849627,42.523391351746724],[13.947887906001414,42.51580648792159],[13.94609831622291,42.53936916724522],[13.989625691299288,42.54894298345644],[14.052300974015676,42.53852488410795],[14.061193415470356,42.551713658169234],[14.08897803752317,42.55010820470678],[14.104550722766875,42.5382193048963],[14.150567161531159,42.53739087836295],[14.211939730316164,42.4838845276745],[14.250666219943588,42.46736509862226],[14.244913190658247,42.4621148433285],[14.266164504152576,42.44571390395101],[14.225843213582799,42.3996476691461],[14.217450130816564,42.41933250506955],[14.206365395178917,42.41729161015303],[14.196022582031018,42.42550998645706],[14.187541465990616,42.41502974678036],[14.173682802450365,42.42535307730894],[14.166136842925557,42.41510506320088],[14.166864831966215,42.389792315637386],[14.140410802678385,42.38107797366633],[14.135974548201926,42.36344316308113],[14.129866534828997,42.36028635160596],[14.135189325836844,42.35363643133497],[14.126927170137286,42.328129916018625],[14.094232291185001,42.32757920977876],[14.088938248514307,42.324340772322905],[14.124547819107425,42.29497791314843],[14.105492479422372,42.28253759091078],[14.123844714953412,42.27997173913761],[14.118221549556234,42.2467901245249],[14.154110406812173,42.21711615734768],[14.126786911218563,42.21755200197621],[14.1169650996046,42.205101074875515],[14.107077830995296,42.20194022297033],[14.118087071504032,42.18754777313661],[14.109641560828262,42.181417898439044],[14.142067592541768,42.15920945642542],[14.119269836927753,42.14035581554529],[14.122605597055026,42.099194890387615],[14.097519686530761,42.093226339435304],[14.092145615298577,42.08031932497065],[14.033244804311657,42.07621187932697],[14.002922864405361,42.06410651438792],[13.955711728081754,42.11941972546545],[13.903153313204937,42.13850660428809],[13.893191885128417,42.15768460948551],[13.864896650756327,42.1532863524705],[13.849790114415404,42.134781973526515],[13.775690758269551,42.14953985016132],[13.78986963852635,42.16936778810682],[13.786419515333401,42.184744154998725],[13.799743568696286,42.19735679418828],[13.790469498643487,42.209508389696595],[13.797881377979182,42.226550098867854],[13.787847554379029,42.23758876526735],[13.811997394322061,42.259964348434266],[13.826533296397349,42.25574587211216],[13.834571414146549,42.28026893316875],[13.79560789422905,42.33229252142509],[13.78896606342005,42.37106841588465],[13.801225086059278,42.37325924694484],[13.800620796103951,42.3747528100354],[13.779762480248618,42.38730775230843],[13.759636893227254,42.43287071064385]]]}},{"type":"Feature","bbox":[14.07566476067403,41.75965190690014,14.783013564975167,42.4449052370132],"properties":{"prov_name":"Chieti","prov_istat_code_num":69,"prov_acr":"CH","reg_name":"Abruzzo","reg_istat_code":"13","reg_istat_code_num":13,"prov_istat_code":"069"},"geometry":{"type":"Polygon","coordinates":[[[14.119332411864104,42.22900857957697],[14.102305441182287,42.24307697531828],[14.106995580500232,42.27080206141213],[14.071933811932071,42.2756957166092],[14.102935201221175,42.29595080689623],[14.066977039114642,42.32558416389163],[14.088614880105094,42.338823682380415],[14.11490028379748,42.339268600818734],[14.1189682781307,42.35183564091281],[14.109549702081662,42.3635963085328],[14.122190185103468,42.37013183381621],[14.126945306196022,42.38904903550856],[14.15145352254547,42.39712545185931],[14.150849814075631,42.41793359506765],[14.170068379525926,42.44403612482751],[14.184519254430706,42.43327588211278],[14.193340860063016,42.44417402133618],[14.211321248663701,42.42989015650071],[14.227607798620248,42.43288677858157],[14.2305992771011,42.42587059662181],[14.252814985050756,42.45124714697444],[14.39462753010001,42.376501377843866],[14.415096096703625,42.3605226281828],[14.431820094843143,42.32773025972981],[14.507764864864942,42.27418205183931],[14.514787592113441,42.25440039387892],[14.623553059465522,42.203257166843855],[14.700799430170752,42.1787309968296],[14.705654149287026,42.17782757309154],[14.710048902386669,42.19808685609079],[14.72626069289401,42.156138370493665],[14.724772638604694,42.10671046952744],[14.748023104329747,42.088058597372495],[14.787501879792101,42.07163584967102],[14.769001276857455,42.044385622856446],[14.789443971870664,42.03761604784824],[14.785307755594225,42.026884198252176],[14.728300504797744,41.99716579866091],[14.674364616666788,41.94484901166526],[14.669375068045014,41.913799497798124],[14.619317602035657,41.88640681800289],[14.60311001377884,41.84902939281145],[14.571389801497311,41.81390298812664],[14.553642630745609,41.812323252577585],[14.53664454729583,41.7986863250374],[14.534515011573404,41.784746777336245],[14.490791321766707,41.75600762577778],[14.444852160409493,41.759980013021774],[14.458775251763864,41.777879319205255],[14.439440205866429,41.83582217664848],[14.429423505578725,41.83695067153208],[14.395545583495869,41.864687565027616],[14.373765305829075,41.86014924861324],[14.371719021218151,41.873252820866625],[14.366741181048159,41.871519722621585],[14.362984615663509,41.85452958597721],[14.338735736571516,41.858651761516384],[14.320134561849521,41.89128202683845],[14.301750078006501,41.88846591993413],[14.283483345734725,41.90451994679981],[14.229905388555448,41.871371645189356],[14.182731542954125,41.89819232579757],[14.14037882546929,41.88085810609191],[14.10178587209687,41.88969461853299],[14.074216423494132,41.94165658874817],[14.091931826766519,41.94802579787139],[14.091937702784184,41.95191921776908],[14.075385644347994,42.01856511285605],[14.085484136817986,42.04374992199818],[14.097720301530211,42.05015208784641],[14.094439015714192,42.07286577676401],[14.074277108389067,42.09118898738444],[14.10686289206601,42.106514993854674],[14.1037777357212,42.14446127228501],[14.120732724805647,42.15848923816619],[14.087552200216027,42.18120202144238],[14.09885591732629,42.1894107012902],[14.08587200767716,42.20394502858206],[14.119147729978044,42.229011486312544],[14.119332411864104,42.22900857957697]]]}},{"type":"Feature","bbox":[14.377691628982964,41.36396233753821,15.161560470308254,42.06982609239391],"properties":{"prov_name":"Campobasso","prov_istat_code_num":70,"prov_acr":"CB","reg_name":"Molise","reg_istat_code":"14","reg_istat_code_num":14,"prov_istat_code":"070"},"geometry":{"type":"Polygon","coordinates":[[[14.371862735796716,41.44596237706189],[14.384344802047837,41.507722605762574],[14.426003177900917,41.529550941914074],[14.447179007491346,41.52527851038826],[14.453014614789275,41.55417943649091],[14.463791775758152,41.548409418901855],[14.464140820981925,41.5584386342262],[14.48829137027596,41.57589403919986],[14.485702637222637,41.59264587001057],[14.504270075022946,41.60186159762463],[14.49489779648084,41.611873061996356],[14.475983331847809,41.61143473788437],[14.473740404272307,41.6289028927294],[14.447818023329715,41.63972688021344],[14.420638351315432,41.62976705680927],[14.423711709890036,41.6743048920133],[14.453090567325344,41.66960381007992],[14.485630781439546,41.686931163790284],[14.493487629458931,41.67908799495215],[14.514795677580583,41.700606155979685],[14.512951980564726,41.72413688969123],[14.468293875619219,41.743975431144236],[14.47893236907389,41.76098237183844],[14.52308038211989,41.7893361403061],[14.525125463113758,41.80273824238047],[14.547829949966172,41.820955190485336],[14.564484853800906,41.82243853035336],[14.592169272809155,41.8530997203175],[14.609047461257852,41.8920374929047],[14.658014572822657,41.918838893920174],[14.662769121986866,41.94845840094604],[14.722931855330362,42.006663647573184],[14.774833761324913,42.032546495048145],[14.752404236505592,42.03997051236168],[14.776948350905778,42.07613779211087],[14.891433379244456,42.02870963802396],[14.996648453781585,42.008942381741115],[15.082428552756713,41.946631599520764],[15.145066663904718,41.92961403320851],[15.137504886370849,41.900972662239525],[15.145413544973351,41.878406312283296],[15.10805871138167,41.83712053756213],[15.122575703869646,41.81556641505819],[15.122064816608384,41.798005782435816],[15.104116994070488,41.768053683420185],[15.12926144039513,41.74429777008624],[15.108433224355155,41.744414800625925],[15.10828172285496,41.74373242535326],[15.124900117807881,41.72418468751204],[15.1774817919614,41.709926969439984],[15.121552520846267,41.690249314106644],[15.104034461096207,41.664240417232044],[15.096049939630722,41.67046406766125],[15.096053933638602,41.66912035154233],[15.055667204251236,41.654190309760885],[15.05037228021657,41.63293270171129],[15.031915376519644,41.63064242320288],[15.031394223769473,41.61773446513328],[15.006810965707011,41.61769651751343],[14.984954150919087,41.62671839466433],[14.98327328169737,41.634441121498455],[14.961713538888768,41.64052371882478],[14.941974757364749,41.62041790368989],[14.953611187235142,41.61060946049838],[14.95644316020137,41.59256200720279],[14.943895563717994,41.53043725574564],[14.969820850306519,41.52292828759729],[15.016322177579115,41.48612901334552],[14.985393018932832,41.464997046098865],[14.88760016208504,41.44072566446509],[14.857111160182756,41.4191168751245],[14.786571906663243,41.44665246352637],[14.77686997908411,41.43952594132143],[14.77002473710855,41.414149541803404],[14.716920931530753,41.39573318222639],[14.686851438301542,41.405874148036204],[14.663161702388534,41.388431856182564],[14.645734445914384,41.38930014012256],[14.602995167601838,41.357472377099754],[14.566638561271185,41.385369987492574],[14.554393211888053,41.37464677856055],[14.503047583765921,41.37801649193179],[14.483446747936668,41.38779084494423],[14.47239377896576,41.415536780080124],[14.371862735796716,41.44596237706189]]]}},{"type":"Feature","bbox":[13.94101515669948,41.3864340406053,14.522252393270884,41.91077791500497],"properties":{"prov_name":"Isernia","prov_istat_code_num":94,"prov_acr":"IS","reg_name":"Molise","reg_istat_code":"14","reg_istat_code_num":14,"prov_istat_code":"094"},"geometry":{"type":"Polygon","coordinates":[[[14.170844290440128,41.7737673027852],[14.16620407925412,41.77550920254533],[14.158937645509152,41.808114090122096],[14.14029985868276,41.826885340649305],[14.151472627487324,41.84314309783298],[14.182087087028364,41.85168938472131],[14.189646196623869,41.84865521347465],[14.18982637920236,41.85139465281999],[14.212097587266179,41.85694123104567],[14.221890940338108,41.87735792133444],[14.279258732199171,41.91534998458707],[14.305643920157017,41.898108778701],[14.327397301427133,41.901279654247666],[14.347195113142032,41.86630742950105],[14.353391928492016,41.865254198689655],[14.356124316688865,41.877619562339106],[14.381528491215896,41.88646293330764],[14.383866770828263,41.871475930748126],[14.399310640165853,41.874692165137255],[14.435254231306219,41.84526489832988],[14.448946039140333,41.84372149178333],[14.471356708682277,41.776526374401776],[14.463983819188377,41.766686111578224],[14.494082112796203,41.7630342304531],[14.483736749341102,41.74737196084167],[14.525705077107428,41.72726818886534],[14.527091767163222,41.69758049681926],[14.507054798270206,41.68380536483045],[14.507295277765689,41.67552852472144],[14.492865434787188,41.66475060677685],[14.482099792646132,41.67574115036651],[14.472809072486069,41.674319262190046],[14.456082355289116,41.659323914571864],[14.437754571323392,41.66557116756075],[14.430329857734439,41.6444157723153],[14.431226199879465,41.64314420523372],[14.448006996603244,41.64989865961307],[14.48555392640069,41.63420726203868],[14.486867810160378,41.62068161491028],[14.501377605640485,41.62101652685189],[14.52044483228087,41.593953584836754],[14.499106493991391,41.58838100169739],[14.5005441659726,41.572140621963605],[14.475886479653433,41.554461500110996],[14.47507898980144,41.53137349432092],[14.461607680588681,41.5385898117978],[14.455281800934769,41.51256949360346],[14.428768709382304,41.519886366190235],[14.397009582699354,41.50492925992569],[14.383701767741805,41.45289172928496],[14.391971963445743,41.436989881211545],[14.325012131716603,41.449316630126624],[14.273542523940721,41.471719564664866],[14.283245510642093,41.47694587430538],[14.276912250443496,41.48183346385542],[14.246065490066243,41.47993606905635],[14.237111117709977,41.49298629558272],[14.177946255002507,41.49608641827347],[14.167495256299736,41.471098024894765],[14.1235568162572,41.50078815037231],[14.087904623051593,41.46369144700246],[14.084530004701836,41.44836762444996],[14.111162478664728,41.42473672277292],[14.109326876069566,41.4032952715901],[14.124344866267922,41.38330141383667],[14.093391744256852,41.3860117660617],[14.081601221611106,41.39529437261314],[14.039278778118337,41.387703243176354],[14.022041141337976,41.41376775243618],[13.994203239170824,41.42909342217995],[14.000355415489915,41.44944450043179],[13.96976628152213,41.46058447075194],[13.985180279545462,41.48089976404137],[13.964249091293695,41.49269902693715],[13.991210115038314,41.5165808302048],[14.016906800716534,41.52464723521923],[13.993922321421012,41.54070461663302],[14.01606052825463,41.54588126254429],[14.019399857238549,41.554033645333654],[13.992280421341256,41.573532787897314],[14.004886007175122,41.60737000163776],[13.983311735673759,41.6513663481997],[13.931880313007802,41.688499646575124],[13.9533149254309,41.69988376780856],[13.983244742479659,41.69951694438713],[14.015087247659851,41.68824044400876],[14.022655841908401,41.70726028164076],[14.047382482005016,41.70631951272835],[14.047243064181089,41.720393245106045],[14.066407975143115,41.74152911458212],[14.098602773511905,41.74246193494689],[14.109020872029651,41.717568510190794],[14.116489213109034,41.72625782916014],[14.10864496263267,41.736891059794985],[14.118369722456432,41.75082058355539],[14.155124372134189,41.75136575679185],[14.170844290440128,41.7737673027852]],[[14.17530793194838,41.77209139110229],[14.183097755121976,41.7533187140859],[14.19000261739069,41.752841678928434],[14.19488416582182,41.7647379146063],[14.17530793194838,41.77209139110229]]]}},{"type":"Feature","bbox":[13.762112597963098,40.89898528328414,14.534441522946581,41.50736966902667],"properties":{"prov_name":"Caserta","prov_istat_code_num":61,"prov_acr":"CE","reg_name":"Campania","reg_istat_code":"15","reg_istat_code_num":15,"prov_istat_code":"061"},"geometry":{"type":"Polygon","coordinates":[[[14.161571711444747,41.48405971741941],[14.169641225233688,41.505189114168765],[14.244270583837226,41.501279595432074],[14.25267674790503,41.489027481094105],[14.281282154384504,41.49078510916156],[14.300767238139345,41.47574462309377],[14.294696231760415,41.47247633783821],[14.32935703434982,41.45738505748162],[14.400477689205735,41.441731651791244],[14.413814091703298,41.446369991884325],[14.430587925396743,41.43290631045903],[14.481813219124085,41.42247355013838],[14.49338460941409,41.39341653772934],[14.513451128688217,41.38345581959225],[14.496401409637729,41.369167606307116],[14.478015670111786,41.37511442360249],[14.460266272327406,41.36855604844909],[14.447946213561536,41.35062187213682],[14.472565336255132,41.349611217404025],[14.496266486235392,41.29794619302312],[14.452358618135026,41.28697623979738],[14.422369229185142,41.24271083382564],[14.423703279460717,41.226235372044115],[14.439031233210976,41.22717028178637],[14.451287884477141,41.20035025729637],[14.468171748990557,41.193197005794715],[14.469337146620902,41.15301959428945],[14.439593447021469,41.15073556513719],[14.424321881083017,41.128706715050065],[14.378552304400458,41.156598827358614],[14.360579992349438,41.150379272330696],[14.36973279103269,41.14087001947233],[14.392803952331521,41.13810178189835],[14.39844949153814,41.11930923362823],[14.439978403460957,41.111036022999336],[14.438000986810826,41.08074298556558],[14.447614742534201,41.06984387329735],[14.422195129866758,41.057108129275676],[14.422962090918485,41.05651953291749],[14.460170371071639,41.053384310926845],[14.462627107101003,41.047894459108605],[14.508267319343004,41.06053041942501],[14.524397292046283,41.05039348595572],[14.520864497476445,41.03765543855443],[14.540910789656243,40.99661479902046],[14.522382506420652,40.982286896129125],[14.493758760421152,40.989343241187086],[14.479605657009044,40.97722903868428],[14.423819187611038,40.976581082175265],[14.398085145095004,40.983368204033845],[14.40328939538863,40.99814197243907],[14.302651178796824,41.00037779471504],[14.298424488375812,40.96816776613579],[14.287249728784156,40.95586489288726],[14.269346074730194,40.956936807264185],[14.269759194050126,40.949626442607496],[14.251878005896597,40.94082297168703],[14.232165599132511,40.953146131183686],[14.215661950955125,40.944840266044956],[14.175782112303146,40.94927276654912],[14.164778332665353,40.92827096113635],[14.160880248439334,40.9480675131328],[14.137507201432088,40.939675504685546],[14.120028612205989,40.95031004856081],[14.14106339239095,40.96025070900105],[14.135997984581797,40.97485873316176],[14.114946180326346,40.97474057289957],[14.095399637681343,40.955792225480884],[14.050065146611011,40.95500578997036],[14.039920510992028,40.945589367067576],[14.02480605500326,40.94423081828444],[14.04408511929431,40.87945275171341],[14.039382205302687,40.87821298957477],[13.992002044173143,40.953989162431476],[13.917495492234572,41.02447503980811],[13.89122348294733,41.0854462049141],[13.831265037949962,41.1602116995594],[13.755626098510309,41.22164307761523],[13.768050824452818,41.24623169617439],[13.815009338496989,41.24787653014183],[13.82914148728041,41.255104078497645],[13.833901140586903,41.262563885316645],[13.820677336609913,41.283475562035434],[13.885100614262567,41.300763237127995],[13.888733332579152,41.31089618996171],[13.868242407941588,41.33415016272062],[13.865165804943453,41.35715894877714],[13.868538128665211,41.37733738875899],[13.879276928563057,41.38521528442797],[13.854015522521708,41.41862894469465],[13.872890889973643,41.4305494163704],[13.908574008327891,41.43281618080635],[13.964543534266706,41.4689616635864],[14.013605349415156,41.454503321514615],[14.007013181278378,41.43271473777193],[14.030979093644689,41.41951788991719],[14.04542531582545,41.39767185060785],[14.085873593806719,41.40459330761012],[14.104306966729279,41.39519574029691],[14.09987309268176,41.42146474514903],[14.07239611331044,41.445838888058454],[14.077101319679551,41.46722316273614],[14.124863282547436,41.51393857900985],[14.161571711444747,41.48405971741941]]]}},{"type":"Feature","bbox":[14.352004551566763,40.97513631753977,15.149155750212106,41.4863887906677],"properties":{"prov_name":"Benevento","prov_istat_code_num":62,"prov_acr":"BN","reg_name":"Campania","reg_istat_code":"15","reg_istat_code_num":15,"prov_istat_code":"062"},"geometry":{"type":"Polygon","coordinates":[[[14.71972680695823,41.001035758221484],[14.695671353971898,40.96897366357051],[14.673369808653405,40.97951100287694],[14.680251796630102,41.0081824608606],[14.672449157479763,41.020836666660756],[14.69638463026281,41.04103610262248],[14.710971585523895,41.02430439759048],[14.723427148001525,41.02860766465753],[14.721876785841875,41.0442562218532],[14.708914955679191,41.05499633694619],[14.703608166924287,41.050814725045534],[14.668934931048966,41.05345516844054],[14.640803683463218,41.03738098629623],[14.600535084660963,41.05245620984052],[14.593937094008469,41.03232267427809],[14.574558021501502,41.01913362424913],[14.580593253036366,41.00185915444994],[14.541713039356308,41.01466253612159],[14.529470585919068,41.00619829299657],[14.508975493991043,41.036743339994395],[14.511848551657527,41.04711072423915],[14.506538393584231,41.05055128207379],[14.455432164724964,41.03668019049403],[14.45185500631507,41.045633020903566],[14.39880225137656,41.055219848581636],[14.43179776730108,41.07225730015168],[14.426445707287094,41.07832271365606],[14.428144824461452,41.10443090707615],[14.38890030610182,41.112245415890776],[14.383430992641527,41.13044361920953],[14.363351989019861,41.13285150632566],[14.343105455928848,41.15388077022611],[14.380164335244936,41.16670749233778],[14.420654115180357,41.14203825601235],[14.43234974287904,41.15890838125018],[14.457712251226598,41.16085811830084],[14.456918577504998,41.18804889747802],[14.441956585353282,41.19438650212835],[14.431172665629244,41.217978611627665],[14.41303673112118,41.216870525491274],[14.410799867989125,41.244435505192286],[14.433524038799305,41.284496916893985],[14.45064314476625,41.297726525307056],[14.48384597279279,41.30419347779294],[14.484311486397015,41.30687577210576],[14.464807710607777,41.34092327457858],[14.43140242639963,41.339470702398614],[14.43923421827546,41.35838287896128],[14.451976734489392,41.37516338875607],[14.477654088316305,41.38465113928728],[14.49235811243559,41.37989632553561],[14.497487069448526,41.38687034836348],[14.523116772358685,41.38981413725886],[14.549532183643159,41.38437118428041],[14.56606175102843,41.39860258493557],[14.603081624065256,41.37020217973335],[14.641168643417961,41.398561463781185],[14.658632573610436,41.39769226265205],[14.684295642097545,41.41658581948018],[14.716800946439635,41.405625726243926],[14.759580683248844,41.42046228921189],[14.76594334974501,41.444062939048656],[14.783793021333047,41.457468450114746],[14.855501678299252,41.430096046025604],[14.881526101597267,41.448804564472105],[14.944520903935286,41.460204145103305],[15.00784988672739,41.4918071175703],[15.029012909892211,41.479530051759944],[15.036216889696394,41.45908436075018],[15.047285261472053,41.463308511543076],[15.05190703416569,41.446386515789975],[15.077372294163673,41.43725616068232],[15.103116173390838,41.43838702037988],[15.110483402386135,41.41849236268006],[15.096487045868928,41.41454451119709],[15.092861702722164,41.405246207587886],[15.10641861687109,41.389127948572344],[15.064769525181863,41.36986313462678],[15.066882238875623,41.358550086685646],[15.076797273647824,41.335923691508796],[15.13727720697225,41.32009381934053],[15.132992969267091,41.30400947806073],[15.155591863281172,41.28128454636678],[15.1510282297216,41.27005447879361],[15.12373914101198,41.251305218857354],[15.100025550193168,41.256195003404436],[15.07994345019648,41.24680883856747],[15.065664593337768,41.26374660466036],[15.052871679446556,41.25328009441655],[14.991668706045585,41.265480637076564],[14.990423357600493,41.23999320243476],[15.01200846289641,41.207231328654636],[14.967994447921894,41.17489421209158],[14.963733977117727,41.15238011876288],[15.001009041244114,41.155340623031755],[15.001434081749712,41.134557926637484],[15.018744445098644,41.117535533725345],[14.977926877384181,41.08962021336093],[14.946007346933955,41.07549826338838],[14.929543387446497,41.07892563265131],[14.921640576618337,41.06999466002978],[14.874770030305482,41.05536703784943],[14.866363396811094,41.04352891471724],[14.850343261775139,41.04330996364291],[14.835040286531676,41.03081229167319],[14.800573059839316,41.03711118886726],[14.80028504177197,41.054277961303924],[14.794916122788777,41.04201966237804],[14.77938498106965,41.0479191371731],[14.774896028200558,41.02310842894285],[14.785197415007756,41.011193153672494],[14.746490617327845,41.00464979273074],[14.730101287345507,41.01932634916944],[14.715988345627501,41.0139684791774],[14.71972680695823,41.001035758221484]]]}},{"type":"Feature","bbox":[13.851037769956429,40.536806430830964,14.66966345856873,41.01984698784447],"properties":{"prov_name":"Napoli","prov_istat_code_num":63,"prov_acr":"NA","reg_name":"Campania","reg_istat_code":"15","reg_istat_code_num":15,"prov_istat_code":"063"},"geometry":{"type":"Polygon","coordinates":[[[13.863194133158991,40.74245930030659],[13.86690651636744,40.75170922706401],[13.85962379557609,40.75767251075945],[13.871381885824606,40.76301552586012],[13.87732869644891,40.75824473071374],[13.884027499757247,40.76116261631964],[13.887025337727424,40.755057122363695],[13.890590009110804,40.75360224082473],[13.89759344083623,40.75232074456763],[13.914307128532043,40.75392398280802],[13.909648507555122,40.75072569892389],[13.92459852725421,40.75104348894585],[13.930642295703581,40.74744650446235],[13.943870995097479,40.747761910249075],[13.942635653306615,40.74644629537633],[13.954598382627069,40.743106957791085],[13.956941340987761,40.738762777335246],[13.989776875202837,40.745280186423926],[13.994027754680124,40.75046511705667],[14.00125170559765,40.74879937145813],[14.008268021186755,40.7598965196978],[14.008578205077873,40.769401502762776],[14.014576713260455,40.771077898823954],[14.040493675183429,40.79305271898729],[14.046009798784784,40.824456488118095],[14.04605114605645,40.84766851704567],[14.043407586892817,40.864631559117605],[14.03083550376078,40.8996658221539],[14.03381040074857,40.90051663090343],[14.025489690637983,40.915813541642834],[14.027327289565378,40.92470827124736],[14.017716417661962,40.94119855955015],[14.016466059344829,40.94837804545253],[14.023238671068915,40.9526106084834],[14.028071125124725,40.94943540371627],[14.036500825093823,40.9506669813121],[14.044593340216013,40.9544163644996],[14.040786213456919,40.958101568790845],[14.047032396461708,40.96031671468806],[14.092287945548232,40.96110308068667],[14.098241412556101,40.96327167831828],[14.111388578340424,40.980082687946044],[14.141378511021657,40.980250700927606],[14.14924019693473,40.957571445805165],[14.139650473130471,40.95500788189147],[14.131950504143298,40.949895633342656],[14.13869801003282,40.94578972056059],[14.145999477928111,40.94622628826293],[14.166365609033596,40.95620368417097],[14.168191261051179,40.94693024902219],[14.172123982217737,40.950343908666724],[14.170308378757186,40.95507582343538],[14.197413367055978,40.95500348040432],[14.21439325843821,40.95044315536243],[14.228335185984056,40.953372013536075],[14.231759969726395,40.95998714565079],[14.242156724028863,40.95566284354408],[14.252458668446039,40.94749969626857],[14.262035878154634,40.952214955331335],[14.256520109556696,40.95843972970789],[14.263018393560731,40.962691587608695],[14.283765852533703,40.96145054393854],[14.291620100586174,40.970098311966666],[14.292805068492543,40.98029286276606],[14.287750425712607,40.98625840658076],[14.292371574163104,41.0022281016586],[14.29715268784636,41.005965114218725],[14.31691977285354,41.00234172955898],[14.335134612978985,41.00293211149792],[14.346115717759437,41.00114708718028],[14.355521791853015,41.00288655078884],[14.394554659507271,41.00179556902076],[14.411251343656161,41.003421660285774],[14.41650389811182,40.996928787637984],[14.407020712889016,40.98656623296744],[14.418832475514076,40.98267317960016],[14.426041864761881,40.982066112152005],[14.436735360935625,40.98530582251784],[14.47543703342429,40.98257679116146],[14.482369309932519,40.993347573185126],[14.491960734798292,40.99538443643077],[14.512363841582694,40.991717541329855],[14.520556574636817,40.98848290303923],[14.532622657150295,40.99719192798051],[14.529668408277141,41.0136003514329],[14.533762856015635,41.018588543499625],[14.540626226630252,41.021090790187614],[14.547408081125544,41.01807183436016],[14.565381796503097,41.0172259558186],[14.567410032803803,41.01280711468002],[14.57270349863296,41.0110352382065],[14.576092513104726,41.00074844788119],[14.582483372124413,40.995059544968605],[14.583175425146207,40.98407184293794],[14.578349035176831,40.96374264886255],[14.58240272888568,40.96258705181917],[14.586615508366393,40.93484646500589],[14.615606155452822,40.929385231809505],[14.620946107009981,40.92107706446415],[14.619692792536606,40.91738831455551],[14.621659127393785,40.91298450772922],[14.637764266058278,40.91541370269991],[14.657191092554337,40.91364845225984],[14.665291245154588,40.91673847327978],[14.67148218191148,40.90438734976019],[14.665354910722007,40.902164400065146],[14.650779417312705,40.90282098648202],[14.643734214956432,40.90465773416209],[14.644277433374658,40.90795748535524],[14.632006390287893,40.91125994599953],[14.608843682229526,40.908265269042694],[14.595569929952301,40.90960363066372],[14.592820167604502,40.91321421470088],[14.576142008970436,40.90847110781649],[14.578035166794738,40.90475397021116],[14.573740612100874,40.89602563927425],[14.561701781666162,40.88800893093269],[14.570686501992283,40.88246066016605],[14.578020152753089,40.88159720615712],[14.608312824615345,40.8463907216738],[14.582244058193508,40.84752498916655],[14.572159335258288,40.84619394519589],[14.56630229974489,40.83533952856198],[14.570370865142166,40.83148654027739],[14.58974598777875,40.82092987212903],[14.591738696980352,40.818456442284955],[14.590623160482046,40.8066059897632],[14.575577990598648,40.79960165742711],[14.575198099135472,40.7971705896733],[14.578066518781538,40.79462040980513],[14.577271460957014,40.78564344280656],[14.566889345310537,40.78660999274912],[14.553483101134649,40.79122221708047],[14.545821536314387,40.777056851548465],[14.525821964942446,40.77683406861818],[14.508870960936493,40.7722984101054],[14.512446510689045,40.764914143130895],[14.510188427199806,40.76303694505313],[14.515799781414765,40.74634931614596],[14.515034408615957,40.74393223983511],[14.507703723721047,40.74198072414025],[14.507942238064485,40.73968192156473],[14.509042547454237,40.73887609641595],[14.518230212917588,40.739118917694455],[14.521229790545485,40.735880037421175],[14.525901923526789,40.73583944027239],[14.537126190232371,40.73775312357168],[14.542945492663467,40.741847786517575],[14.54918386616105,40.73466024728871],[14.551222341376974,40.72869388084287],[14.561317561892064,40.73330236312212],[14.571929049423,40.71633659931351],[14.572868278124007,40.711497729984615],[14.581694699367821,40.71048460105248],[14.578650718399496,40.70185741036565],[14.592104996862671,40.69455256588316],[14.591635008228124,40.68969228249775],[14.581648467792121,40.68484559839651],[14.573337607361173,40.66916151925496],[14.566080182111513,40.667732403137656],[14.557846413969669,40.6690661520194],[14.55675728640158,40.66776356350173],[14.55927105046386,40.66187829294864],[14.57419669886448,40.64859363398649],[14.571933880777934,40.64491362184783],[14.572919905045177,40.64079402805715],[14.582200693920576,40.63737948809348],[14.578852403839893,40.62675464385949],[14.57059394585727,40.622435412528574],[14.564854039447344,40.62231895243797],[14.556208029072913,40.627767016579135],[14.555222825766256,40.62433112034767],[14.544536834148325,40.62014245789261],[14.534520823270043,40.623704281449974],[14.524543002497985,40.61965541670862],[14.517045984801852,40.62095449475267],[14.508895063671027,40.63011222249897],[14.508099169550453,40.63553091510644],[14.510950868123432,40.64002570509966],[14.509431553807856,40.64462279004069],[14.502060649893874,40.6469811777781],[14.497470913948243,40.64486717908082],[14.482974926456611,40.64629647876809],[14.475866585187537,40.634769894792214],[14.467055172965658,40.63349152337323],[14.465916552464968,40.63223713971214],[14.463912087827552,40.62626413366655],[14.470635210791874,40.620088647262314],[14.467318645948808,40.617709681854826],[14.451955209406773,40.61818611991439],[14.442191788694346,40.61498359551658],[14.43869595264529,40.61177726129694],[14.419698942368752,40.609277979233596],[14.408928725862562,40.59866604004805],[14.37835251419992,40.58912361552591],[14.378049928255571,40.58481816606675],[14.373958797814343,40.58774083962073],[14.352968106219054,40.58109703656567],[14.325906787072473,40.56819355996895],[14.266718326575226,40.55435306951641],[14.259059436449563,40.5451786113324],[14.260619392497054,40.54405248896045],[14.256664139912715,40.540802934666154],[14.25646272257948,40.54094833328428],[14.256323830249313,40.53906759749254],[14.250980470325633,40.53758443721993],[14.250339247151306,40.54180458364614],[14.244080858888667,40.545479285614455],[14.235289883497485,40.54387907017007],[14.231847313010482,40.54068745842995],[14.19650102670313,40.535471190228954],[14.196745706784064,40.55980161081116],[14.199567892104579,40.56217764229771],[14.213123384386304,40.56310263667482],[14.23199480814813,40.56061278716034],[14.24404614370843,40.5569192707916],[14.252008692855174,40.557649094467],[14.26029624572037,40.56292178518757],[14.26595733245914,40.55884627743873],[14.321643292212094,40.571868365146685],[14.318922908186266,40.58827667129803],[14.324017060131858,40.59147657634637],[14.332326678799792,40.60847930322879],[14.340282747566901,40.618727072382484],[14.337114854612398,40.63150498723821],[14.34219917096763,40.62759710669063],[14.345641532526082,40.62798050931294],[14.347737485983227,40.634247308672016],[14.351334671907525,40.6358271068577],[14.364960392961523,40.62884783568511],[14.37081046174574,40.62892937421821],[14.37889227676263,40.630532062942194],[14.398764966181965,40.63884186869429],[14.404265068542845,40.64409956457705],[14.406419215333814,40.65136466626314],[14.401663861637259,40.65651135309228],[14.407658860159724,40.660291678137064],[14.417291662985933,40.66076002309794],[14.42896451432725,40.66671751882159],[14.433897137735471,40.672773354779295],[14.43736464101335,40.682014346594706],[14.44719418780562,40.688329695346944],[14.473070903851331,40.69771496817845],[14.47220490309194,40.69293698510419],[14.47310813152404,40.692769415030156],[14.480287048633748,40.70080006529712],[14.478170912476282,40.710583753413395],[14.468590492198992,40.72929887998928],[14.462395409160624,40.72715812110648],[14.459987105694161,40.73122862498614],[14.466242906723858,40.73339039072491],[14.464986012003688,40.73547630022612],[14.455803569173224,40.74627566253083],[14.446510071649293,40.75359541172947],[14.43620354237002,40.75395051951427],[14.42576138763811,40.750291581487176],[14.413079006854305,40.75123975755081],[14.394623764257245,40.75849959270526],[14.363693460856528,40.784600989051405],[14.362583305154653,40.78255319031028],[14.357482136071917,40.78277842571522],[14.355677919624032,40.79078424509195],[14.35029401588728,40.7933293974948],[14.338764873788667,40.80380046307406],[14.33452296968317,40.80499625930501],[14.330943724965033,40.810635247297796],[14.333326460453081,40.810573886258496],[14.331532519414191,40.81288801277556],[14.305078406691196,40.830225535786305],[14.30302108900077,40.828980471674015],[14.2984282552754,40.83116580452695],[14.299762039651403,40.83281872107351],[14.27375670418566,40.84354310985357],[14.264993181650254,40.84354131303144],[14.253844796991814,40.83599974193922],[14.25505098623684,40.83415357844642],[14.229424704637767,40.83055529698504],[14.2236365904496,40.82787307705838],[14.223618615475115,40.827604610637195],[14.226911286058062,40.827474476217745],[14.223906739349852,40.82340929588145],[14.217268733718605,40.82110702781945],[14.207600721788843,40.80881310031152],[14.208784807800459,40.80015158824588],[14.189683628751954,40.79200151319753],[14.18956276067187,40.789852036983675],[14.184392235089792,40.790040165215466],[14.180561354842528,40.79517144928876],[14.17443159872932,40.797907946608184],[14.168280409774054,40.79553518279961],[14.164216220870632,40.791267838810384],[14.1593033085524,40.79244833468027],[14.158129558558466,40.7987529826656],[14.167776773263546,40.79828482099778],[14.171166360278471,40.79984007822202],[14.171926701341894,40.80232170022712],[14.17098604795984,40.805638179683704],[14.165487783262744,40.809899630944265],[14.162134898612104,40.80820261011018],[14.161969134224881,40.80569294740609],[14.156154897790802,40.80593773960449],[14.15645726131037,40.81052168336272],[14.160347143597594,40.810025422424026],[14.163620380303252,40.811991059694535],[14.157079296992762,40.816494773137094],[14.119742379123789,40.819551556153584],[14.116261570731615,40.82694909443823],[14.107408629588654,40.830455486188725],[14.087076277135385,40.8290532776321],[14.078658661770424,40.82485048537363],[14.073576564948208,40.818048698881185],[14.08327369349985,40.81244090130874],[14.086164924376535,40.79368700648727],[14.091848844172508,40.78361179034769],[14.090814048910339,40.77599851235762],[14.084916151800263,40.77902282102734],[14.082628038285911,40.78428569294971],[14.077349526411698,40.78627244355312],[14.064933947639336,40.787587578868155],[14.0602408431888,40.78645893284666],[14.043720561560747,40.78951292776799],[14.019213917488408,40.76897699568671],[14.02362268122254,40.758084131698055],[14.014442001697546,40.748425429935196],[14.020059945714403,40.737015724528156],[14.009082623684304,40.741304567571255],[14.006168840882657,40.747695506880945],[14.00616302290376,40.74769673922308],[14.005302635277816,40.74323160282197],[13.99789946801446,40.746815156469594],[13.997100542891959,40.74639876674782],[13.999801842355744,40.73827775907741],[13.991223708294784,40.740953068133614],[13.958729113649754,40.7345034085968],[13.966447774550623,40.718138275996914],[13.96674514999878,40.712281199607794],[13.96273094917411,40.70894604882285],[13.958653224534558,40.70981905338761],[13.956172310538216,40.70852967330242],[13.957541284227199,40.70459433406059],[13.95458926299692,40.6986214039199],[13.94791335848677,40.70409768384242],[13.93987213261089,40.70549206283872],[13.933665220542798,40.70337262222728],[13.923609766941773,40.696055556492915],[13.905197796372805,40.70063272146926],[13.894673262270775,40.69817313338122],[13.881818834792156,40.69884356247575],[13.873483874514065,40.69560461810429],[13.848622847006489,40.711128821016736],[13.859324635020688,40.716591406782804],[13.85931372682888,40.72348406571339],[13.856287905455345,40.72903678506496],[13.857181118269578,40.73860878774063],[13.863194133158991,40.74245930030659]]]}},{"type":"Feature","bbox":[14.559463374770536,40.70664496234969,15.572306436236746,41.286444132167745],"properties":{"prov_name":"Avellino","prov_istat_code_num":64,"prov_acr":"AV","reg_name":"Campania","reg_istat_code":"15","reg_istat_code_num":15,"prov_istat_code":"064"},"geometry":{"type":"Polygon","coordinates":[[[14.6128278650429,40.916668108795214],[14.609893506808307,40.92471841304849],[14.580387843055561,40.930275202849415],[14.570783963742572,40.9627896144322],[14.575086770745841,40.9940548382175],[14.56111916849052,41.02194014336286],[14.583489549067702,41.03716872055261],[14.59270022608444,41.06528334829482],[14.639483255838147,41.04777524409019],[14.665530903284864,41.0626572221686],[14.699113179827654,41.0601015519627],[14.709088987183264,41.06796110281418],[14.732866313646946,41.04825923669557],[14.741349437411191,41.02044681006066],[14.760321059802141,41.01425235517306],[14.766967403086378,41.016412255007054],[14.762726528420263,41.02094523755952],[14.77003835410735,41.061392437931445],[14.788081772783901,41.05454190973661],[14.79289714298246,41.065537073859744],[14.81181610288719,41.062441113463514],[14.812119572079903,41.044147436651286],[14.831112525298025,41.04067616830972],[14.845155713222423,41.052144418579665],[14.859322637237517,41.052338865417944],[14.866476325425621,41.062413455246016],[14.913923746540245,41.07722369396823],[14.924511488595462,41.089189092354594],[14.944318820349821,41.085067083497734],[14.970996811537692,41.096869824855276],[15.00285741066664,41.11866427585575],[14.989815528467883,41.13148487558747],[14.989526772477369,41.14547476040502],[14.950021815521556,41.14233146457709],[14.956992588639917,41.17920984288094],[14.997703147047078,41.209128025491225],[14.97861898476705,41.23808239249479],[14.980508352515193,41.27689055215755],[15.049023542909415,41.26324014496699],[15.067334661587001,41.278218486996806],[15.083561460267035,41.2589727030003],[15.098153324551989,41.26579128656851],[15.119997286156597,41.26128838077489],[15.14777591376173,41.28725678213502],[15.201972189304739,41.29110152124334],[15.222809412995128,41.27020913178313],[15.252779198327364,41.275477857991575],[15.29028755038322,41.23768618613597],[15.253826776138718,41.23261708263197],[15.269586692708552,41.195256715786385],[15.231265742267645,41.181321352706995],[15.215331477093986,41.16619085967225],[15.216262187219067,41.151815814919914],[15.239709999455144,41.143371245258784],[15.268350021031805,41.10881640309613],[15.296973467950302,41.098585719300345],[15.313446221780096,41.10917738468824],[15.365775769038011,41.09004051072371],[15.40128790124531,41.111746830171285],[15.448104284360143,41.082538737924125],[15.479537653747034,41.083169678277955],[15.546922778841838,41.05935205758406],[15.569360614515233,41.031873166462645],[15.5656919444191,41.017569800919716],[15.57838603136108,40.99779691415407],[15.572169429144108,40.96685320631139],[15.547564243475419,40.944219897904354],[15.532056470945406,40.90446753579331],[15.474641172798902,40.886912033595046],[15.47969168350244,40.87259612786963],[15.461434114471624,40.861844272606334],[15.428241840884288,40.87525342328504],[15.403969476196227,40.877020883204956],[15.386997264376463,40.87006665913609],[15.373257691842385,40.880964636036076],[15.360368891259803,40.87901630983254],[15.360767600043332,40.874675964227016],[15.38431052076233,40.87138772399537],[15.38329753299471,40.83208292328234],[15.330458474791891,40.82789616833578],[15.299640301977107,40.83290680644615],[15.284894395940901,40.794557213382944],[15.255797348359826,40.784057995255026],[15.24636271288688,40.77105909557193],[15.253394700529226,40.71400776180359],[15.1657915311047,40.70162982422307],[15.128317123894906,40.75730646271858],[15.028286211111881,40.77695153483246],[15.008430999997023,40.76752096698374],[14.985819770993713,40.78406984679417],[14.94331578874726,40.78360689441873],[14.912875481636883,40.79861287885877],[14.912201063876882,40.804056639923104],[14.83426708413268,40.788728343737134],[14.81116862284497,40.7997179097317],[14.791924672640798,40.79302342371412],[14.779408846735498,40.80208484259754],[14.744973919063264,40.798485068868104],[14.722192980117546,40.82218345454012],[14.734120344502152,40.8295503820198],[14.728005758548887,40.837450970544964],[14.69022572132245,40.83694689453269],[14.679123617888557,40.81539717782691],[14.601556107027601,40.84411962820547],[14.573098270978457,40.877190204048894],[14.549263200631689,40.887141958988956],[14.566942346962364,40.89891732237823],[14.568833254496298,40.912357522872426],[14.592839792389581,40.9191851584606],[14.6128278650429,40.916668108795214]],[[14.691336622558028,40.981469141005384],[14.70894874969317,41.00696736071184],[14.694643876228286,41.02621954265931],[14.685962229868617,41.018818160371175],[14.692420914248348,41.00945891480481],[14.686271325021531,40.98386242920889],[14.691336622558028,40.981469141005384]]]}},{"type":"Feature","bbox":[14.428656983848505,39.99056046734223,15.806446853156245,40.84874819306863],"properties":{"prov_name":"Salerno","prov_istat_code_num":65,"prov_acr":"SA","reg_name":"Campania","reg_istat_code":"15","reg_istat_code_num":15,"prov_istat_code":"065"},"geometry":{"type":"Polygon","coordinates":[[[14.417077609382478,40.56011003770273],[14.409867282040835,40.56383424943252],[14.479108589205676,40.652062695655346],[14.515193409229553,40.64945125502562],[14.522225784975419,40.62670378601271],[14.573021774880027,40.631381129932954],[14.5744896300682,40.636040490660406],[14.545911228762353,40.671145684890895],[14.568740865648307,40.674042637889],[14.58310743119772,40.69279232921696],[14.570516457568901,40.69962709482718],[14.572768859713728,40.70601387536478],[14.567556326164606,40.706611849272775],[14.55789953809636,40.72540083236826],[14.547756619041687,40.72076945677302],[14.539585424852561,40.73486090358155],[14.520039245607574,40.73012128820663],[14.495251179709273,40.73957696141568],[14.50809811618425,40.74798865705207],[14.50028497258501,40.77645701969816],[14.540805438343481,40.78200339932561],[14.549486362996555,40.798054233427926],[14.569471774921492,40.793052423950506],[14.568245530672394,40.80266863739027],[14.58337805164086,40.809204276442365],[14.583840838632243,40.81714463075948],[14.55783049428228,40.83389686493189],[14.56740562897135,40.85164523465903],[14.62115069902326,40.84977953490511],[14.67307379460934,40.827720414873745],[14.682316532268167,40.84566204124686],[14.734469427963424,40.84635808517165],[14.749103161669826,40.82744532751938],[14.737993655993927,40.82058612682081],[14.750151912463393,40.8079355755885],[14.78326600746609,40.811395120838775],[14.794161898641383,40.80350717338224],[14.811961633144174,40.80969780473666],[14.836109727314978,40.798210219645384],[14.922380892495962,40.81516955751889],[14.923801164183748,40.80369068076888],[14.946570685152588,40.79246514659657],[14.990317722506541,40.792939778283305],[15.009891066723638,40.77861549650562],[15.026336859862262,40.786425338447685],[15.136145833542066,40.764859396041025],[15.172059709288359,40.711497114364796],[15.240799937953721,40.721210569352635],[15.232978233258844,40.76842244216038],[15.247384041718208,40.79079062637823],[15.275303896547635,40.80086700593741],[15.291442084259089,40.842847835199365],[15.337449817375928,40.83903394438959],[15.368940233862512,40.8162895945172],[15.391661899606241,40.81436524014662],[15.377303706317669,40.80127224118951],[15.39618607462504,40.79872666237087],[15.386725434000063,40.78096145776979],[15.397675557330057,40.76731776621416],[15.384816349034377,40.74990686424081],[15.386896000422862,40.72685702539011],[15.412838387627977,40.716419514725736],[15.432662047526454,40.695999555737004],[15.511399219505122,40.66550397177041],[15.496150152803384,40.64413014444174],[15.47170931895859,40.63564275725259],[15.45637579845343,40.61021502149861],[15.4766771108856,40.59661110402464],[15.514020462161733,40.589466410399965],[15.523650661631669,40.574410705419965],[15.550559191440145,40.57105470117597],[15.533487875468767,40.55670142402648],[15.552095598731277,40.53117837504366],[15.542729902190418,40.52237099482341],[15.558597251157549,40.50874654564837],[15.541528166462273,40.497991359147534],[15.543786394453901,40.490781530964504],[15.583653898243897,40.47162747656707],[15.591655438886804,40.44633253861706],[15.65223580979882,40.417055113612385],[15.664518378496002,40.39914512070252],[15.671318423471677,40.40331151634409],[15.716104441347069,40.37936276877086],[15.710650260745775,40.34380645612677],[15.73756832682683,40.323091937315496],[15.733596913333281,40.3163498756549],[15.750551063488391,40.30309724121074],[15.795741902775772,40.293539901765264],[15.812598517736825,40.274464404420755],[15.805724744975382,40.2669295216704],[15.811609770805223,40.25017871170621],[15.794291955728044,40.23597995612072],[15.804547293718082,40.2221634388453],[15.752853549456333,40.197471494206646],[15.738922471969673,40.19736923918057],[15.73465838608689,40.183514462878954],[15.719318358874334,40.176497548861384],[15.722990735615396,40.168288158073224],[15.70705950612525,40.15701777099256],[15.714937696338378,40.140360544124434],[15.711231717108193,40.116157872810376],[15.680524657863382,40.08075212540678],[15.666376365989713,40.07746874800577],[15.67677067793954,40.073237896984956],[15.682546154159143,40.0525062115799],[15.644405719035676,40.03773562869666],[15.620297682605209,40.05505118721654],[15.62606952928908,40.06723277338864],[15.62510310595695,40.06803700662055],[15.618941649361354,40.063848125312006],[15.572664741486362,40.073889722253384],[15.532285128955484,40.069620865908576],[15.507276705453489,40.060684646223244],[15.488091114813724,40.03459373593847],[15.463444200506242,40.02986333175214],[15.422363844704066,39.98575620963159],[15.381070864485988,39.996356350236596],[15.354757526776677,39.99461889733411],[15.313915113497895,40.02648498533345],[15.294876711604326,40.01821321984194],[15.26140315590197,40.02100838983538],[15.263027377589601,40.03516895554883],[15.278387946407909,40.03820615247831],[15.266263841069785,40.071950668954166],[15.203022255546957,40.11942320386578],[15.175830874147408,40.123302664150756],[15.128686595069198,40.16782460973589],[15.11272375456847,40.17251540922826],[15.06599573195597,40.15982897860139],[15.03664899327275,40.16677705801704],[14.987818290011656,40.21496904753922],[14.966228323863222,40.21797520817475],[14.950438895285846,40.22843536818295],[14.934340988966232,40.22366552500501],[14.889849187231949,40.250355953528505],[14.937647074805888,40.27744301801026],[14.939252919389885,40.33822174103016],[14.991810184820356,40.35962075884713],[14.99337650994484,40.38885799607472],[14.888442071142183,40.56451855768757],[14.849978642976835,40.60916586281125],[14.792541867175148,40.65744829214512],[14.75012663350178,40.67217845686798],[14.74545639223541,40.66549913107472],[14.722135267292455,40.66260728536532],[14.69420413025569,40.629302908149526],[14.626426903396682,40.64308814417974],[14.57410804500457,40.60693363080321],[14.540960752225397,40.60886153825141],[14.528943352412252,40.602026577871584],[14.486014795601667,40.622567311879614],[14.471759770943367,40.61703804887987],[14.417077609382478,40.56011003770273]]]}},{"type":"Feature","bbox":[14.934096354177731,41.05571372261986,16.201507555318617,42.22655307189329],"properties":{"prov_name":"Foggia","prov_istat_code_num":71,"prov_acr":"FG","reg_name":"Puglia","reg_istat_code":"16","reg_istat_code_num":16,"prov_istat_code":"071"},"geometry":{"type":"Polygon","coordinates":[[[14.959439649303043,41.649071756726016],[14.970204783418097,41.64280453595879],[14.991198497953954,41.63963086370303],[14.993064216864212,41.63105411598672],[15.00904635696696,41.62445669331112],[15.022721228262986,41.62447822426164],[15.023178845509413,41.635849632071185],[15.03349034242432,41.6402886334391],[15.042865187968042,41.63935704896434],[15.047796631942557,41.65916337380151],[15.06834487382099,41.662093639539535],[15.08562451240231,41.6721993347774],[15.082412300244329,41.674594374322304],[15.089890883587028,41.68697191921205],[15.096745756438747,41.67590537313774],[15.100304266104843,41.674937154109145],[15.103441439901781,41.686694895106136],[15.115406226970167,41.69555354783593],[15.151494057272732,41.708256996129066],[15.142499228440045,41.70919819235304],[15.118900376647346,41.71875669546014],[15.098876378357778,41.74230668117323],[15.100852330464503,41.751211759441496],[15.110568127758059,41.751158438402584],[15.09394924222428,41.766853073023675],[15.098425674057665,41.78328409626386],[15.1123683183324,41.790734397608965],[15.113130311284044,41.799171135308],[15.113561010217898,41.81405058824924],[15.097962980066155,41.83720327205123],[15.10124710280366,41.84834267524895],[15.116257490414952,41.85568022222529],[15.127616255587649,41.874567083180466],[15.135867206841489,41.88020220440077],[15.135226398143397,41.89019042142029],[15.128228387680771,41.90054511622405],[15.135754290137184,41.92906812861417],[15.20797046773593,41.92136755978127],[15.292993479914308,41.92240399287803],[15.336961251273333,41.9188154564447],[15.360548742902868,41.906261880569105],[15.39182109341748,41.90279461681736],[15.45792704608312,41.90584327204429],[15.529955292896709,41.914948427614135],[15.473170468872347,42.11215160465213],[15.489977888380539,42.12850903682996],[15.50257355459739,42.12363907616958],[15.506540715178193,42.126490816212986],[15.503457336086772,42.1289403847388],[15.50878647002837,42.140645252940224],[15.74323922266707,42.22878760876164],[15.76118271010773,42.226811637601635],[15.519117127989695,42.135315451071826],[15.513940052622477,42.13057492708553],[15.521974777916716,42.1257185461042],[15.505388333232796,42.11640180758998],[15.49877793080008,42.11753771678176],[15.499296810233933,42.11482362021214],[15.486808506517209,42.10364994588345],[15.538560260634087,41.916198734031916],[15.623911122691126,41.92967770462559],[15.667625259805673,41.923490476434985],[15.6786830472031,41.917253717077685],[15.749732721221363,41.91867554337905],[15.924063914197905,41.93526892280415],[15.982769462600714,41.94485420752092],[15.993298310386793,41.9496312305931],[16.003381880341067,41.94823828395754],[16.01180436758299,41.95294804182667],[16.026371368991946,41.947764841737424],[16.056996011082024,41.94758711161589],[16.0606341031848,41.95362792322298],[16.067302435617773,41.945683892966436],[16.091302409248723,41.940581117639695],[16.10498352211068,41.92946020622506],[16.109376083370876,41.93281881736209],[16.116203090885023,41.92822225786454],[16.11128954377272,41.92474756455337],[16.122342410542558,41.91705282528659],[16.155926824160147,41.91022086083893],[16.157428749503985,41.899558052553985],[16.16688546602984,41.890313482159364],[16.17404667877674,41.88788584799779],[16.181424906199094,41.89381882701094],[16.190352253606193,41.888479859221945],[16.179607352429425,41.8824765439494],[16.17955523834207,41.85548098232003],[16.183933765433075,41.84640364957494],[16.20171933836915,41.84735405433672],[16.186941435353678,41.8411532272162],[16.18727125890684,41.840610511355266],[16.20287623370437,41.82696780062343],[16.19839669229532,41.817787129911515],[16.21554143322677,41.817775064929],[16.21554658293521,41.81775642621321],[16.19741591015799,41.8119687873742],[16.19865061738579,41.79206234139341],[16.18889551566717,41.770484833901584],[16.170031495623945,41.76476064844905],[16.16633398265275,41.75345257068251],[16.15045554088656,41.748707294764195],[16.141943372841247,41.739168669015086],[16.10671492147836,41.727965255941115],[16.091092473185768,41.71296460114821],[16.075971977940547,41.70919804087139],[16.067742197197447,41.69436103522508],[16.0363686671372,41.67534644849803],[15.992204123869715,41.66113684108069],[15.915721607217588,41.62360403853095],[15.905828615719715,41.617060794414115],[15.89938911049126,41.60060461863568],[15.897098728272521,41.575616522872394],[15.90186593469146,41.54838563358764],[15.927669795441204,41.49554488990359],[15.96430296486033,41.4592937816011],[15.989411546357172,41.443500220305],[16.027624861319737,41.42701191489236],[16.02765837069482,41.41795049599279],[15.978343630241863,41.43624647006407],[15.951626588336243,41.43936035365376],[15.940705104172878,41.4260590823158],[15.974815953303843,41.415888321050396],[16.023394099399244,41.38941107831379],[16.042264977268363,41.383851213172356],[16.03652280891223,41.37335036739252],[15.992433313754038,41.358743334965176],[15.984828301324372,41.35866013777827],[15.986191221074446,41.30680611619039],[15.989347954426021,41.30675776265353],[16.011727585759076,41.27306014900159],[16.011774377171132,41.266155070973475],[16.02293147074311,41.26604485290869],[16.04715960190481,41.27480610752214],[16.020538487556063,41.23899382332789],[16.023630586814374,41.220114713236185],[16.009267928145096,41.206721603356605],[15.997178753793014,41.2040518088619],[15.994044438076427,41.19380781604397],[15.950974466455783,41.18073817549744],[15.928228543030695,41.17988278269588],[15.910222988249743,41.16139991987423],[15.903917715738153,41.16114565569083],[15.875623330572624,41.142393615338584],[15.866739635548177,41.1287302124121],[15.857887119035029,41.12908923971231],[15.84661717009835,41.12294344296692],[15.837302491375597,41.128022953480865],[15.83377846605301,41.127306549007635],[15.826915460461889,41.11577557803162],[15.815586026254996,41.11562440864804],[15.807890213466292,41.109743950413204],[15.800163165538374,41.08957208363603],[15.79093388502516,41.08550837293215],[15.782452429638129,41.08740745945253],[15.76785009055958,41.08035947760696],[15.750998483083258,41.095445654768774],[15.743223883026767,41.0971779817359],[15.732208959761481,41.09691162004543],[15.727109590383572,41.08873335300698],[15.678418555522892,41.08453972914694],[15.674187948220595,41.08765549045524],[15.645979155772634,41.08745715194599],[15.618399454967728,41.096838005997476],[15.606984291825784,41.09393848802182],[15.586253400782484,41.09603001464173],[15.561779914417688,41.0865701724249],[15.551253409403312,41.072241542564285],[15.543223155070764,41.070596488934086],[15.544865965758566,41.05256385606498],[15.487932770163646,41.06816560667644],[15.47741585376126,41.07631243201392],[15.460972531275415,41.07378636149674],[15.444702430001689,41.07601202197097],[15.42567192932415,41.09115402085677],[15.400162757647157,41.10395915319836],[15.397549568322336,41.104404407434885],[15.38442101068428,41.091126624829066],[15.36636279044105,41.08207173841623],[15.350437696050003,41.09268851026355],[15.331051583070145,41.09425139724058],[15.314693689288397,41.10126771275722],[15.298363783121967,41.09076678037216],[15.26161292898744,41.10390255554109],[15.260593225975347,41.11393734549165],[15.234089647817243,41.13795956937034],[15.218966445035754,41.1408753739456],[15.207791511365397,41.147865602015955],[15.206458658525587,41.16840775615479],[15.225686373073033,41.1866677718847],[15.25864391560484,41.19865515910759],[15.243247196414297,41.22346164794397],[15.24286472760446,41.23614534909864],[15.252253475831846,41.24113630136286],[15.261373235942985,41.23920931557924],[15.27612136846975,41.24226632157872],[15.273191871182496,41.24838351635341],[15.247641839503297,41.26894875555288],[15.236327601289393,41.27007322085616],[15.21887880168697,41.26191482087591],[15.213522753276445,41.274181695656075],[15.196668512302452,41.277876435473424],[15.197509844439603,41.28398728748414],[15.154583562619237,41.28130723884587],[15.149462035637711,41.27771120037288],[15.132680815542166,41.28610627493114],[15.136483465647323,41.29233177865945],[15.123684323227177,41.30226653713723],[15.127179419447067,41.31539715925798],[15.111356908020689,41.31724980424227],[15.098601417639543,41.32572531840965],[15.069658769010013,41.33089562012094],[15.055275301917218,41.372877289266945],[15.08020167725823,41.38971854795316],[15.094048344721331,41.39206293215583],[15.08353422911214,41.40706751065316],[15.089497647122887,41.41963180810161],[15.09998176769713,41.42236487037963],[15.098104958348884,41.42901489132272],[15.096538749073186,41.43175773602887],[15.075368814919413,41.43056078489992],[15.061911057713344,41.4386109833676],[15.044377262240095,41.44153276837176],[15.04112242828918,41.453446075664274],[15.03284065719719,41.44996626134442],[15.02767781689072,41.45438089183522],[15.021319936792306,41.475780786350086],[14.977975741139495,41.503963244843554],[14.96470027179184,41.51713561675845],[14.935793777644273,41.52356535434557],[14.934596658147752,41.54787202214787],[14.945713334381885,41.574172750777805],[14.947406677249727,41.59225169203486],[14.94223474372932,41.6003778340595],[14.944671919787995,41.60804943350606],[14.930433085353707,41.62004865151995],[14.959439649303043,41.649071756726016]]]}},{"type":"Feature","bbox":[16.20246418077775,40.69199344633629,17.399754569558738,41.22947316573889],"properties":{"prov_name":"Bari","prov_istat_code_num":72,"prov_acr":"BA","reg_name":"Puglia","reg_istat_code":"16","reg_istat_code_num":16,"prov_istat_code":"072"},"geometry":{"type":"Polygon","coordinates":[[[16.199104988981727,40.917675655908305],[16.22336665240762,40.94703220309074],[16.249280219028297,40.96345020015991],[16.263161901957094,41.004675441090384],[16.249826776203264,41.01483768895959],[16.263572862258968,41.02479089986847],[16.26217019647449,41.03788142931435],[16.31018038768849,41.09105004827984],[16.319578858320973,41.107712759491804],[16.34511080395905,41.127278348568254],[16.34837919979225,41.13430149413618],[16.33273426605157,41.14905766476765],[16.33865941509389,41.156859858562726],[16.336414252791805,41.16996901188118],[16.356228954663088,41.16410945212576],[16.362250657245177,41.173604356715224],[16.38014601925543,41.18260937594506],[16.39079525389219,41.20018131055298],[16.40212681219963,41.190459570761526],[16.41832171106986,41.18693164460528],[16.428244478273463,41.19285493716959],[16.43828001974783,41.190034323195036],[16.448625597665888,41.17732539007802],[16.462285163420216,41.17194393508592],[16.47155308193409,41.15283268331204],[16.476551434750554,41.15827228814958],[16.48571049828758,41.15382097241397],[16.50199682258354,41.153603606898145],[16.511831820338497,41.169306418269976],[16.508676785073945,41.18451643443863],[16.535471064545536,41.21390825717676],[16.540065707622595,41.23277896614508],[16.573221137929764,41.22043403782937],[16.58401708853584,41.210017371311224],[16.626849228711716,41.19702471072154],[16.664060387996035,41.19381188660413],[16.700190828848953,41.17889327430343],[16.780770228189276,41.16169526756177],[16.7936447065237,41.15039122539744],[16.810756716815312,41.14242403826162],[16.830635902283934,41.13879984148131],[16.84045004878352,41.1412759598283],[16.858815660525558,41.13116770245656],[16.863597539265708,41.132194473617986],[16.867194896608204,41.13850296929757],[16.840743315355272,41.14541891566351],[16.84118743949091,41.14708958743158],[16.869558475293836,41.14531697043335],[16.875484222534542,41.14061428396644],[16.87565125455541,41.12706617313397],[16.880301265568367,41.124652271526564],[16.929951096844594,41.11383888260921],[16.961676460368835,41.100012099361024],[16.985835679311236,41.0962362005281],[16.9987349691758,41.090232219755215],[17.05573598250681,41.08007476253299],[17.14361417375357,41.03899285806662],[17.176971233852317,41.03107324449221],[17.203508141196195,41.010552877870104],[17.205336366886883,41.00453982407263],[17.23858976210398,40.99507122057523],[17.265936696793045,40.975789845420735],[17.272176206665737,40.97741696170323],[17.280905695859587,40.97343816293484],[17.3306068016462,40.93656266422838],[17.352185244982234,40.907476057359546],[17.396422673409198,40.892216395234925],[17.372106360146432,40.88405071848817],[17.34233744860729,40.864898704481135],[17.341614614051256,40.85702353309977],[17.318029750323603,40.83952178931369],[17.31470041729681,40.82816107204314],[17.30312260764285,40.82343104639941],[17.29931721806415,40.81815477607801],[17.315300206804945,40.81213119493096],[17.32812673330602,40.81398143931583],[17.364474896181008,40.7886027620998],[17.370443093360997,40.79197946714816],[17.40343648394801,40.786937363490665],[17.39292350546936,40.76584763751657],[17.39858649878605,40.75724657808128],[17.39727879838111,40.74930807237536],[17.39260741973749,40.7449738981975],[17.37401568887411,40.748290328447226],[17.353243317523166,40.74663929547179],[17.341299529614012,40.7369740917507],[17.302651712185042,40.741427044806294],[17.292141675207752,40.758729977810404],[17.279751827500377,40.7663110095502],[17.28207701975486,40.774763173890086],[17.29356014533188,40.7754042377278],[17.293359844700884,40.77605216174841],[17.28995584719956,40.77874784819467],[17.26628083047765,40.77642787854506],[17.26577490823774,40.777823536732086],[17.286814718577833,40.78466539073444],[17.287407580372154,40.79413862947145],[17.304140921436392,40.78973155186604],[17.30747047829345,40.7908469630754],[17.29994821923841,40.79998390678389],[17.28931447155423,40.80095678485552],[17.286998579400557,40.79573390203853],[17.246585953285226,40.797468862732174],[17.254100330909328,40.77498607831953],[17.25043832093946,40.76446621040373],[17.22834458041094,40.75491374659036],[17.21087464904459,40.75730776937313],[17.202428191905625,40.75390811311962],[17.199884843693088,40.75847947315954],[17.16242638009917,40.74227642149628],[17.15193852356968,40.708953086849206],[17.136539281958573,40.705621897483766],[17.112629890251373,40.7059975703003],[17.113878525779388,40.71096828636961],[17.104508319610204,40.71176609756473],[17.098201425753064,40.70633369044384],[17.088223964276565,40.70796106006125],[17.083601134506168,40.717165771460955],[17.061036248286296,40.71907329837453],[17.03417508569921,40.70977195706861],[17.02115335929879,40.710952142699455],[16.997151004835498,40.73128393792135],[17.017734313804546,40.752125114358485],[17.014329500355473,40.756778563818514],[16.972163795867587,40.73902971685758],[16.947290607811997,40.74087471376421],[16.930996023737155,40.736937318219454],[16.926180779916628,40.726064126655544],[16.9341712386423,40.711216780360886],[16.904081586915837,40.704280508188944],[16.89725388010864,40.70588969271222],[16.89496170590452,40.7127564104479],[16.887739043811525,40.70993444444086],[16.876178533315393,40.71245264716057],[16.869823867410815,40.706794115851096],[16.86491421013257,40.71671832525123],[16.856336899524923,40.72073489979886],[16.843772183514037,40.710850438300945],[16.821483662361793,40.7047678997218],[16.82538975408135,40.692070180031614],[16.808255990986165,40.689659626427414],[16.797604883757813,40.69341701714409],[16.784936034586533,40.72993730747732],[16.732710102690746,40.70823471758651],[16.672040774926085,40.73634067917768],[16.665417672573138,40.743067122337024],[16.664144829204133,40.73474165933765],[16.65212542663623,40.73400132599084],[16.645561981495028,40.73724772449974],[16.649357357736147,40.74308682850931],[16.63212903020592,40.75126925768052],[16.607348196813472,40.749536916588816],[16.57964039908333,40.76091939529091],[16.570748169297232,40.754165572737634],[16.581643299958944,40.74183872108009],[16.57330718632341,40.73423052014587],[16.561408925305265,40.73806764564134],[16.55283791532155,40.75473278103299],[16.5379699417086,40.75017567482879],[16.53534737017621,40.745850913976774],[16.543273210930163,40.74346429785211],[16.547366544746883,40.72362243503182],[16.537465466167802,40.722590652994995],[16.517922901216355,40.73968732416979],[16.519311551394985,40.74538222403645],[16.506318871238744,40.75173974425803],[16.501057049181963,40.75810514885967],[16.48284091856615,40.73614873267669],[16.4651982575084,40.72245534988112],[16.431797329081707,40.70267500328679],[16.413336696983638,40.69948201918762],[16.396655660027637,40.706753731475885],[16.378195635323998,40.73476923037275],[16.346859088020526,40.74790544080185],[16.31421030813508,40.78143844489354],[16.276020609709516,40.800032038959856],[16.266718480294305,40.81328278226862],[16.253599453345476,40.82177264705429],[16.249745030444103,40.831434628930964],[16.239334663585158,40.83857734317123],[16.23891041713459,40.846341881527444],[16.228893818930576,40.85288525565787],[16.223377428363342,40.880286066266436],[16.199104988981727,40.917675655908305]]]}},{"type":"Feature","bbox":[16.69648937925311,40.29458360354559,17.80014743452957,40.803397161779145],"properties":{"prov_name":"Taranto","prov_istat_code_num":73,"prov_acr":"TA","reg_name":"Puglia","reg_istat_code":"16","reg_istat_code_num":16,"prov_istat_code":"073"},"geometry":{"type":"Polygon","coordinates":[[[16.70075778064516,40.555565617029615],[16.712136546207272,40.582230359934115],[16.706721099094107,40.594128341349126],[16.722008715448332,40.602094822754346],[16.708592931779858,40.6142874583959],[16.705473013278908,40.63303670678095],[16.72195718484971,40.68554399720139],[16.71373663548718,40.6862086174524],[16.69107200449083,40.70152818216249],[16.704769647759324,40.71749386726503],[16.71014613783437,40.71009426542716],[16.724416006856906,40.71750651005798],[16.73398185239372,40.71439524131064],[16.789478529322185,40.73813759742884],[16.80363921101743,40.69730955866099],[16.809140542809853,40.6953687728741],[16.816714186987266,40.696434520899516],[16.813060985211955,40.708304084217446],[16.839782277246588,40.715597680764034],[16.85515777911618,40.72769286380823],[16.870720298264434,40.720405390439886],[16.87222387137667,40.71736597131152],[16.873703220261717,40.718683060987],[16.88654299600214,40.71588671559671],[16.89443404858448,40.720370584083945],[16.90367894594029,40.71524418068546],[16.903812244014688,40.71071555551551],[16.911225081577072,40.71037026679894],[16.92506799753611,40.714624465446626],[16.918521792606825,40.72586307372407],[16.92537527106643,40.74134229590009],[16.9464786422521,40.746441975170676],[16.9706077857007,40.74465259367697],[17.017071785956084,40.76420806295986],[17.026265293197415,40.75164167765351],[17.006432887668627,40.731565525019136],[17.024621100743495,40.71615695285788],[17.03291876948448,40.71540488098234],[17.05775696291278,40.72476441198786],[17.089502524182276,40.72219232334102],[17.09078304982008,40.7134258320265],[17.095412586820235,40.71242110473249],[17.101600281685112,40.71747742888581],[17.12106504992178,40.71629349043949],[17.120417681313786,40.71081387237044],[17.122975209224094,40.71029897357626],[17.143585921707576,40.71241912610685],[17.15629332109188,40.74594120064327],[17.203305624679235,40.766275612629244],[17.20594181484499,40.76153735110275],[17.209669413675176,40.763037454123236],[17.227020899066975,40.76066009191237],[17.24429101666892,40.768127236867755],[17.24670195518843,40.775055204643955],[17.23723771289195,40.803358927877134],[17.28194954533255,40.801442782936185],[17.284380899577783,40.8069265335078],[17.30423195994662,40.80511057222143],[17.317288060109927,40.78821307937389],[17.302815882573533,40.781247213668316],[17.297166251689216,40.78157563308294],[17.303424729074226,40.770451285432955],[17.287817055366244,40.769581111629954],[17.28771186673388,40.769276341457],[17.298088139003262,40.7620076879644],[17.30487575574817,40.748396031236325],[17.307641005976993,40.746253907865366],[17.338830659514425,40.74279134339171],[17.360035988855444,40.75738865396372],[17.35461705303806,40.73486609726348],[17.390438219033854,40.72337129370366],[17.400533722487932,40.69661375118201],[17.407164229536964,40.69102961824597],[17.414337388853895,40.687864300341076],[17.431276008061076,40.692813104696725],[17.428626656242898,40.678197652612624],[17.422795481377356,40.67823170492407],[17.432249885553464,40.63297529766909],[17.439555061257636,40.62739212113516],[17.461268969054967,40.62248495139009],[17.477325697006556,40.612272172865445],[17.4798100093669,40.599630871341375],[17.461425287689092,40.57959808583427],[17.45270417075861,40.55440644947255],[17.474374080137167,40.513423483060976],[17.483929548682312,40.504454250148775],[17.49039597273213,40.48498132191433],[17.51334361708427,40.48183462520602],[17.523810416102197,40.471560109293804],[17.524431614396537,40.459142158444955],[17.53933992996244,40.44811411782055],[17.5516634957236,40.45034231063067],[17.560884584360643,40.441403803993815],[17.562183474257786,40.447373051971454],[17.576209021535803,40.442437650327385],[17.584573485594277,40.44949733981445],[17.577326483668763,40.455823253144274],[17.580823872606167,40.46350956047114],[17.596511913647856,40.4631946857137],[17.60996044744725,40.46894403017621],[17.62134574828348,40.463913647194644],[17.623598960249286,40.46629440185061],[17.639628857127,40.46248472087661],[17.641532288356434,40.45379743195188],[17.670760643465897,40.443954210399106],[17.685797982270966,40.444013013617294],[17.696804660940575,40.41437926409806],[17.72153451485379,40.408065161641424],[17.730841766890183,40.39512657286435],[17.773553650597805,40.400532550968364],[17.779674245320145,40.39318365277051],[17.7942012710546,40.39380371411263],[17.802510910871728,40.38400013448237],[17.803918461453044,40.354814705415784],[17.796382601339435,40.334146231138455],[17.784373925081034,40.32667902291433],[17.790801544056205,40.30720872349514],[17.771343817775,40.3081859230115],[17.76735129243204,40.29312888454114],[17.75405885403811,40.29219293108212],[17.67635930474363,40.30149970209223],[17.50551109983871,40.2915938991098],[17.49220513970762,40.30708995034804],[17.458119823696904,40.31317700031065],[17.440966894756233,40.32666839061843],[17.401174996421535,40.32911396950896],[17.383391329608653,40.3347187566366],[17.372116915064833,40.346009249502856],[17.347609890568453,40.35145228298212],[17.33845098314035,40.35853981125323],[17.325451116536005,40.35770051167507],[17.30771193035422,40.36407610192843],[17.30200693791866,40.371190914990294],[17.276844378756397,40.37628414626647],[17.265078618060745,40.387905538388075],[17.230321671072613,40.39830721219],[17.22110382305295,40.4053824021653],[17.199935457721317,40.40495557705018],[17.19746585761771,40.41392643728214],[17.20227042106658,40.419446848553065],[17.170358383128484,40.43665547857878],[17.1639165993444,40.443836417380076],[17.152794725568338,40.441333018776845],[17.13202877536376,40.45271699980982],[17.151018465956156,40.45450940013174],[17.16575055477159,40.46698323230315],[17.164943189619922,40.45432467708217],[17.18021382022006,40.44031964539114],[17.211041179240258,40.42528651110213],[17.2257398529176,40.42664670658405],[17.250752755139004,40.4437282277642],[17.243151577082905,40.460233574997105],[17.218528291064498,40.47618068641126],[17.17791813145408,40.478404584515],[17.177255675454408,40.48492639900408],[17.176694338904507,40.48439938867024],[17.164642040025242,40.49684352306682],[17.13889810013439,40.48621832566595],[17.138410353183428,40.48674643760716],[17.136023076604737,40.485251170654294],[17.137241622671638,40.48801184571883],[17.136978310819927,40.48829693015288],[17.137542154241512,40.48869267020293],[17.14471928474042,40.50494653872765],[17.143066552212872,40.5073094166914],[17.112329010481545,40.51648131974044],[17.068688589352533,40.514315102702554],[17.027532250164228,40.50397363285745],[16.997549852836237,40.49218162252033],[16.924991017295003,40.449002990317645],[16.904850823030742,40.433370500962816],[16.86826679490654,40.39438368485169],[16.84752553416099,40.398522720706296],[16.84302979362251,40.407655686033735],[16.83411985633775,40.407057197830646],[16.805145531921912,40.43187047544575],[16.805466492644715,40.446214415828635],[16.79977897886968,40.454904021740646],[16.784689969182875,40.45963316640039],[16.759059002174553,40.459506181790175],[16.750548962126445,40.46211637697886],[16.750851332036856,40.46316208381304],[16.74302142768528,40.46102388844092],[16.715445765041814,40.47820824724539],[16.73269633851243,40.50826465385998],[16.73246624983786,40.50942432726515],[16.721641129893417,40.51181419984015],[16.710830466357642,40.52416194124923],[16.71935941514196,40.53516878097317],[16.70075778064516,40.555565617029615]]]}},{"type":"Feature","bbox":[17.295265817243855,40.379649563217434,18.097367150152873,40.89225213651649],"properties":{"prov_name":"Brindisi","prov_istat_code_num":74,"prov_acr":"BR","reg_name":"Puglia","reg_istat_code":"16","reg_istat_code_num":16,"prov_istat_code":"074"},"geometry":{"type":"Polygon","coordinates":[[[17.29065516362992,40.819368350588334],[17.33536867028948,40.86916893227857],[17.389729868069924,40.897859339813046],[17.476180250671593,40.83577508350943],[17.517392082634963,40.81836780948879],[17.70988217293341,40.762087037231915],[17.800262078367847,40.71403704166299],[17.833018727369932,40.72740657198336],[17.835862342905497,40.72426300153411],[17.831713548636596,40.72148316124013],[17.82861038940311,40.70018322664151],[17.840364591068862,40.69546295333563],[17.924050697164756,40.68414202677517],[17.936927731590647,40.69295231409349],[17.95622025623305,40.668456343159654],[17.970735868797455,40.66823602909899],[17.966918640068712,40.671087446536],[17.967362880167627,40.671604498785875],[17.978073906815776,40.668123839605656],[18.002039889339038,40.667753617853485],[17.993272634293902,40.66318224033384],[18.011364305192274,40.657296050539195],[18.00666654341881,40.648779846225885],[18.014210162906426,40.64301720857861],[18.047267074891604,40.66015337589712],[18.049395953597347,40.658370145678184],[18.021176068164166,40.63170076102038],[18.05121175528258,40.59819574725746],[18.042844480684145,40.56664352463675],[18.104588086147295,40.51580262913103],[18.085055555913026,40.49304414846196],[18.094234979730874,40.49397708615255],[18.079969639768382,40.475029666600015],[18.081383080443807,40.46037525139157],[18.059753707804358,40.45948974354438],[18.041325071182495,40.481133589878596],[18.01974153403303,40.45727820165299],[17.998678292577708,40.463473563852865],[17.977147073723355,40.44991751280095],[17.956641398577975,40.45272278715039],[17.939513847328396,40.42437813904143],[17.887892638173092,40.41841508257636],[17.827274277585882,40.400200690454646],[17.796964273178414,40.37135919288501],[17.788470817000917,40.385921470760934],[17.774516696904133,40.385324973730285],[17.768793855054987,40.39219620637771],[17.72561881506653,40.386728462660464],[17.714792706067712,40.40177754272049],[17.68875335191384,40.40842447870559],[17.67802925310871,40.437289382729375],[17.634572362889514,40.447727470220144],[17.622877619955442,40.457990286392516],[17.592372740788107,40.45629243472308],[17.596968064074236,40.44860409506896],[17.578716367627592,40.43320102943898],[17.567226005102558,40.43724545745153],[17.56004317354999,40.43001782785968],[17.5545746873629,40.43531992667064],[17.563534353219822,40.420893822440874],[17.562594162526757,40.42037282921978],[17.5153541634668,40.45533201138132],[17.506741741530423,40.475009136227044],[17.483038364468946,40.47825806174269],[17.446463054144075,40.54168677114679],[17.452029350064517,40.582630147257426],[17.469410219392245,40.60157329000964],[17.46815359169981,40.6079625420514],[17.422140712802648,40.63025833284012],[17.41176793115959,40.683066333259],[17.412787682930542,40.68384637068018],[17.400644125695496,40.684213548943454],[17.382576661769967,40.717669877747575],[17.343162608200444,40.730539099093974],[17.348905763455953,40.752974036421406],[17.38686156021561,40.7529318199178],[17.383831577290568,40.766204679579324],[17.391198679900747,40.7809902853719],[17.362076816673095,40.78135445707878],[17.325192320650945,40.80710871291733],[17.307993767060363,40.80645829770242],[17.29065516362992,40.819368350588334]],[[17.98398355625522,40.658337123270506],[17.965247260178767,40.64855922686317],[17.96218611054563,40.65313211503787],[17.95793164256142,40.647035533638814],[17.988563509078354,40.650570771921686],[17.99169036663978,40.65257626836863],[17.98398355625522,40.658337123270506]],[[17.824329815923715,40.716534695976144],[17.811810692799508,40.70814134854892],[17.8175421517097,40.70530126763442],[17.824329815923715,40.716534695976144]]]}},{"type":"Feature","bbox":[17.762473743183474,39.79146331586641,18.520381599098922,40.51536717679756],"properties":{"prov_name":"Lecce","prov_istat_code_num":75,"prov_acr":"LE","reg_name":"Puglia","reg_istat_code":"16","reg_istat_code_num":16,"prov_istat_code":"075"},"geometry":{"type":"Polygon","coordinates":[[[17.761213146616818,40.29087613545852],[17.762301615657055,40.31641445376075],[17.777661203035727,40.31564488164771],[17.77333689927835,40.32873511472387],[17.792256802166037,40.35153628601121],[17.792487229492064,40.38125370689184],[17.81889335622567,40.40718682023374],[17.884810782351472,40.42706705331666],[17.931626978726506,40.43247686514163],[17.9498706262353,40.46267051828622],[17.973861466192094,40.4593901722795],[17.996464662469528,40.47361964728756],[18.015359139860255,40.46806378784708],[18.041245061933093,40.496669119867356],[18.055242927391355,40.48224328508809],[18.073911829046274,40.4968178271992],[18.074039032992335,40.4964133903609],[18.0961410357413,40.52217028936739],[18.14060154650633,40.49221666551152],[18.206247611554083,40.470927850405076],[18.311401798784406,40.394002557754085],[18.32096477663674,40.375345671268136],[18.437467573804156,40.28588586407431],[18.43605894158678,40.27582812810284],[18.445678799305828,40.27177217915446],[18.470689039891127,40.22521349349406],[18.463937995549326,40.208994997238136],[18.468959691556442,40.19499193603637],[18.48436142092808,40.180099521622935],[18.4926143495489,40.1518491817901],[18.50617836376142,40.151356838253704],[18.524661163724783,40.13557916412796],[18.51366834897112,40.12565544957852],[18.52759012009932,40.10672823205452],[18.48849057171398,40.07498932208821],[18.479987278716923,40.04098145583812],[18.44119596805792,40.022030198191366],[18.437049337562595,39.997673447944734],[18.421666354289677,39.99136824770845],[18.413878500034564,39.976498088265735],[18.396246804570836,39.90769611205596],[18.40508983033761,39.88936406037273],[18.391267307803055,39.841620328663886],[18.396953984606625,39.81648005425378],[18.371856916336956,39.78906538983842],[18.33018386731137,39.79148806032041],[18.3225816716312,39.804210134038925],[18.263925805193736,39.831238309826674],[18.203154127789706,39.83409219120169],[18.14599283131459,39.85820881682627],[18.043071542347537,39.92584188332447],[17.979123183617563,40.00965921175882],[18.004397011781087,40.001246084305215],[18.01156480287524,40.008359241789954],[18.007039113953297,40.036905269161416],[17.98144100954417,40.0499878712217],[17.91859098464878,40.03664583837307],[17.91616025127818,40.04171473020742],[17.995905506320856,40.07010550681567],[18.004752639221035,40.106135475688674],[17.983082124296164,40.13676173018814],[17.959939577519627,40.14398019880588],[17.91389169314998,40.19071719603215],[17.91556283566507,40.22465565062294],[17.892256005584972,40.24632965714189],[17.887867457321576,40.24005709873878],[17.88251331221236,40.255383979612134],[17.87223313492565,40.26493409136695],[17.875541901352324,40.26749637605579],[17.875285621283478,40.26768692642738],[17.84644211695407,40.252451353195575],[17.843759219331744,40.25474668418341],[17.86537765411898,40.27445366530311],[17.855898789865385,40.28025197882507],[17.840157062418697,40.27576512315244],[17.761213146616818,40.29087613545852]],[[18.06348951946434,40.47374069503135],[18.066428996025117,40.47070927519595],[18.067134353460112,40.47285058402767],[18.06348951946434,40.47374069503135]]]}},{"type":"Feature","bbox":[15.870254199732102,40.89771887702986,16.54226126585111,41.44171108354995],"properties":{"prov_name":"Barletta-Andria-Trani","prov_istat_code_num":110,"prov_acr":"BT","reg_name":"Puglia","reg_istat_code":"16","reg_istat_code_num":16,"prov_istat_code":"110"},"geometry":{"type":"Polygon","coordinates":[[[16.344432681872505,41.160599744181724],[16.342267754543315,41.15044046172775],[16.35807978784202,41.13552335260612],[16.352145830511052,41.12286022941295],[16.326488163721578,41.10369733298787],[16.27171019796962,41.03739331506206],[16.27231781444468,41.02207971147048],[16.262108047736927,41.01468889062981],[16.272678686273657,41.006631287322776],[16.25688400259743,40.9597446041533],[16.229888847457783,40.94264330122281],[16.20481463818572,40.91230604166473],[16.163440839772772,40.92388202738168],[16.142044747713662,40.91509569346305],[16.121980663734124,40.89073832896071],[16.08951599450219,40.917039146570424],[15.97258509845166,40.95482213914862],[15.964312880460671,40.97643585753779],[16.00551429356248,40.97639292975539],[16.021449960982494,40.992702023892285],[16.022379610853925,41.02690271871157],[16.034891449618428,41.0311756605954],[16.0349540931062,41.03437051488508],[16.00706551426768,41.053476433264436],[15.99619551568707,41.04684811891988],[15.978383054443226,41.085415187635626],[15.944846034929455,41.090038924431234],[15.953539669971699,41.10040201387027],[15.949782696327434,41.10655074221966],[15.919093309207051,41.10687332644537],[15.861590313344454,41.13949121924138],[15.92382143502456,41.18584626696939],[15.986873857789474,41.198882106434155],[15.989920575761431,41.20884279881412],[16.008280279568453,41.21505578223929],[16.012119273016914,41.240821015164364],[16.02884580780483,41.26333345069279],[16.005848449162794,41.25900643345477],[15.977773588213191,41.30369718690812],[15.976185577773595,41.36380268338961],[16.02982923310651,41.378338269308735],[16.031204725756364,41.38144416473201],[15.928468377661945,41.42340135542544],[15.947641397814316,41.44675650506596],[16.044938556658803,41.424860685100626],[16.20997414891919,41.36310223538574],[16.264206517917543,41.33260548657814],[16.361209183191672,41.308688416384854],[16.424944802217983,41.283781728659335],[16.454153180354105,41.26442977858978],[16.48356862438622,41.26071106006991],[16.54853903677721,41.23163216110528],[16.543586502964406,41.21130231913598],[16.51769705079032,41.18290856020048],[16.520728872336573,41.16828199054281],[16.507078742671744,41.14649107589103],[16.479906198084446,41.150484610069725],[16.46920639240435,41.13883803701413],[16.455066454114164,41.16799435695522],[16.43471019065555,41.18338201756718],[16.418290781538076,41.17984190355596],[16.39319636254536,41.190537725497855],[16.359705202141374,41.15608176738529],[16.344432681872505,41.160599744181724]]]}},{"type":"Feature","bbox":[15.334971175904862,39.894802042781656,16.398764241512954,41.13992129764297],"properties":{"prov_name":"Potenza","prov_istat_code_num":76,"prov_acr":"PZ","reg_name":"Basilicata","reg_istat_code":"17","reg_istat_code_num":17,"prov_istat_code":"076"},"geometry":{"type":"Polygon","coordinates":[[[15.320132531340798,40.83940426251217],[15.370644282023457,40.83935957653655],[15.372439986110969,40.84191224947996],[15.372457781807352,40.86390833572699],[15.34968856026805,40.86708617231476],[15.347918800089625,40.88631256338932],[15.377218178781163,40.89074220017419],[15.389234618719593,40.88121182375899],[15.401490531565846,40.886232692841176],[15.431613288992795,40.88403936236176],[15.460192411843611,40.87249526414876],[15.466301115928387,40.87609292592362],[15.460574673379545,40.892313049401324],[15.522399166185648,40.91122326789224],[15.536850089010281,40.94827961448443],[15.563393363984238,40.98108105278214],[15.557572263980633,41.02863608971956],[15.545809192442317,41.03697648754156],[15.532724320521663,41.07150852534368],[15.556007876885143,41.09183780258643],[15.584181366350839,41.1027280522548],[15.618029341483794,41.103794418753594],[15.67981757575314,41.09138113913765],[15.722626612953931,41.09506836633271],[15.736072058139325,41.10441343079177],[15.755745125726468,41.10145814429868],[15.770250749169033,41.088472457483824],[15.792924432965272,41.09451614323798],[15.800431437317016,41.11411838655195],[15.820568140537906,41.12130144283176],[15.828496443445792,41.13462324533413],[15.845344320824083,41.13061892603988],[15.870107713296512,41.1456119160636],[15.922938646640025,41.11564286643864],[15.95716744342441,41.11528112876249],[15.966694084165997,41.09968549087291],[15.96389975239047,41.09635623039475],[15.987027866815012,41.093164596311254],[16.00165571454778,41.06148921426973],[16.007444402174983,41.0650179356954],[16.046575559733625,41.03820915900371],[16.046322152215513,41.02540453540215],[16.03376682555939,41.02111803151567],[16.03290596213454,40.98965089241541],[16.011333014171665,40.96757509467016],[15.979684339546573,40.967611404410775],[15.982100072436847,40.961295913652826],[16.096195528672084,40.92442242278343],[16.12011221703822,40.90504877830561],[16.133890082117755,40.92177391643867],[16.162476751629885,40.93351304555869],[16.20695408992963,40.921070233958325],[16.251438599465818,40.836011583999415],[16.170997785407966,40.801445565745425],[16.12722179624251,40.79328852608102],[16.12114312157683,40.76868271757408],[16.15507563669522,40.73239105787572],[16.153217753010853,40.69581665114167],[16.131559686705952,40.69068806345899],[16.104806362093143,40.669240268469366],[16.065427988453063,40.657103763116325],[16.055206217735247,40.63688709261654],[16.075697010048984,40.62330495833415],[16.085658714433933,40.60402828142294],[16.128928751343445,40.58537011994945],[16.106308656177212,40.55390146513533],[16.084086333031248,40.54332169272264],[16.123562075426513,40.5005407613184],[16.104237504929696,40.48146141412488],[16.120076601328286,40.46288496650741],[16.149600704150878,40.455167374054334],[16.132073899749468,40.42655217362434],[16.11470005985212,40.422761432192075],[16.112320716357605,40.41083196189473],[16.156776674434628,40.38015694267694],[16.168023001624327,40.34295098430764],[16.178109040621592,40.3428954998495],[16.198331945870933,40.317679561230456],[16.172030705445327,40.31023374558847],[16.19335052451642,40.2922495904448],[16.200073019565444,40.27002099157022],[16.239860297384404,40.27095156493538],[16.2559188280329,40.278771836844626],[16.30246266869603,40.27663491978978],[16.329833624144104,40.308553099786735],[16.38180917745718,40.31588283523818],[16.380546046337976,40.29448324917132],[16.371422067440562,40.28730528018778],[16.381599217950715,40.27484267441431],[16.376678323982198,40.24887225994026],[16.365991348870008,40.24038736312487],[16.354750320047405,40.205745515173035],[16.364113782684168,40.188824892081186],[16.40333349124323,40.16937761304157],[16.402142678450964,40.150785679275714],[16.373192508365147,40.14054153609651],[16.361678721772925,40.127770965057806],[16.374979491425936,40.12771205934892],[16.362693255718746,40.117828421320226],[16.382740062928246,40.109075517599585],[16.367560001672917,40.09512195961101],[16.381987111200555,40.09481336991024],[16.375063992782408,40.083096998404706],[16.388625790655997,40.088774307337594],[16.389515678630378,40.06526794489564],[16.4058054237674,40.05731271203384],[16.398759890705122,40.041794425448],[16.40468355468435,40.017026700647904],[16.366181120518604,39.96704163314687],[16.363617201427147,39.95212135019774],[16.34581313342346,39.93639089422443],[16.365953998149692,39.92112077482031],[16.359838723784044,39.89602605629342],[16.34022992163238,39.89820767133208],[16.3064447205992,39.92953689647545],[16.28160417016838,39.92619700100159],[16.26880294400987,39.93101056612154],[16.2390825787577,39.92089347255888],[16.220151441932245,39.921793129983456],[16.220601004604863,39.888370981863076],[16.16022954410924,39.9137488850403],[16.140080017501727,39.89647209707317],[16.10453656233119,39.902123137959656],[16.08430778911671,39.89180570370454],[16.04521855364382,39.890109641599274],[16.033321025691276,39.91288266233451],[16.008895588269255,39.92400851173136],[16.015414999244406,39.93414300398379],[15.999890398933314,39.95793381867225],[16.027338400968233,39.98359668578948],[16.025802143000913,39.98946608407574],[16.012666314646946,39.99132135928797],[16.010574598368077,39.985980834020395],[15.97745957364438,39.977148527686],[15.96529296398421,39.98777449795497],[15.929366041797431,39.99605817813465],[15.895511915067061,39.97434296315976],[15.886637534522459,39.990369120488104],[15.878597661331375,39.99164534596702],[15.867121785787607,39.983669511324685],[15.847991750291982,40.00113074035254],[15.823586368999075,39.99776392583334],[15.79897768057271,39.96804158230879],[15.779008902331178,39.95858971058022],[15.767484268408287,39.92433434602519],[15.755196685687736,39.91762724825028],[15.737398218963943,39.93208989922916],[15.726632089887644,39.962048746586355],[15.723660121440535,39.96507192135688],[15.692216007551744,39.95253879936151],[15.689708151018783,39.95537501864636],[15.715097876884805,39.972868983176745],[15.6758109358098,40.00394526681587],[15.669149514404717,40.02756899539208],[15.66128277591418,40.0354159026496],[15.626447815560981,40.03993454968361],[15.669538026352967,40.05733085812135],[15.666747486859927,40.06734116075799],[15.636273554373073,40.079737754267214],[15.673296292167356,40.088336539691596],[15.700207763103405,40.11937059821494],[15.703264308283543,40.139354970196266],[15.69368942316081,40.15958991639436],[15.709725892986288,40.17093814083472],[15.705458937509102,40.18047119359207],[15.724647164441981,40.18925075142497],[15.729849041919529,40.20615884595883],[15.748957230336671,40.20630031116583],[15.771278611124723,40.22146594784115],[15.787314196903338,40.224533016244926],[15.780555462641834,40.23766100213802],[15.7988806535978,40.252690241434344],[15.793116482527367,40.2690866525736],[15.79892566735499,40.27377892645284],[15.788633110713018,40.28587825645403],[15.744606863659412,40.295187312412466],[15.719888763568273,40.314505583752734],[15.723832435063013,40.32120381248312],[15.698605614670992,40.34061139861433],[15.703896800533922,40.3751517355524],[15.671842494251406,40.39229171651199],[15.660875309692523,40.38557036680394],[15.643548527764215,40.410834825563114],[15.581612309539219,40.44076238043658],[15.573609841513957,40.466048819833425],[15.533726059239008,40.485206932149964],[15.528664662579853,40.501356852941164],[15.54201021594343,40.509768800575664],[15.527588898159838,40.52214664394885],[15.538229079188612,40.5321562406498],[15.519384666337215,40.55799316307483],[15.527656361072381,40.56495147726373],[15.515974340926062,40.566406751380434],[15.50607790700414,40.581876786444724],[15.471251356493367,40.58853828454305],[15.44228838663717,40.607943174803914],[15.46303998716122,40.64236714070648],[15.487873654039706,40.65099247038396],[15.495550920735088,40.66175685454706],[15.425071330643496,40.689046318690096],[15.405186259962472,40.70952772975393],[15.375836108690704,40.721334024929654],[15.373064174543359,40.751995563997994],[15.384271010582967,40.76717453957163],[15.37382073529297,40.78019081412217],[15.380064364564296,40.7919219996029],[15.355549481916627,40.795222423400105],[15.3688885818527,40.807394586664834],[15.363873459537903,40.807818664551654],[15.320132531340798,40.83940426251217]],[[15.948866775526675,40.635169687048425],[15.956817505974428,40.617467126542344],[15.977708933532776,40.612130608084286],[15.97574558275339,40.642524100956486],[15.948866775526675,40.635169687048425]]]}},{"type":"Feature","bbox":[15.941421752182238,40.055650400894805,16.86688530999867,40.838029639542725],"properties":{"prov_name":"Matera","prov_istat_code_num":77,"prov_acr":"MT","reg_name":"Basilicata","reg_istat_code":"17","reg_istat_code_num":17,"prov_istat_code":"077"},"geometry":{"type":"Polygon","coordinates":[[[15.950945974448867,40.65268453693867],[15.981781687171658,40.653202771967045],[16.045197249552906,40.641763033432085],[16.05644742563774,40.6639282114459],[16.098137977776595,40.676779529925696],[16.125713543993555,40.69888693462821],[16.140550660269678,40.699772305493596],[16.143495235408505,40.72933285640679],[16.108861024112237,40.76662663864367],[16.116445292797646,40.79962925340801],[16.166602467905758,40.80976988207069],[16.245693691352756,40.84375639579996],[16.28170940456551,40.8051796653341],[16.32015803594905,40.78634857510032],[16.352620896052024,40.753004085737686],[16.384663756256998,40.739570346666746],[16.403156170986428,40.711502183590596],[16.413697957010015,40.70690670889814],[16.459379318421842,40.72748245637398],[16.500992033597065,40.76946990844027],[16.531411787709093,40.7392610387302],[16.529787868012182,40.754804128674955],[16.55662881969048,40.76303074700711],[16.56197085946892,40.75687332254785],[16.578746664893373,40.76901451916761],[16.609040957691274,40.75633293439786],[16.673185249878124,40.76207869775866],[16.674592913331352,40.75666910196296],[16.663300979373215,40.75431986167416],[16.734747931682232,40.713648965438196],[16.71065688257592,40.701135748348285],[16.733717292911184,40.69044552897589],[16.715533129113947,40.63256000409153],[16.718045931623095,40.6174452651679],[16.736677113496675,40.600507824051604],[16.718577013431343,40.59107887529679],[16.722580984531437,40.582277982186525],[16.71165683058007,40.55582313506275],[16.731194252394157,40.5355266005355],[16.722955425893083,40.52489793219552],[16.743860333080974,40.508692977321815],[16.727203418696625,40.48101278526267],[16.74492662230216,40.46964123510631],[16.756444309763523,40.47278548013058],[16.807679013375996,40.46086848112728],[16.81465099331263,40.43498020794423],[16.82752120774557,40.42275967872708],[16.874722754297018,40.39855917745495],[16.791128631868716,40.300360672645034],[16.754794934924654,40.24420867486665],[16.742543564199188,40.20884923528386],[16.690728460596976,40.14307980194485],[16.645583437774885,40.11251857999333],[16.619240587111594,40.12765856827081],[16.563303068814115,40.12555567980147],[16.528607198116088,40.11271566971166],[16.51587234435792,40.124019338661334],[16.492517500130198,40.120634682395746],[16.470034419007032,40.12948172329329],[16.431355151892326,40.1230948323148],[16.425699672139825,40.13007511922288],[16.425418186618987,40.12643771346001],[16.414944733447175,40.11921910475391],[16.4211424072069,40.084136375920444],[16.403614216909013,40.051916029423126],[16.37885106950159,40.058821236227146],[16.377889097942568,40.074147865741104],[16.350321024606775,40.06259716279238],[16.36431378142394,40.08630080254261],[16.34340535861546,40.08674357285126],[16.365033352443998,40.106636796410385],[16.3441390855636,40.115755121384844],[16.34809679421699,40.118941059774805],[16.339718538499262,40.11897606070375],[16.36554385763478,40.14763220741125],[16.391023838111188,40.15665032431423],[16.391538499716578,40.16470801251207],[16.35496826654396,40.182837751815036],[16.342667497002278,40.20505955426186],[16.355592329655853,40.244912102648904],[16.36584220938282,40.25305155695328],[16.369605871613334,40.27293331589287],[16.356841411469322,40.28855872761932],[16.369255726867394,40.29832805823857],[16.36965575157744,40.305127213666886],[16.336756118533835,40.30048589806846],[16.308434631413192,40.26745991501226],[16.258992011067164,40.2697324457832],[16.24340363422128,40.26214066041205],[16.191039387716533,40.26091416734604],[16.182843744418967,40.28800182706837],[16.151969726322683,40.314035556027314],[16.181136705507505,40.32229832869312],[16.17171374426492,40.33404441997299],[16.15889339949755,40.33411391623716],[16.14639603244877,40.375440316923516],[16.0999806839475,40.40746021186912],[16.10442642320494,40.42976965295874],[16.12386347605637,40.434011988786494],[16.133638701963932,40.44997744096715],[16.112651242906125,40.45546136321679],[16.090059803954993,40.48195088110497],[16.109181950936286,40.50083732252182],[16.067557631226855,40.54592760917337],[16.09764121407156,40.56025417501789],[16.113250129624326,40.58197625584629],[16.076449762583202,40.597839970046515],[16.066011068219765,40.61803459748806],[16.046941417183007,40.630726579563564],[15.98844961114799,40.63989832657562],[15.989880472444481,40.60029434468225],[15.954362222982855,40.60638209917063],[15.934680569931718,40.63871767396571],[15.950945974448867,40.65268453693867]],[[16.658290274589657,40.753276926370944],[16.64855833058853,40.75125046442247],[16.657337651862097,40.747043146779774],[16.658290274589657,40.753276926370944]]]}},{"type":"Feature","bbox":[15.755915690898375,39.048700977296015,17.024898188429102,40.143925890892994],"properties":{"prov_name":"Cosenza","prov_istat_code_num":78,"prov_acr":"CS","reg_name":"Calabria","reg_istat_code":"18","reg_istat_code_num":18,"prov_istat_code":"078"},"geometry":{"type":"Polygon","coordinates":[[[15.74913826468917,39.92476102371255],[15.76053884732372,39.932908429795575],[15.767787694199056,39.963253054119164],[15.790617552509557,39.97462156437192],[15.816543928593225,40.00593789986696],[15.85245510357977,40.01089166027911],[15.868195102920534,39.99652624002428],[15.875152559839945,40.00136091980408],[15.894859584398809,39.99823260176238],[15.900008332180375,39.988934075989256],[15.926684506759354,40.00604099004172],[15.971710214137076,39.99565990399084],[15.980931808569666,39.987606171948684],[16.0012001916028,39.99301192263904],[16.00456172200653,40.00159636312873],[16.03557673136494,39.9972161866065],[16.03978903541293,39.981112264351886],[16.013650962034685,39.956681604206096],[16.028370725666914,39.93411492727087],[16.024099643171564,39.927478599999674],[16.04254109121414,39.9190761185689],[16.052791211291087,39.89945289029576],[16.08049802588519,39.900654299948606],[16.102111106419553,39.91167697917876],[16.13588232815634,39.90630966528602],[16.157691420633498,39.9250075209212],[16.208831445659193,39.90351925274849],[16.20845229095606,39.93135544986818],[16.236924012713008,39.930004571103446],[16.26781232318767,39.94051811228867],[16.31226255972429,39.9384007346668],[16.34826842947772,39.90739857574804],[16.353043806438905,39.91839138689622],[16.329862510368983,39.93596080031612],[16.352604774259593,39.956060652783385],[16.35502112753607,39.97013544566053],[16.392330558246943,40.017869143915966],[16.386791373370848,40.043031009936215],[16.408343507273145,40.08142750474212],[16.402903304454703,40.12280293769701],[16.414299256119467,40.130659181685004],[16.416420187933408,40.158108687917576],[16.43673399777391,40.133044775006496],[16.471529220025605,40.13878802203281],[16.494154307359228,40.12988594555096],[16.520126869028424,40.13364850104021],[16.531446661137583,40.123601553872454],[16.560392811148557,40.13431189447554],[16.623430112974173,40.13643626983636],[16.65330765688009,40.11877472703833],[16.61149178877498,40.07872834819727],[16.604560795356576,40.04111817542785],[16.633273864655393,39.9558413192047],[16.54310142631919,39.86827398470343],[16.495151817961638,39.79709892172367],[16.498968888808864,39.75154115538492],[16.53557304347593,39.72612130879418],[16.5238190472684,39.66942573859387],[16.524191936135608,39.668704451637616],[16.5281674994029,39.67317499390981],[16.568124332257554,39.64559902240938],[16.623659127603975,39.625735045657656],[16.7317577092357,39.620829031409734],[16.75481753041529,39.62927653239115],[16.77324243147853,39.62478219740166],[16.820881697492847,39.592130903616486],[16.838029591725036,39.56411236271399],[16.869941493916684,39.54225622251472],[16.95909031826826,39.50101869905198],[17.036694994285515,39.4855198951019],[16.962831284407986,39.43490525552599],[16.960753731472373,39.39160401872097],[16.93886701973491,39.39132877682849],[16.913678539171357,39.407368585148554],[16.908978263780035,39.40688263325622],[16.921975009413543,39.38067778405428],[16.88883413048697,39.36992415546202],[16.871127676748614,39.35257302822351],[16.84836917487668,39.35066765763897],[16.843862302072413,39.33463990261554],[16.808940406487206,39.3459402904301],[16.770515153125462,39.343188145654246],[16.75973166819897,39.3574521347298],[16.738120283256357,39.35713207005148],[16.733220840454656,39.34494333231715],[16.710840714187412,39.348967549828096],[16.71190936160911,39.32521776224211],[16.76960688014658,39.2925370441548],[16.75757574037888,39.28229726960866],[16.76509378397508,39.267172874099955],[16.75297122694831,39.24578837142591],[16.786348248100712,39.19294258906914],[16.747629601719783,39.185176225100534],[16.702054595481496,39.19079229955562],[16.679752134485394,39.200873065951725],[16.651469543305538,39.193235396730216],[16.631332267834786,39.19598504697989],[16.603232894706213,39.188339955739316],[16.58332880082455,39.164386558925166],[16.5668669505061,39.16211744698712],[16.534833882289394,39.13736582717924],[16.519585777827867,39.157409374682224],[16.50945319967923,39.155828569909524],[16.50639530736117,39.138321339712626],[16.492422117479986,39.13471379286065],[16.48659667226451,39.124450789162665],[16.535255120469078,39.10628152129251],[16.48420664453268,39.10400932982242],[16.486906523857535,39.057165345222266],[16.470750667120498,39.04535144870276],[16.443512641412262,39.0631951285077],[16.436206374727302,39.05557620885386],[16.42130333399591,39.05764417592663],[16.39068498267732,39.08839066759815],[16.38900334182153,39.09792865718452],[16.359024329859384,39.089787737370926],[16.344738127308904,39.105714600065944],[16.294521627163395,39.09318742525142],[16.293907162429278,39.09848916520762],[16.286854023042917,39.09563425683068],[16.25996327165731,39.1070609173185],[16.234906320161155,39.08639305967556],[16.219196563595794,39.094706606354045],[16.220142894391195,39.07921851014784],[16.197964334169598,39.07584191607696],[16.143777140573672,39.04346121141883],[16.12672650036398,39.053954653286],[16.08997046042492,39.042747482776264],[16.061225823140106,39.132791418880046],[16.048123835925598,39.27994325211264],[16.031175528300977,39.34721096015892],[15.981782103248037,39.452059079703446],[15.954123937657034,39.47538907726105],[15.921060300796059,39.52313031464563],[15.882085684949205,39.5377810561989],[15.868739708721234,39.551907879316666],[15.826689919713868,39.665735242941146],[15.812136617809132,39.67496824521492],[15.807367739442052,39.69443315578365],[15.773050289971213,39.69057409196862],[15.77180984251126,39.69408520059822],[15.805328946185034,39.70463405551393],[15.802673869123579,39.729962032806256],[15.780129678211804,39.81515752731119],[15.76223119190031,39.83547654054401],[15.775506422450686,39.85366013908589],[15.784057541118429,39.853942234186505],[15.785666155832649,39.86268080313418],[15.78266382332404,39.86895880041443],[15.741370045707965,39.8643720474347],[15.739806581808171,39.86958957714054],[15.777424418710456,39.87878357730035],[15.74913826468917,39.92476102371255]]]}},{"type":"Feature","bbox":[16.09390114135724,38.4633466266766,16.920597187403878,39.19423913064073],"properties":{"prov_name":"Catanzaro","prov_istat_code_num":79,"prov_acr":"CZ","reg_name":"Calabria","reg_istat_code":"18","reg_istat_code_num":18,"prov_istat_code":"079"},"geometry":{"type":"Polygon","coordinates":[[[16.277665519330657,38.81868028001442],[16.27956822679222,38.81813037411557],[16.28627281246389,38.78214693124074],[16.2454394470782,38.80508072859438],[16.206851933907167,38.80632727443396],[16.215541582624112,38.858309139511846],[16.211369369126096,38.921245283595525],[16.151676371294887,38.948406486861685],[16.12648750136064,38.99651038347032],[16.09675936482425,39.02312696637445],[16.08718167613659,39.05147724010046],[16.128557666374853,39.06409123876319],[16.14380893134184,39.054706481004374],[16.19317367945517,39.08420230970097],[16.208381147475958,39.08651861568426],[16.20682287275716,39.11194691598658],[16.233241811552347,39.097971832270254],[16.257677040361134,39.118123896185274],[16.28690639372004,39.10570591380268],[16.30363628863901,39.112475219530104],[16.304496095148437,39.105047624409025],[16.349148726515924,39.116180974965324],[16.36330451429713,39.100400197189636],[16.398299825871064,39.10989868334445],[16.40146188019096,39.09194968809932],[16.427473870300986,39.06582557544922],[16.43130145268055,39.06529449721463],[16.441616417637462,39.07604967183885],[16.469900327729253,39.05706639143958],[16.475376739875575,39.06097226137662],[16.472403077500765,39.11241056437189],[16.49036214073446,39.11321509879602],[16.471736076886597,39.12016317285561],[16.484107837113186,39.14196691532456],[16.496138722621684,39.1450739077828],[16.499327940674785,39.163346550809756],[16.52515157938222,39.16737535164187],[16.537107130029675,39.151660934907575],[16.56139026979756,39.170421318836745],[16.57649548820663,39.172504115792094],[16.596065750976457,39.19605692382262],[16.61653343505409,39.19932707350849],[16.63310660021673,39.16573810076192],[16.65071112166643,39.157655721897875],[16.67290925004624,39.16111755123889],[16.691363234548305,39.12190420501641],[16.668323442865855,39.13172031616956],[16.648675864219896,39.128997052678905],[16.682295997906607,39.09635688000654],[16.702559469499224,39.0938403934703],[16.73477742684987,39.06477905536634],[16.74574495441776,39.07050564693682],[16.772498267530867,39.06917676771092],[16.845307577518223,39.045688170824675],[16.896253870989593,39.00512679208387],[16.904503536188862,38.98638343720599],[16.89818102052195,38.97453162016047],[16.931560593443617,38.95071253896984],[16.91202571894536,38.94574615964966],[16.91016721929594,38.93454790312993],[16.89336589963813,38.92406167303571],[16.77982766355403,38.89200829746707],[16.627583432219865,38.82169953767253],[16.573009559763523,38.765213570360274],[16.573440587674302,38.75259564960963],[16.54134317756036,38.709765884849176],[16.564037439894125,38.68205749704103],[16.58814966165254,38.46478930485917],[16.56677018370023,38.46749716495585],[16.540673712189133,38.4583688432805],[16.472538389191556,38.49060544879654],[16.478447561919396,38.498604021024235],[16.456538467731672,38.508483877758316],[16.404524795019743,38.50772441833405],[16.40152929647404,38.527464318177614],[16.41427252718721,38.52579598147403],[16.41298707728834,38.529270472064646],[16.43052206075895,38.53901401620138],[16.413436921385678,38.552856241947275],[16.4247568355593,38.578967440032834],[16.40875222085229,38.585891334896075],[16.410922513707543,38.59090992874398],[16.369856996820342,38.603295768140676],[16.366043699851822,38.62224022802043],[16.33718755690328,38.62777217694654],[16.32162639958046,38.64032458579362],[16.339978684686745,38.65926493316671],[16.3394030385166,38.66565536902575],[16.31875374128,38.67653112655828],[16.342606202807957,38.70725469664416],[16.331810961619276,38.72069441003789],[16.346657068518404,38.73857251422206],[16.36347842318481,38.745152570065144],[16.34353493987708,38.787323033877165],[16.283310586431885,38.81959299907639],[16.277665519330657,38.81868028001442]]]}},{"type":"Feature","bbox":[15.63006171806162,37.91575437594164,16.58272102663955,38.57380178931387],"properties":{"prov_name":"Reggio di Calabria","prov_istat_code_num":80,"prov_acr":"RC","reg_name":"Calabria","reg_istat_code":"18","reg_istat_code_num":18,"prov_istat_code":"080"},"geometry":{"type":"Polygon","coordinates":[[[16.149598627752926,38.02989792275479],[16.121088077911217,37.97941423798789],[16.067661289144166,37.92153542706921],[15.997764085834365,37.91116764807932],[15.922483895544563,37.925144179181146],[15.777735106451233,37.91144890650417],[15.730408909159598,37.92122740496587],[15.673940144856454,37.950857428761225],[15.63059682479514,38.006742712595866],[15.627549847094587,38.019762244146705],[15.650358831913586,38.04039631760112],[15.641775971998053,38.05397866448104],[15.645447082724464,38.06432757813982],[15.629823063894724,38.072865235334284],[15.624346472425517,38.09385726734815],[15.649637844146376,38.13490074403129],[15.649463000731485,38.151428537880754],[15.628363311171903,38.184848209995415],[15.629710497610272,38.23259709050383],[15.690250908238761,38.2554385034612],[15.746950266524589,38.26141044506599],[15.80560027038094,38.2968868998969],[15.82411237956068,38.326094332385644],[15.827515407685283,38.35765609035598],[15.856539825516107,38.38798901790461],[15.901166735298444,38.46979223373498],[15.913874169944508,38.51037276153506],[15.946524838761393,38.51784620909622],[15.952272361937284,38.52974360324425],[16.002954843081955,38.52154411115541],[16.06001614732416,38.55859812035016],[16.06787007412468,38.555185929791854],[16.079410813259088,38.569828385574255],[16.10452330904693,38.544867945369234],[16.141209283801974,38.53851255782027],[16.195273059970816,38.50224718642102],[16.235568424970126,38.505552985070246],[16.26288119740803,38.48064404210188],[16.274149471155052,38.44725264112937],[16.303056131030093,38.43504863518282],[16.348069513867912,38.43362051121391],[16.384791882292795,38.44743033082403],[16.375658826475988,38.46026527032082],[16.38201070185777,38.474244981997735],[16.35043909353756,38.492820168273006],[16.339283925645713,38.52027474069384],[16.358399509304185,38.563584220789956],[16.39373390783189,38.579349236424015],[16.447961714649555,38.53777621373894],[16.426015725487314,38.52558623553848],[16.428949097217462,38.517652128671905],[16.459393584068273,38.517414479665696],[16.493901228492344,38.50185057141854],[16.487873754949597,38.49369588381159],[16.541362715577552,38.46838553709401],[16.56519008848198,38.47671890332907],[16.588477593495274,38.47376990679602],[16.57954136813114,38.43090765198357],[16.469886447424845,38.33623109552585],[16.339313013761487,38.296933926553685],[16.32244718316278,38.28533187555035],[16.171620632521584,38.13538793705441],[16.149598627752926,38.02989792275479]]]}},{"type":"Feature","bbox":[16.613021368380963,38.89257570691638,17.20652649203476,39.4823861235193],"properties":{"prov_name":"Crotone","prov_istat_code_num":101,"prov_acr":"KR","reg_name":"Calabria","reg_istat_code":"18","reg_istat_code_num":18,"prov_istat_code":"101"},"geometry":{"type":"Polygon","coordinates":[[[16.670082766703487,39.138468712394186],[16.667809365653525,39.140682629448804],[16.66675278987062,39.15340163353123],[16.649285130149703,39.150676450237434],[16.626348123582293,39.16120668629833],[16.60949329326775,39.195360182508765],[16.629395510843608,39.2027063136485],[16.650647670669397,39.200096737249616],[16.677809614143747,39.20806503261942],[16.693688223557423,39.20490249227846],[16.696942436378283,39.19915596212663],[16.704091916324657,39.19734440942207],[16.720030615894817,39.19975472530326],[16.729347214926673,39.19423083826082],[16.746823164137727,39.19202030737139],[16.76260801292775,39.19847618638675],[16.77160968683025,39.19968766716218],[16.773579103279687,39.1976622520292],[16.766149833577945,39.20743168721264],[16.76428268556489,39.217537704195976],[16.747692245490367,39.235457339507974],[16.743710191239668,39.245881709341724],[16.755900361914247,39.26739199864816],[16.747742666762267,39.28379752644337],[16.757147250901834,39.29180405231267],[16.730255490083007,39.312035953032684],[16.70317957175714,39.321599558422974],[16.707094904058554,39.3388327172776],[16.701380106881146,39.35656704245079],[16.71705806009911,39.35772763174392],[16.72373080940033,39.3525004505981],[16.727307299751228,39.35244681553558],[16.73211449675614,39.36440736999408],[16.746410997427073,39.36018379355721],[16.764178892253693,39.364590962130904],[16.775047812438785,39.35021366934587],[16.810529771912456,39.35275351968408],[16.817852335181872,39.34867418795003],[16.836494559527402,39.347865500075876],[16.838324603614357,39.34594013618836],[16.841256339109176,39.35636818523292],[16.858448152668313,39.36201379402707],[16.86720059575816,39.35943522373832],[16.88353198624697,39.37543903146576],[16.911830486629945,39.384623275589526],[16.9117324969906,39.39463321072028],[16.899029254847836,39.40378649668959],[16.898004266712437,39.41247890503567],[16.91614016916621,39.41435452866594],[16.94177019236246,39.39803413058743],[16.95255725364501,39.39817004782817],[16.954464127926027,39.43801080569634],[16.97665908221872,39.45454029798662],[16.99601833842743,39.461586056532234],[17.024470582918276,39.4862977961306],[17.049049337252082,39.44527832266043],[17.082110045572225,39.42382126212246],[17.119525554757324,39.407713854936155],[17.161247737001002,39.402805294601414],[17.137433820622768,39.37145735708037],[17.112045719786853,39.307275218248186],[17.11417278637739,39.28874451986947],[17.107616549239147,39.26620106594854],[17.109055931328406,39.2539195108144],[17.128866198784745,39.226790161515495],[17.151641564479462,39.20652049560849],[17.120279137929494,39.144894272137066],[17.11093120563937,39.10731740894486],[17.11331971614446,39.09735325792895],[17.120583858217383,39.08926047518803],[17.129807175532296,39.08716257230463],[17.116437999347102,39.10445825646798],[17.11971297856182,39.10622440710283],[17.13758958306435,39.08805916092914],[17.141759694534702,39.079698317926905],[17.135835360805146,39.071261318293075],[17.134581899922402,39.07619588003755],[17.133263175176474,39.0746933536581],[17.133844646789438,39.068868013985124],[17.14882029764384,39.04801916132448],[17.174296247513873,39.03506125277597],[17.197691979943677,39.02901125542432],[17.206881328130862,39.033120628326735],[17.209302123631844,39.0256165751884],[17.204874423995893,39.01780085956543],[17.19004465414925,39.018053304893925],[17.166696152557567,38.99379939151239],[17.16336415241848,38.969680666279295],[17.1736616716681,38.956428010242355],[17.103340615057846,38.90343251122825],[17.097231127247305,38.89047956590583],[17.086517212480736,38.89398868038039],[17.090393770320308,38.90511876751501],[17.08702132502058,38.90849472769801],[17.060693784271105,38.91572791578121],[17.03558459090646,38.91487215458861],[17.031227795432304,38.906464868090964],[17.021180555447746,38.90334676297815],[17.003731084399533,38.913866047416654],[16.99547714506052,38.92846305828987],[16.979850549795138,38.93598404732459],[16.95834093439221,38.93648390222994],[16.88704946617243,38.925198522037995],[16.88976223316088,38.93595815555434],[16.9023910577327,38.93866521740239],[16.90439998020877,38.95077717647809],[16.915183220952603,38.95351991382351],[16.88814027979581,38.972810814637825],[16.8949961227588,38.98566697664561],[16.88874447582798,38.98857020479145],[16.89156257093058,38.99749994818417],[16.889131779241946,39.0014030796039],[16.874389042705374,39.01172127474891],[16.87208971872882,39.01735769699877],[16.85577871209644,39.02335267324211],[16.840374762759286,39.04015099413378],[16.770659998575884,39.06264054100141],[16.748089049569398,39.06376181740089],[16.733338666132294,39.05605910670985],[16.69828401917923,39.08768047725064],[16.677681234951024,39.09023835872852],[16.64859029643681,39.125154353054796],[16.627036289403346,39.134418408870225],[16.655584605999234,39.13398751288575],[16.669337457878274,39.1387860972375],[16.670082766703487,39.138468712394186]]]}},{"type":"Feature","bbox":[15.826712870537417,38.42890486365181,16.43197895403603,38.824420075885435],"properties":{"prov_name":"Vibo Valentia","prov_istat_code_num":102,"prov_acr":"VV","reg_name":"Calabria","reg_istat_code":"18","reg_istat_code_num":18,"prov_istat_code":"102"},"geometry":{"type":"Polygon","coordinates":[[[16.22996869791716,38.496385022409775],[16.191784796216588,38.49298641521561],[16.136176867237545,38.53028848048301],[16.09846984978703,38.53681926580079],[16.07883498974354,38.55436930135002],[16.072498927929598,38.543062009758536],[16.061328173202913,38.54791648421751],[16.005896342446324,38.51191635382757],[15.961576569657371,38.52044630292617],[15.954545726440674,38.51039838184612],[15.91113682182576,38.50046227767127],[15.923900690070496,38.54664068665271],[15.842605058770056,38.60906628950926],[15.821501649912555,38.61515195653277],[15.8315418729014,38.64807669698595],[15.869143905847832,38.67715000273642],[15.945379577600331,38.695230365412634],[15.983359759902932,38.72723927172418],[16.042669262973423,38.73216997664901],[16.104609713149983,38.71638727957014],[16.131602018469376,38.721533313364404],[16.17756118454686,38.75040978314162],[16.20944940050558,38.81509336713046],[16.249131580123677,38.81381026030021],[16.271428650401003,38.80129173464714],[16.26949677226453,38.8116488893021],[16.2295780891979,38.82317268861897],[16.229601837386703,38.82330204365776],[16.298469181924897,38.82581402195707],[16.325885663868608,38.80296842249359],[16.352523596469844,38.79344569714933],[16.377047158688693,38.74216141504838],[16.345694272685215,38.71981763457192],[16.355767693155006,38.70727199265967],[16.33390918397791,38.67912850020218],[16.35012896566701,38.67058320038687],[16.35139437486948,38.656509650776236],[16.337834393676783,38.64217662647972],[16.374233192154765,38.629515024778925],[16.383103920847205,38.62189861089151],[16.377911669802014,38.612150858550756],[16.406067149159284,38.60518778335355],[16.438452334061342,38.580401008685165],[16.422119722324215,38.54630627866519],[16.392103141567404,38.56837961837143],[16.367303807182292,38.55731458617375],[16.35464601270662,38.53603864426927],[16.351098730620603,38.516730257898196],[16.359844908811436,38.49831558802405],[16.39537335626145,38.47740755696387],[16.38783877369378,38.46083344837856],[16.399235949404936,38.44148510577338],[16.35035053507316,38.4246399773183],[16.29996250269483,38.42623852681036],[16.259589490351665,38.44597543599548],[16.260350292813,38.46380360550899],[16.22996869791716,38.496385022409775]]]}},{"type":"Feature","bbox":[11.92617912842132,36.73443575002037,13.100273869295762,38.18963754801292],"properties":{"prov_name":"Trapani","prov_istat_code_num":81,"prov_acr":"TP","reg_name":"Sicilia","reg_istat_code":"19","reg_istat_code_num":19,"prov_istat_code":"081"},"geometry":{"type":"Polygon","coordinates":[[[11.920717221163386,36.801314760529706],[11.930371262738465,36.83495859008083],[11.954631784086224,36.84438480911866],[12.000940183090705,36.82483947381673],[12.008175528354716,36.82887140009919],[12.6643606333902,37.5600785079124],[12.644616553949298,37.574194204981815],[12.602312344956596,37.63806701087875],[12.558245846058448,37.658279273085704],[12.515338805962356,37.65622875239456],[12.466299850129866,37.70163906192956],[12.464582732963027,37.745986238729046],[12.44623807978199,37.7770504656081],[12.416506533522226,37.802390785377355],[12.457020563130783,37.820314403112334],[12.471230600975318,37.85924053148211],[12.454321798872803,37.85667741954036],[12.448428246736617,37.823326388187],[12.424608751908972,37.88744151770344],[12.34769534596412,37.90366435341354],[12.334910686227769,37.91524083325011],[12.306439257473997,37.9140136939687],[12.295011810881682,37.88866787410883],[12.291387674189666,37.88930797304562],[12.293471817161349,37.91038316515335],[12.288099123027376,37.90832842735734],[12.276835222913274,37.916569705652265],[12.270844929123673,37.93068950500777],[12.08220154000383,37.940666099961405],[12.040138174269346,37.955172793187415],[12.019898619311995,37.995709205925856],[12.07020396272091,37.99762115518415],[12.0704307222992,37.97883373143017],[12.093622970553872,37.95370942484247],[12.270945100307566,37.941936381574294],[12.275052659509313,37.95094794642774],[12.287490337964114,37.94706992438825],[12.30249674737357,37.957985445906],[12.322772340188004,37.988470235466075],[12.315964706244241,38.00839215483109],[12.336577766951482,38.02862355160884],[12.356178303802361,37.998271380722834],[12.454746128764349,37.99145832880079],[12.454101336317628,37.98342274169322],[12.353347643801406,37.98729844905927],[12.332558209220526,37.98196554574649],[12.313967846327106,37.95452878544159],[12.321819302874745,37.93898168875666],[12.325961487782832,37.93470153084695],[12.344961363039143,37.94174525910478],[12.375025254566125,37.92448694642201],[12.373400468706693,37.912161197083115],[12.428310551006646,37.898320090610135],[12.463280418115064,37.918873013821425],[12.492752889809996,37.96675285744635],[12.488429855091956,37.98622182295904],[12.50912275717672,38.00595701952403],[12.462101757407035,38.0109655620812],[12.514765153045888,38.02474883704759],[12.54958538044672,38.05384749426321],[12.50140842347792,38.07036577025173],[12.504344820839183,38.07673577184985],[12.55588047618136,38.06351862820434],[12.570724908819813,38.074494949042474],[12.603637212979732,38.06937783769984],[12.642338129967095,38.08187872894875],[12.657080239805861,38.095909440266134],[12.654313785565185,38.11498831693589],[12.672531825539366,38.119343304544685],[12.698939864210073,38.1109228662251],[12.729883627712976,38.13796185385727],[12.710005009362403,38.172542858820655],[12.714525281852236,38.18478034491689],[12.735950666256867,38.19671240107801],[12.742358985174244,38.1809698970614],[12.772460003516887,38.185327471766776],[12.774992867202373,38.15557097990901],[12.782742275752373,38.15524880702106],[12.796519399946211,38.136272446691834],[12.79578507816439,38.11327877882171],[12.830345305423249,38.070233942629415],[12.873679888236149,38.05432185180091],[12.876514219378365,38.039128533459476],[12.894123188941853,38.029071270415194],[12.980775235618996,38.045554157509436],[12.991634011667735,38.019816175743095],[13.012141640961985,38.008008886911924],[13.009655476726518,37.99237322395711],[13.061579292080678,37.95920488445146],[13.04835555099354,37.947190313410125],[13.046224995599987,37.92458818739737],[13.054950576345725,37.91689012789877],[13.024799731559284,37.89718469423722],[12.999621612333097,37.905422466085696],[12.997637303412658,37.89297431435933],[12.952130336243222,37.89261497087888],[12.942924281158911,37.89886026516118],[12.937240781036307,37.889626934220516],[12.951725775425,37.88797831156383],[12.96483742785365,37.86393108580873],[12.950904065840836,37.84662597897921],[12.9707289660646,37.838627768231916],[12.97496345746841,37.82770783614259],[13.055080266130922,37.81536334970795],[13.081813934885222,37.82445860279035],[13.085042463526262,37.82094487670184],[13.08608188178096,37.82348799066901],[13.105263423291293,37.81785050319084],[13.082223008725974,37.78919300873886],[13.110428531344304,37.76996986592046],[13.064777885953823,37.75282084803252],[13.020092862375183,37.747279868266304],[13.010940278492791,37.73611379165106],[12.962831745430131,37.723632210687924],[12.923056947429368,37.68730127403797],[12.919520213905916,37.66776776950248],[12.897868474623651,37.6589315290729],[12.894381015999313,37.648324793915826],[12.923290470089174,37.64953640614401],[12.913542401658498,37.5946702216616],[12.899873537803726,37.572548089946864],[12.781560039024953,37.57636322064127],[12.677781533111748,37.55593739483368],[12.021396998286765,36.82470866286672],[12.059128996165303,36.79215431534429],[12.054244125297918,36.74789273263281],[12.026892604518565,36.7303314221548],[11.989832075413995,36.73315220658201],[11.966671089981677,36.761836664393364],[11.953678572486083,36.76412458421568],[11.920717221163386,36.801314760529706]],[[12.460095069716917,37.866019620646156],[12.454612074032106,37.86882932479541],[12.454559223175236,37.86659845423126],[12.460095069716917,37.866019620646156]],[[12.455771230404896,37.876777875424],[12.476922489380291,37.86971025427371],[12.477855931009602,37.871107079313646],[12.455771230404896,37.876777875424]],[[12.478869942498285,37.872624391608305],[12.479427319887145,37.87345838593303],[12.45909666236719,37.898215435662806],[12.451944179744563,37.89237794250192],[12.452382904998508,37.891044038349655],[12.458573475416088,37.89279539117117],[12.478869942498285,37.872624391608305]]]}},{"type":"Feature","bbox":[12.928878786267953,37.53926193364942,14.294952200423415,38.72076299107644],"properties":{"prov_name":"Palermo","prov_istat_code_num":82,"prov_acr":"PA","reg_name":"Sicilia","reg_istat_code":"19","reg_istat_code_num":19,"prov_istat_code":"082"},"geometry":{"type":"Polygon","coordinates":[[[12.910792878934497,37.87951962565211],[12.935639627900299,37.92475519950509],[12.959281031827466,37.908722290255724],[12.980036248466085,37.90888724231811],[12.983615139316845,37.931364932297626],[13.016420190466437,37.91444353192707],[13.025730684809947,37.91967047278024],[13.0289400747192,37.9538232855329],[13.032670450165076,37.9572144812401],[12.988400592317399,37.98547737804805],[12.990798062286414,38.00058754662043],[12.974768552694881,38.0098131311493],[12.95969088560406,38.04552716205418],[13.061303068017896,38.09342714986053],[13.054811397434346,38.115744855991785],[13.032560867129389,38.14088176906828],[13.067937560348053,38.16282001328549],[13.065348460092888,38.17868164812544],[13.099720894523369,38.20218276325838],[13.122173623129543,38.203697247256265],[13.14136495110666,38.19533386854999],[13.171775211785858,38.198759868478625],[13.175933231011067,38.1820125962331],[13.19104394087708,38.181641295313185],[13.224588919915451,38.1959598977907],[13.202035293134378,38.25968950174779],[13.254797395616709,38.210359988353915],[13.269157860242839,38.20995580149503],[13.298885252699264,38.228696400062105],[13.160376640928746,38.68114477429562],[13.134074054270702,38.683590600277896],[13.14697930052009,38.71986755580932],[13.180321116873158,38.73413294083301],[13.22466390978016,38.712467756407385],[13.19111126048808,38.68837195945057],[13.331982520776766,38.22746971621269],[13.34077318985686,38.20764932442172],[13.378230680219014,38.1897870033619],[13.389597967504402,38.1548598862107],[13.38614634660053,38.12483194048242],[13.385982326450138,38.12477960269255],[13.39055458898192,38.12011012691738],[13.40933059947592,38.11125422852951],[13.442432339512754,38.10661042051468],[13.48691821338771,38.11396798665449],[13.4926255512632,38.11629011554053],[13.49819770232611,38.13419658734389],[13.552618480435573,38.12108973676274],[13.551085214501045,38.07117718235993],[13.575862914099888,38.047717694931244],[13.65734618690554,38.008763408599755],[13.714232163697066,37.99996682736357],[13.72035281356515,37.987437215029445],[13.744341046440123,37.98206379638162],[13.82945498357887,37.99375233691152],[13.94170429237323,38.03955329209373],[14.002759568580487,38.04384831998092],[14.065975202431554,38.06301703652751],[14.051275432341075,38.040049665234115],[14.068752421728684,38.030129725695275],[14.121160563441757,38.02855369495666],[14.145437661028303,38.04412688499608],[14.172866042672876,38.030181474785564],[14.191079599661604,38.03163173075463],[14.247141802044519,37.95694404982437],[14.245148835492111,37.9540585593149],[14.268049680880907,37.94042792217852],[14.267719424440875,37.92910924644386],[14.328564058427583,37.931202119338174],[14.287943209179677,37.89858744939147],[14.282856149422381,37.875456725765844],[14.296625232929562,37.8349598980892],[14.280916188699821,37.826706005304246],[14.287858990279222,37.79631301680821],[14.285097805467313,37.79431560660379],[14.283916928469342,37.781537352455885],[14.307423559324356,37.76954030969406],[14.30338339660153,37.75610519384201],[14.313283923026304,37.746939313610575],[14.286275026955293,37.716540409779064],[14.281662983283992,37.69823790723616],[14.2559666044603,37.68077583003973],[14.245143045818972,37.68293941725831],[14.223801723800348,37.66734303223595],[14.180359336548817,37.65685387673904],[14.174192585609362,37.66171065999524],[14.17410501102149,37.66166174052263],[14.17861050431529,37.63293505582017],[14.137415090256711,37.5996675667166],[14.110011610180853,37.601344913145724],[14.109140606477478,37.615050322406915],[14.100208897933493,37.613745479855204],[14.071636767608155,37.633424019750585],[14.058527238457748,37.635549638811995],[14.037285890383679,37.624390795514294],[14.035096361140104,37.61901249612788],[14.046100137656554,37.594860307413605],[13.960749084076557,37.573500590885864],[13.902623775014758,37.590159387988784],[13.91044095685956,37.60170910775564],[13.883873563227505,37.61086445637396],[13.889017825252267,37.650007017025985],[13.877340318136898,37.653811128692375],[13.86790588010333,37.67191560632699],[13.797858735638489,37.6978061553154],[13.803603341873668,37.725330415816074],[13.803235942960617,37.725975220950446],[13.790883788870504,37.71706489675652],[13.789198008701112,37.68689593839644],[13.752790141546853,37.69319700128722],[13.740818962868122,37.667780600305726],[13.694235988752792,37.68282116173077],[13.688363313152632,37.68186948580393],[13.665806900007759,37.64753742104937],[13.604684235964363,37.644176668583974],[13.573420933911407,37.62380837517716],[13.506773511306388,37.630630036185906],[13.501939017851075,37.64442416989872],[13.457547674820226,37.632698874839605],[13.4493655107796,37.64321982500844],[13.4232028695556,37.62623896355151],[13.407498549103575,37.64506241396628],[13.40160448959158,37.646264589589244],[13.420898648116289,37.60909838436824],[13.401038545981855,37.60622052290056],[13.396546150191782,37.59856029835573],[13.402436639359648,37.58294162328408],[13.42120712346872,37.57907620541807],[13.413037896066115,37.55046313129242],[13.353621686994416,37.52488465880057],[13.325117727134717,37.54892890666363],[13.327566635066892,37.570565611703785],[13.30200510824602,37.58416375073318],[13.317157228676338,37.60784440737048],[13.301184809724855,37.626219955129386],[13.282354089548557,37.63249318046244],[13.256030867580375,37.59287655098458],[13.206905883822696,37.63070614535154],[13.131931033309025,37.60982112294133],[13.129865240816597,37.65356929564455],[13.172968357411976,37.65794160119979],[13.18466257245202,37.64983199555205],[13.196087536251913,37.65399285705825],[13.198557197353248,37.66944067771859],[13.183522556578477,37.67944837903204],[13.144591042944633,37.675210591972295],[13.121188896915179,37.688652833688565],[13.076445460989246,37.6772871319596],[13.038253439343157,37.70223437999925],[13.018462408111947,37.73009588344077],[12.994647771948753,37.73304629177751],[13.002271158071608,37.76015425378045],[13.058706397008207,37.76827823155597],[13.073800825683799,37.773951751114666],[13.055792896701034,37.7862150384091],[13.06968435876769,37.80288334800599],[13.057344196939532,37.798682954112614],[12.959510381049824,37.81375376961449],[12.954768104762996,37.82597756918122],[12.925781332614868,37.83227959534972],[12.942834164719153,37.86471287968753],[12.937619554191556,37.874062474670914],[12.910792878934497,37.87951962565211]],[[14.026058807937293,37.671070582172035],[14.031091037134388,37.66919043060233],[14.043406535251597,37.677782409594414],[14.0256974751871,37.67815225812599],[14.026058807937293,37.671070582172035]],[[14.055895345996296,37.685552318759925],[14.064043685521204,37.68633011676363],[14.059272868522136,37.69434106317517],[14.072177717338242,37.70147022591626],[14.049712083467249,37.710491790053105],[14.048179002467363,37.70816940197141],[14.055945701571027,37.70400223390045],[14.055895345996296,37.685552318759925]]]}},{"type":"Feature","bbox":[14.183459892264501,37.79533978376892,15.652935490080754,38.81212646006353],"properties":{"prov_name":"Messina","prov_istat_code_num":83,"prov_acr":"ME","reg_name":"Sicilia","reg_istat_code":"19","reg_istat_code_num":19,"prov_istat_code":"083"},"geometry":{"type":"Polygon","coordinates":[[[14.308120718082131,38.012322753736086],[14.340692398273573,38.02363808891379],[14.374341103544038,38.02104601503372],[14.426024389464922,38.04516954396029],[14.470966011081071,38.03726742867428],[14.522945776933126,38.04626916336027],[14.554740375293814,38.064517296464096],[14.585861358610378,38.06362228229067],[14.638658952379652,38.0798333153621],[14.674060562264714,38.10217511087299],[14.746329683610433,38.17071121313239],[14.786768283168762,38.15590170696684],[14.887937980509928,38.17636314575606],[14.91015072643489,38.19376625022457],[14.975617566447783,38.36541207841718],[14.946799886664955,38.38047399869814],[14.930900625085753,38.40031169372844],[14.950930249895974,38.43128051318423],[14.93037142097118,38.45668281920812],[14.909231355389876,38.461395866853444],[14.89375023402709,38.477979934436256],[14.899522134843256,38.51061252664661],[14.867565564674418,38.53203704105377],[14.847166471952844,38.53221828002152],[14.794896235365352,38.55690857690387],[14.585342872021913,38.548865860860666],[14.5525379115852,38.55383321113388],[14.537327648202098,38.57162793191256],[14.370160746627464,38.544617208882165],[14.358537140612428,38.52521349784358],[14.335607415724276,38.53177540919411],[14.338606679762584,38.55522829188414],[14.537608119840062,38.58289084466322],[14.55226168369506,38.590568833676855],[14.580996975306935,38.58402076489372],[14.591329080307698,38.5629819328379],[14.792632168219265,38.56784566745525],[14.803820171128862,38.58741708444805],[14.87195272976976,38.58746997914992],[14.875285647769697,38.54185159343116],[14.907737892021439,38.51945079455095],[14.924672928514472,38.52734509069088],[14.955889292090081,38.52738917938914],[15.050071560640616,38.62918051469231],[15.059140331982952,38.652015897943905],[15.105219467045664,38.64140613890945],[15.107258614023525,38.642820441659914],[15.109512870227276,38.658559340373685],[15.09921546005428,38.66264741222883],[15.193112959084635,38.77852181236297],[15.182277623044962,38.79693888242347],[15.216311253024283,38.816974529508435],[15.249911457065506,38.80189885989088],[15.230524638369225,38.773835320151775],[15.215325969371506,38.76650248666342],[15.203855009446006,38.77124392352111],[15.121962709362363,38.6639193187356],[15.120898034026528,38.63683709157739],[15.108580825861827,38.62906836065427],[15.081233790624553,38.63406016768444],[15.077476091292413,38.62534931778534],[15.060139447735923,38.6215084877054],[14.966891221001514,38.52103621128713],[14.967972097180812,38.493574143553886],[14.992535268253526,38.483260198932626],[14.961156352470649,38.470479179044034],[14.968427802359711,38.45270393860743],[14.962820776854276,38.440733348607125],[14.97497035374895,38.42608215804072],[14.97023007383767,38.41407053815131],[15.001633187613573,38.3991566197451],[15.012752680595986,38.3735496264622],[14.989356818312062,38.36371228327637],[14.9235919396145,38.192640651241085],[14.970983600189562,38.157145188458856],[15.04836029643342,38.156205878858216],[15.060236090173591,38.134860483006214],[15.09043970655331,38.124905383724446],[15.17046441816781,38.15692209332223],[15.204855370411508,38.1859292597285],[15.235230395646344,38.24283997603653],[15.218996155102754,38.29104323235534],[15.22028353865258,38.29151847511568],[15.258928787727617,38.24746481002715],[15.247759406638668,38.218849398414484],[15.260850816297285,38.212589609256234],[15.292115420849763,38.21077714748495],[15.423553565268787,38.24524352817457],[15.517063205340406,38.30128556911197],[15.542036692506471,38.30603990499528],[15.6110588795074,38.278563211963],[15.672205699316617,38.26912079222744],[15.58648192372669,38.24203517403064],[15.568485258824197,38.20180519850793],[15.584164107343694,38.19581915010064],[15.534842211332881,38.138932440387315],[15.498312623207205,38.07236493074043],[15.354409636361675,37.92153177196301],[15.350942049136542,37.90799730494363],[15.310442139770675,37.875301897214705],[15.302409916324953,37.86201544646676],[15.308583159218207,37.846532270251686],[15.288988076847977,37.84363338320359],[15.277725596634296,37.8334329621378],[15.261397726109228,37.80239004703694],[15.24014130212206,37.80512968949306],[15.24109659196623,37.81627444567945],[15.205608144445312,37.857086026646044],[15.150934740842397,37.891034443305834],[15.131085994141419,37.890141711848464],[15.109419788953437,37.90172639224268],[15.072835906163093,37.89972938984829],[15.043137620817252,37.889174031784826],[15.010624915595923,37.895202232118116],[14.974894781712514,37.887496630989304],[14.973696700781625,37.90353584944433],[14.951378367857782,37.90771187264919],[14.936403229473745,37.948566131447315],[14.928325317962557,37.955382349606325],[14.854825492408203,37.92022558206652],[14.84261898847711,37.94161476373301],[14.84522902395604,37.95266064154465],[14.844180262475168,37.953062468988755],[14.830627742651851,37.92805003988153],[14.800504944664288,37.948171762381975],[14.769317764229811,37.93707605419513],[14.76274757631635,37.91785241180977],[14.785764521380376,37.90538292215155],[14.766463900912905,37.87937320966998],[14.75641632661324,37.89584274081837],[14.743836403843913,37.897248027988056],[14.743606263994208,37.86067966943321],[14.757135984769544,37.87380418637376],[14.786624345677621,37.86241827600698],[14.80811677217589,37.8167257372115],[14.802846003016,37.7946874962333],[14.761038186238832,37.81817053015878],[14.706914890122137,37.8080598141168],[14.682865678866579,37.790391604159915],[14.643761731439113,37.80268346611096],[14.596775333512733,37.80573177197912],[14.54608711317008,37.838246913148055],[14.55372630018719,37.85567401537473],[14.56730075830409,37.861369636828],[14.565731216456815,37.87267930352775],[14.509002638095792,37.84754351594602],[14.479367597209011,37.80577106158332],[14.447632438359413,37.81403619533085],[14.455210773959422,37.84098754882308],[14.4088539122551,37.86039147747162],[14.399524579464165,37.8438718993971],[14.359507203793498,37.84479906438333],[14.328551702410191,37.83281455788506],[14.2757240477638,37.835983156032775],[14.262631010777078,37.87568815082913],[14.26958946013239,37.9065641901111],[14.27829791574279,37.91368687671028],[14.247378537004677,37.912392919702924],[14.24796159973423,37.932590976701746],[14.219329171004391,37.94962447144161],[14.224207163764039,37.95669224247384],[14.173149770040487,38.02467840188308],[14.308120718082131,38.012322753736086]]]}},{"type":"Feature","bbox":[12.319946273668076,35.493691935511414,14.03862718620546,37.74261367965876],"properties":{"prov_name":"Agrigento","prov_istat_code_num":84,"prov_acr":"AG","reg_name":"Sicilia","reg_istat_code":"19","reg_istat_code_num":19,"prov_istat_code":"084"},"geometry":{"type":"Polygon","coordinates":[[[12.292435895915883,35.551779966919305],[12.29431447288052,35.56036261913757],[12.516894882619397,35.52693845618959],[12.52783893418094,35.534836736920504],[12.623682229127331,35.52565857702913],[12.8513702400313,35.85642493727491],[12.841396236147954,35.874443306588596],[12.872428016463896,35.879274708051504],[13.742741108051323,37.14956891787515],[13.722894100341543,37.16650734677284],[13.659404347018194,37.18992175418968],[13.637416833615823,37.22433415150094],[13.554082400079992,37.28055726364094],[13.537083639290914,37.27752535980815],[13.50951171432808,37.287136177814304],[13.482056019232827,37.28357288402076],[13.446271971388885,37.29178361484258],[13.42256473387018,37.30339721310421],[13.398039244980104,37.329673432896115],[13.349117004703663,37.35465796784795],[13.318832705336204,37.359602626564666],[13.291095246351118,37.38476895711933],[13.267758621885378,37.38759906849245],[13.249182607021627,37.42194893056771],[13.165967117697345,37.48801959247982],[13.148540714121275,37.492524217532356],[13.130694573702051,37.48774226629422],[13.077749184111159,37.50110195995795],[13.013780938522535,37.49188646966374],[12.988263849455421,37.53388253064674],[12.957700994254955,37.560098054278704],[12.888416899683737,37.57410179177354],[12.902812493623413,37.59740704799819],[12.910300077896096,37.63959494920941],[12.880923526666724,37.636612798729296],[12.88823879051919,37.665059782131095],[12.909358085254985,37.67368060984611],[12.912536487467516,37.691248358816885],[12.955358042661095,37.73066120925117],[13.011516475212542,37.74724880025938],[13.03107335158748,37.744823317124556],[13.05109682500241,37.71490370841005],[13.080640884204037,37.695268507988935],[13.124605056166345,37.706431066099576],[13.149673948965424,37.69203361648803],[13.189435855827968,37.69635821307674],[13.219519715082692,37.67632993681804],[13.218113484793506,37.64238166056769],[13.250669228820755,37.61896047350316],[13.273243879509586,37.65292941881771],[13.300008358806979,37.64401740154536],[13.3170784646448,37.65282961028521],[13.324489007716636,37.667954213428494],[13.348799899615816,37.661884831448056],[13.357870743815964,37.64469708996887],[13.326880629142687,37.62465084855883],[13.340433864105206,37.60904865804284],[13.327980863542685,37.58960161650894],[13.348521428590702,37.57866864519203],[13.345803356385476,37.554721712659195],[13.3575015119253,37.5448527943538],[13.395637885451544,37.56126969867683],[13.397378013353192,37.56737140142305],[13.386653204523304,37.5695780237411],[13.375212704902179,37.599891487202335],[13.38736546404433,37.62062235177596],[13.392896957922405,37.621424977050744],[13.37665402404391,37.652681979619096],[13.393495268773684,37.66451932270133],[13.419750982620428,37.659164798409314],[13.427566690660024,37.649797377281146],[13.454289412197289,37.66713294473661],[13.466106365975415,37.651940382495525],[13.515464167522802,37.6649669057438],[13.522392747849045,37.64518968821642],[13.563131861521835,37.6401414160882],[13.597134183732784,37.65991539669735],[13.65344585956644,37.66301667578818],[13.67833646190071,37.697940713387986],[13.756685715437037,37.6839488196394],[13.804149422913763,37.69354790365112],[13.809715592794966,37.6798587579235],[13.831071770009022,37.679414602827976],[13.817082533434213,37.643300846935134],[13.834961035733633,37.63121019261298],[13.837160615645358,37.61331181910125],[13.791570739126316,37.618611335080075],[13.780107993829978,37.602316169149844],[13.769651575115615,37.602512051951265],[13.772124056580518,37.595008373340676],[13.756227667836779,37.587456750484435],[13.720511731216797,37.57985338565984],[13.682659484887143,37.582278534531525],[13.6765163136344,37.577893199180615],[13.67599478181333,37.57199378099117],[13.6955997926548,37.55759132961064],[13.695959907326339,37.50011000779805],[13.691794011775048,37.48884511117176],[13.661085914437644,37.47337442292435],[13.658050977008187,37.46538787592581],[13.68849802139019,37.4641533523191],[13.708687044913667,37.44406112236831],[13.748918307597574,37.43285590708668],[13.771861132739634,37.445352047476476],[13.81437323534901,37.43645341802445],[13.857376086175092,37.44301068734553],[13.850613060487428,37.42692801386691],[13.864254569064876,37.408433428283686],[13.898628607957328,37.40795804948316],[13.916001155968939,37.385999956372174],[13.89504809544532,37.37418857733135],[13.89852668259707,37.371261610814656],[13.891857007266141,37.35804313369983],[13.929045070462458,37.33505058441159],[13.96651989429643,37.333639488690224],[13.996682381669553,37.31082586687621],[14.001517217227912,37.29639582540329],[14.017640674337642,37.29070988114625],[14.042769417077343,37.30292800812717],[14.012781069964083,37.241598834542295],[14.023487228320075,37.22501142423494],[13.998571136667145,37.217766825606965],[14.012268213423814,37.189342225443056],[13.993100966844992,37.18862253877106],[14.01366544557869,37.16649168318771],[14.03516358699576,37.15748086231867],[14.04252369740118,37.10120244846518],[13.98230233454082,37.104688915912945],[13.946967236089337,37.093014297034294],[13.894070341489448,37.09290414797799],[13.851333516154803,37.10750608503293],[13.846824267739198,37.12340228608495],[13.821922163184137,37.140102228836284],[13.755149617107918,37.14440599207963],[12.884069810177753,35.87330618090245],[12.88974690267288,35.85307160196218],[12.86322555486703,35.85078212153918],[12.634664696703107,35.51881930993741],[12.638834630330336,35.488768218683475],[12.604177547574874,35.490949004360296],[12.603428732565018,35.49249347018862],[12.601174596371115,35.48920694561179],[12.566774405919269,35.50716204544118],[12.292435895915883,35.551779966919305]],[[13.14953571726346,37.63740239973948],[13.150345155682036,37.63171969755214],[13.172234285173387,37.63678098717096],[13.16688780846984,37.640824917197534],[13.14953571726346,37.63740239973948]]]}},{"type":"Feature","bbox":[13.650607872927276,37.00158129164689,14.476415729089835,37.745114877477626],"properties":{"prov_name":"Caltanissetta","prov_istat_code_num":85,"prov_acr":"CL","reg_name":"Sicilia","reg_istat_code":"19","reg_istat_code_num":19,"prov_istat_code":"085"},"geometry":{"type":"Polygon","coordinates":[[[13.648094687723521,37.46051089186274],[13.651165359052749,37.4790496037351],[13.682289742229715,37.494732878997766],[13.684774407780257,37.50145418026437],[13.684439240377877,37.55360418251289],[13.664446842760086,37.56828795242283],[13.665678867546601,37.58224990947497],[13.678764821623158,37.591592086703706],[13.719444824177428,37.58898715831802],[13.751839986817538,37.59588357532548],[13.759126777901127,37.599345707339445],[13.755011533688426,37.6118256849782],[13.77364953633852,37.61147863239892],[13.785575424757493,37.6284324735181],[13.824613178910742,37.62389913663875],[13.824271262586011,37.62667744958105],[13.80416042007283,37.64027451026608],[13.815933814255738,37.670688957348695],[13.801739178691905,37.67098246489701],[13.79618609794862,37.682777866211204],[13.761443229318651,37.67458204692297],[13.724842203157,37.67934946203971],[13.74015004917996,37.71185833887797],[13.770273533969048,37.70665157608217],[13.771272567032982,37.724613769627446],[13.810052374049606,37.752584561454384],[13.824358635372395,37.727470719865735],[13.820138536901236,37.70728440524945],[13.883293945752136,37.683930187624306],[13.892514362888228,37.666230580714235],[13.910494856440247,37.660370241736146],[13.905305074889764,37.6209844106146],[13.938548830172424,37.60951986702831],[13.93138331480064,37.59894312106126],[13.960007607873624,37.59043017462037],[14.020227235445606,37.60532325455144],[14.013786321716022,37.620486835767856],[14.033452346159823,37.64306189829],[14.00685559112875,37.66117452466791],[14.001930635022978,37.68528742063962],[14.007066552964773,37.694669303425336],[14.035918095401875,37.694070797399675],[14.03592139137715,37.695422133865954],[14.021988952830535,37.702893586525995],[14.040646550702336,37.73116793642177],[14.07073519660693,37.724916746629084],[14.073447197021387,37.715492140778466],[14.100162158162183,37.706043303829766],[14.084721164388997,37.69032166454815],[14.09756344146497,37.67713090491855],[14.06314228702061,37.67016766184694],[14.041924877077623,37.65536952532546],[14.0462889155564,37.649775196574744],[14.06768755175285,37.6517839532233],[14.105529019870495,37.63093026734926],[14.127820107973335,37.63418288069936],[14.12908468058482,37.61918762029605],[14.134026165401892,37.62146475665158],[14.170779674930344,37.61583342192613],[14.16433172277229,37.58217139918249],[14.14430850090981,37.57745808128058],[14.145748161337721,37.5511820103079],[14.129986968061734,37.52922781719312],[14.167508735277025,37.478863327697184],[14.133040903291969,37.46731623722319],[14.07655310587139,37.420969328842425],[14.077644583962236,37.40084926408374],[14.068417192956874,37.40148329620921],[14.088767758580838,37.380746698919275],[14.082670552784675,37.374000360348695],[14.088122426867725,37.36984106557012],[14.087224973851333,37.35394339886349],[14.099629735230996,37.35418209915882],[14.09192816179027,37.34251481117113],[14.108779152609136,37.339661660317844],[14.13173607081719,37.35259745839911],[14.137499285631083,37.33854613147284],[14.167372614607693,37.32876501826512],[14.212907281757898,37.34019882259911],[14.227842018038507,37.35204205935],[14.254986955975411,37.35006054094806],[14.269427251421641,37.34575794506754],[14.274906228796661,37.3341618846551],[14.32259043382172,37.33097865442201],[14.321632238856125,37.3080520509036],[14.358219572719845,37.3111613910583],[14.358341112386489,37.284205932438354],[14.385975152450479,37.29117325181027],[14.399465559994331,37.2599908694738],[14.388531375394974,37.25416262419687],[14.379932185926574,37.207683013115734],[14.388527509226893,37.20521014558562],[14.387264087648328,37.19404793364864],[14.404145703180621,37.181989548375114],[14.414569092573174,37.182359488304655],[14.43287033692518,37.19687788580579],[14.482862821747391,37.13469970554226],[14.454917036415653,37.0910858434476],[14.435821393324693,37.09469445159198],[14.434735071546012,37.09342458054478],[14.449719140406598,37.06711379199899],[14.447179852516845,37.046862214216716],[14.369011927488962,37.00244150345527],[14.336043545168778,36.9966115447229],[14.293712574123532,37.03280458285693],[14.253912460305148,37.054771216277985],[14.168737203615544,37.08678495366944],[14.078541688256099,37.10505975273414],[14.031365335964955,37.101116268663574],[14.024742679153334,37.1516971203843],[14.006343646359987,37.159407589224486],[13.971525042028679,37.19686448256495],[13.996265550277522,37.197798218726255],[13.984036226254272,37.223161066306304],[14.007696728234505,37.230044269668156],[14.000544773757913,37.24112021212398],[14.020223280493175,37.28139671709084],[14.018508956349606,37.280562698632444],[13.992178653938508,37.289847882079336],[13.98676553903092,37.30599792687245],[13.961955705237063,37.32476161062507],[13.92509908062302,37.326147910762415],[13.878291616158416,37.3550839817746],[13.885445437572134,37.369269026656895],[13.877939075943159,37.37558276494695],[13.900814636293434,37.388483117928615],[13.892491194930619,37.39900111648455],[13.857887445205073,37.39947740669277],[13.838377540617763,37.425923397927285],[13.84061503916466,37.43124783528534],[13.814047948828977,37.42719356790445],[13.773978234772478,37.43558254012548],[13.75058959201746,37.422842187953115],[13.702066836197153,37.43635715023192],[13.682749353641862,37.455581411907126],[13.648094687723521,37.46051089186274]]]}},{"type":"Feature","bbox":[14.055872247046487,37.29174337925819,14.8290350707878,37.87963870088291],"properties":{"prov_name":"Enna","prov_istat_code_num":86,"prov_acr":"EN","reg_name":"Sicilia","reg_istat_code":"19","reg_istat_code_num":19,"prov_istat_code":"086"},"geometry":{"type":"Polygon","coordinates":[[[14.051117887566534,37.41035753442682],[14.065943406633458,37.41033192860669],[14.065169796253551,37.424548697180654],[14.125882720513653,37.47448008222832],[14.151646600276617,37.483324968732724],[14.1323906450741,37.51364366637077],[14.091571737918397,37.536423360813664],[14.078628074664435,37.5573554571664],[14.097623744199186,37.561340466517265],[14.109532900464423,37.54465990960095],[14.127741661681696,37.53915176191632],[14.133244691656538,37.58374588669524],[14.155447785256078,37.59281448298187],[14.15812613068905,37.60856926206545],[14.122809181569286,37.61397650423387],[14.157471766526255,37.63893056647972],[14.151912323159632,37.668484778084405],[14.176216561059485,37.682586780702295],[14.185812507733964,37.67503076153645],[14.213661689134003,37.68175386919739],[14.239522675494475,37.700652009674386],[14.250784564723647,37.69840206196174],[14.263440428967861,37.707003114970945],[14.2675388849529,37.72328333663222],[14.288491105103288,37.745023365628164],[14.285770463203248,37.76155501282422],[14.263058472780774,37.773141100266095],[14.264307507087725,37.786704331862985],[14.249937382348447,37.79060827938321],[14.266174149759784,37.80236202789951],[14.25928678673444,37.834725781551704],[14.278461053265767,37.84471440288314],[14.326370771560935,37.84184097367699],[14.35708359127121,37.85373066575671],[14.392485715103211,37.852912255563],[14.403587723650451,37.872571003332645],[14.467853483764559,37.84567117258003],[14.460619743990264,37.81996603626548],[14.474196719052077,37.81642986879265],[14.500938630909834,37.85412579661023],[14.57485990374152,37.886873299674036],[14.579100275678318,37.856285782351975],[14.56269831709936,37.84940539304727],[14.55909456112607,37.841187434714115],[14.599358518331536,37.814913022072744],[14.64627198854687,37.811410173863855],[14.679390160397633,37.80057742067645],[14.701701100013214,37.81624375149766],[14.74745463698094,37.823583952211074],[14.750313931027764,37.787045242409405],[14.722918639562728,37.774715462220456],[14.74452661551655,37.75306965845043],[14.714435936854429,37.73133929052876],[14.727295827135507,37.72100386217154],[14.722275439400768,37.697765839918794],[14.726537901000736,37.689198223377836],[14.737100030581734,37.697206437025656],[14.75073982589508,37.691492696294326],[14.802086446314314,37.72068222620674],[14.808320136104872,37.68628814955935],[14.797991400876533,37.67417988890526],[14.798024126228263,37.654952374403564],[14.832362870065975,37.633341589747936],[14.825613481307634,37.615615804255015],[14.835674025924671,37.58650978332581],[14.81100070185566,37.57665848511951],[14.798476533528143,37.56222501948552],[14.807713861971097,37.556329740986584],[14.798223945632103,37.50877215970417],[14.787062194335537,37.49539712230271],[14.772512044967028,37.5036464258814],[14.762632571306932,37.49809571427578],[14.740282688651535,37.52335479154767],[14.726519050885477,37.52597563912985],[14.704165429446144,37.545680444676925],[14.675739156318699,37.55317247217581],[14.642031219691136,37.54055788877556],[14.638581400105616,37.531306088782586],[14.591838100453801,37.53180747528139],[14.57899405278301,37.54481934218663],[14.547090864569247,37.538789911176664],[14.53023609148556,37.51440179976397],[14.50637515671441,37.50995387238675],[14.535104860948586,37.499113745081246],[14.523375789744035,37.47734141421978],[14.54453339267602,37.45449465981178],[14.589744028119819,37.45463385271566],[14.64213626626563,37.42533591463554],[14.624367863851873,37.4102732021684],[14.586115215279174,37.39903669680416],[14.584244246242255,37.39048038627439],[14.596804329509578,37.37385299412747],[14.584316017631902,37.35963863236209],[14.541699238013413,37.35947216016974],[14.515937974748626,37.346727343600655],[14.502230844352662,37.34605291333642],[14.529354198557575,37.32435571489397],[14.506695557084825,37.305009777368646],[14.480247914826226,37.31129107744531],[14.446838351883395,37.34133605707896],[14.43802971966113,37.33129015635459],[14.463529290371,37.30889216290791],[14.43492186023922,37.2875181217747],[14.383527657930847,37.291809106923196],[14.345461077274198,37.303376123894004],[14.310017400140092,37.29738784895744],[14.311069412072454,37.32266807408438],[14.267015008700819,37.32560477496727],[14.260846638355707,37.33865756566671],[14.251467055716025,37.341342270716524],[14.232032709123834,37.34266241050796],[14.218825157572017,37.33218865835597],[14.166939373367843,37.319159836472615],[14.12854688755748,37.331729662848204],[14.126174518181386,37.33751298352623],[14.117100703099444,37.331064779644706],[14.08949528740519,37.33209752449495],[14.075751044747788,37.33723700073797],[14.080712572797733,37.34475809897484],[14.075518327959276,37.34465728366281],[14.076726935255337,37.36613418791024],[14.067817793553363,37.37292912568288],[14.074948358730525,37.380821821290034],[14.051117887566534,37.41035753442682]]]}},{"type":"Feature","bbox":[14.352203456516676,37.05013521815535,15.258053566208817,37.96089692845183],"properties":{"prov_name":"Catania","prov_istat_code_num":87,"prov_acr":"CT","reg_name":"Sicilia","reg_istat_code":"19","reg_istat_code_num":19,"prov_istat_code":"087"},"geometry":{"type":"Polygon","coordinates":[[[14.373258623529578,37.2614431989268],[14.380322618450974,37.26520993738155],[14.375612154379835,37.27557502566294],[14.342584745197547,37.266399469732484],[14.342347662604206,37.316414262850564],[14.42987038181973,37.30127040250074],[14.441129761252128,37.30968475427184],[14.39035399079124,37.354238756775494],[14.430826087300414,37.345318531653895],[14.44531084827073,37.361834946244215],[14.489278848328508,37.32230040596052],[14.500153665771736,37.318850886243254],[14.506933156764894,37.32429847298189],[14.46585362046795,37.35713364338074],[14.51095994294052,37.35936241059235],[14.537122376805153,37.37230477635213],[14.576055626874066,37.372459383960695],[14.5778088902452,37.3744554547019],[14.567576129240617,37.38799561455762],[14.572078864733337,37.40860775934681],[14.615406441404529,37.42133876463908],[14.617808290449211,37.423375565936325],[14.584905246023798,37.44176996858813],[14.536675882942761,37.441618107105924],[14.50512206681972,37.47568357911316],[14.51433945249831,37.49280568229183],[14.457854127086172,37.51409432743419],[14.519758535518754,37.525652775995454],[14.536595414466428,37.55001763044245],[14.585090058458785,37.55918192307778],[14.599509028411568,37.5445749856306],[14.626788746833093,37.54428296277247],[14.628851267545224,37.54981614055707],[14.674634975351593,37.56695075999617],[14.71300631206922,37.556837778063326],[14.734866566482728,37.537567080350236],[14.749683905428592,37.53474461422193],[14.766369508295515,37.51588799073023],[14.772638430619521,37.51940897874163],[14.78234755700675,37.51358641018308],[14.790871139095206,37.54590631243284],[14.778459659988071,37.561600773361036],[14.800266429029211,37.586740079345645],[14.816821150869602,37.59335212920972],[14.809094713327536,37.61568652512155],[14.81370832051639,37.62992397415694],[14.782114225345039,37.64855964243768],[14.782056846314925,37.67823054850648],[14.79171304771175,37.68955456079607],[14.790559565109943,37.69677121945426],[14.752854215773816,37.67690422888996],[14.740073084294401,37.681772847526595],[14.720043076376232,37.66658059560484],[14.702513504460585,37.70595000394329],[14.708573444398057,37.71698504476132],[14.690117878066841,37.72870971165168],[14.722872535169298,37.754329902438386],[14.69867743246063,37.77855271175838],[14.733762373320518,37.79435166503293],[14.731316918201859,37.82550628568783],[14.777385997872626,37.82974179048485],[14.781651899440746,37.81814173380228],[14.790650258253018,37.814584320659726],[14.77951131502999,37.848816302308926],[14.771994813146739,37.85536788207254],[14.761891782938877,37.85850336394929],[14.727636235441143,37.82525482307607],[14.728159921284448,37.91177707071337],[14.750421672128883,37.90929329818434],[14.744489618116015,37.912504718746575],[14.756456711578656,37.94660763999711],[14.803015268949437,37.962920032992145],[14.824501134823668,37.94857213903213],[14.836181875950306,37.970127941186895],[14.863008099514825,37.959849848125785],[14.859056266268206,37.94314529970049],[14.861790870295847,37.93835243238714],[14.931000040193071,37.97144276731774],[14.95045103620984,37.9550292335106],[14.963885256352523,37.918361900961195],[14.987765312377979,37.91389087486105],[14.990321688499224,37.903036759905845],[15.00990226330926,37.9083187908485],[15.041465390488005,37.902468196133626],[15.068914036377372,37.912222845564855],[15.114571057479175,37.91462120786043],[15.13558832749301,37.90295973320519],[15.156966230677552,37.903442815888326],[15.217116468018787,37.86588864749818],[15.257190703732837,37.819791335505435],[15.25684713781627,37.81579515439643],[15.275306617406017,37.81341333468168],[15.216661961927102,37.73972249080156],[15.229445695925769,37.707679142771035],[15.209495776747284,37.67470330507359],[15.209474255650806,37.650920076935655],[15.184784084415206,37.62899363731974],[15.187708602040919,37.571170423147706],[15.176467030539289,37.5666823647313],[15.175468573809669,37.538287940846196],[15.159249702242828,37.55211712872706],[15.15767496742918,37.55130339667651],[15.151336400001622,37.53781449957995],[15.12324077257007,37.52468962818962],[15.108741290948846,37.49989597953495],[15.109297759362324,37.492876111355606],[15.100598477961563,37.49214840612162],[15.101283013995856,37.349687256138225],[15.026119280899673,37.3541805245433],[15.021946218744333,37.36335319737241],[15.0181977092732,37.36031169053059],[14.978849733909263,37.36582451003274],[14.94892351483715,37.38023330559198],[14.935859969331489,37.398088309716805],[14.914836184152378,37.404062892989046],[14.895577759968864,37.400651683116976],[14.88986352222529,37.385639089636015],[14.852146362858424,37.37298073722476],[14.847698347909533,37.35141762556649],[14.814143236645043,37.34248208013921],[14.795753688296996,37.33078312683314],[14.806355672165319,37.324698144576374],[14.841682276543583,37.33349055297953],[14.908711119755775,37.31528542083408],[14.890798798589778,37.29528485813422],[14.894992637821527,37.28052955992511],[14.863899242444601,37.27290940807591],[14.85514128265839,37.25234266385119],[14.816088606975367,37.24867938746088],[14.785607570844935,37.22333481673592],[14.788229169945488,37.21946939451027],[14.805473328889539,37.22260598303604],[14.828069813640305,37.214360539134965],[14.831336387488353,37.20720690300548],[14.856607728515332,37.216182626359945],[14.882073725208826,37.21120797768633],[14.879970379129235,37.18159501189572],[14.847149774187763,37.16017141026286],[14.858294770571508,37.139551348288485],[14.842694496796748,37.115823861985035],[14.805707527451933,37.11786186627888],[14.792347056823248,37.123301983315564],[14.794118163396076,37.11869243396639],[14.832927584606528,37.09303432759286],[14.788156578339224,37.09927220716079],[14.7679342218975,37.08621014185965],[14.744161974946305,37.092170410194214],[14.716162254188113,37.08374994023525],[14.718535209675789,37.11289088202468],[14.710442744261721,37.11677327422048],[14.679134183356911,37.09140870224833],[14.661245866799288,37.09737982854944],[14.657595904562472,37.095594372403966],[14.649549110994917,37.07941099598446],[14.630898452830827,37.07248107017241],[14.611169397922305,37.07128471317938],[14.608468546298681,37.07652849506179],[14.567988045478375,37.0428364434352],[14.536729444093062,37.04518837716438],[14.528287999985071,37.06391468299269],[14.472893269782547,37.04193926037683],[14.436363056443561,37.0452646694139],[14.417078710963832,37.095352924428205],[14.428907040632403,37.109182361198144],[14.446513173348542,37.10585743006476],[14.464565280499276,37.134038331598155],[14.430217781185302,37.17675285735027],[14.421362616837694,37.16972651826124],[14.398556368426553,37.168917027512364],[14.371093512700389,37.188530919941066],[14.373258623529578,37.2614431989268]]]}},{"type":"Feature","bbox":[14.337889596765514,36.685738684353865,15.000375644583052,37.13960668216853],"properties":{"prov_name":"Ragusa","prov_istat_code_num":88,"prov_acr":"RG","reg_name":"Sicilia","reg_istat_code":"19","reg_istat_code_num":19,"prov_istat_code":"088"},"geometry":{"type":"Polygon","coordinates":[[[14.379548796869324,36.95225202823547],[14.327875301423221,37.00495963679104],[14.36433909725548,37.01092426611757],[14.446074221891253,37.061647604954985],[14.47054663980789,37.05535741431538],[14.537053147823963,37.08173145086481],[14.548087709639455,37.05724875099253],[14.561879523944668,37.056210825914185],[14.613785821190778,37.0994001489454],[14.621301814274183,37.084807614609744],[14.626814965307998,37.08514166903447],[14.637233355686874,37.08901315627661],[14.64490101659732,37.10443819407268],[14.659810452579068,37.11173157287219],[14.675338585035732,37.106549894357634],[14.707868430009952,37.13289919882483],[14.734961309949371,37.11990093232615],[14.733558255043082,37.10272786576941],[14.74360266394996,37.10574673832813],[14.764541604636824,37.100498388610355],[14.783773292288565,37.11291896863632],[14.783847969218584,37.11290858809298],[14.767569440647222,37.13137168179494],[14.775596936659928,37.14658171710293],[14.80703327767873,37.12786869882631],[14.80329564110541,37.11746984429736],[14.823432093261747,37.116275766800214],[14.8252646287442,37.08259829505221],[14.865995498980931,37.04767317074111],[14.865640758472008,37.04726861612397],[14.843462896596035,37.05561876339901],[14.845214399702638,37.04212811589016],[14.857357608890863,37.038936672788424],[14.891967958986656,36.991101930498495],[14.894248513777846,36.96245265796481],[14.944069021305625,36.90388792739223],[14.937845397865567,36.89084780010421],[14.899237541489795,36.92113442897703],[14.884164704952704,36.9127115530583],[14.888774754928,36.901508542021816],[14.946451338716566,36.86436528639628],[14.924436702191542,36.84200246945206],[14.88436123478734,36.86376826984674],[14.873326888303819,36.86439667560513],[14.860317144865634,36.82806513203274],[14.863977967223807,36.82191921713599],[14.887879454215415,36.83007820364987],[14.906056312497167,36.817431750122424],[14.941713520601605,36.81164618261955],[14.94597161882406,36.80392440596696],[14.953599603094851,36.809425791271615],[14.990364023271976,36.78303441285631],[15.006514716270443,36.700045233004005],[14.973003465882913,36.68771073640063],[14.950446293335546,36.69383672819157],[14.91773566438154,36.66539600893179],[14.911660470949455,36.66957619670404],[14.939127322732599,36.69982540003844],[14.907795955035278,36.72014654715773],[14.876913777440764,36.726414786821124],[14.837602408835924,36.71806345055476],[14.835263641582953,36.715837374461316],[14.865699679618706,36.69904295253113],[14.862267895905429,36.69408368705025],[14.81664472906129,36.71189074444145],[14.78076905030298,36.698575720755194],[14.74504964083651,36.715565106989736],[14.687575816508426,36.71674162261715],[14.636113857006768,36.75715137170733],[14.586966643212005,36.77255667286231],[14.490920848227443,36.78223584597922],[14.454984227757215,36.81243595893099],[14.43893456453944,36.86835547893631],[14.379548796869324,36.95225202823547]],[[14.865445408605398,36.94760899666974],[14.855950315096072,36.95504220737084],[14.84927354986884,36.969614980549615],[14.842946175634339,36.96974606926918],[14.844116384276871,36.95062715716289],[14.865445408605398,36.94760899666974]],[[14.834691364823762,37.05891933811325],[14.828044957192134,37.06141951873002],[14.825257656678962,37.05535966187264],[14.828665481962227,37.05367882246527],[14.834691364823762,37.05891933811325]]]}},{"type":"Feature","bbox":[14.772961230248407,36.64651482571224,15.336742362349971,37.41269960348826],"properties":{"prov_name":"Siracusa","prov_istat_code_num":89,"prov_acr":"SR","reg_name":"Sicilia","reg_istat_code":"19","reg_istat_code_num":19,"prov_istat_code":"089"},"geometry":{"type":"Polygon","coordinates":[[[14.77767992489181,37.206757012622845],[14.768099186525747,37.2300024180388],[14.808771095663708,37.26091373583218],[14.843422489389717,37.26416701057866],[14.851571984062154,37.28330996554755],[14.876281929297114,37.28936916402697],[14.873768757995459,37.298202288836066],[14.883210322688353,37.30846440272566],[14.841555178199542,37.32001852936735],[14.803656818643372,37.31058325862988],[14.769296860213512,37.33029864240356],[14.806493376654833,37.35397050430209],[14.83365677266402,37.361206140081364],[14.837970269739783,37.38213452701425],[14.87690711936252,37.39520671074451],[14.88314216945114,37.41159334590972],[14.915738150765797,37.41736791512161],[14.946499262128656,37.40862563136358],[14.960446996093681,37.3895591359286],[14.984335354331673,37.37805648388141],[15.012722464711429,37.3740800585554],[15.02818764964338,37.38662438556929],[15.037404993525033,37.366362521321605],[15.095411716843072,37.362893771549174],[15.109825098016273,37.31422432030527],[15.141755196766146,37.31110083197905],[15.163036956298965,37.294584863714114],[15.17126546569561,37.29842301217471],[15.188500424278844,37.29140427378101],[15.189749889885393,37.2875359336428],[15.207189649933284,37.29971564412539],[15.246026930783374,37.26272365571164],[15.250682477095372,37.249755851270514],[15.266807629268717,37.24604811586902],[15.248676180454536,37.22634980423969],[15.23079280515333,37.23362945912259],[15.229561735847172,37.20506117294745],[15.210806933045818,37.221756456579534],[15.209693424995299,37.23688819108222],[15.20889528110086,37.229516801124404],[15.197285340794222,37.23087859441634],[15.20230618676708,37.22544141559851],[15.189000381363899,37.21415963135149],[15.19178748218191,37.19341975147835],[15.206537121097684,37.18023893213332],[15.210939078175935,37.156921584339685],[15.219567382588277,37.15512053421349],[15.23463074785123,37.165862700023645],[15.262002989971668,37.13329052076926],[15.230708199164205,37.14688277793777],[15.225722251403477,37.141830993716525],[15.226190889427338,37.13123726994167],[15.23996718158435,37.11937201104835],[15.257816103144137,37.114749590286785],[15.284864301596771,37.131393389903955],[15.271874510813646,37.11078578548728],[15.30121892929823,37.11135324232792],[15.302070223791757,37.047609443827874],[15.303199571281176,37.04810161988296],[15.319168676592671,37.04026331162449],[15.345817759528316,36.99667195074985],[15.312268184660711,36.99941038640702],[15.301139795857004,37.00994673338196],[15.278322298974405,37.00289339310043],[15.270218235830736,36.995694280999054],[15.267809510298834,36.971548166693196],[15.211529678613243,36.95951269266277],[15.158384092154865,36.91218327013262],[15.141442728551826,36.86351169898296],[15.124825758396069,36.85758643718396],[15.11201357550727,36.83866657398192],[15.115588090025687,36.81569291663714],[15.101692591225165,36.80009635181576],[15.114382785165812,36.791599768843994],[15.100488908357717,36.779410152946724],[15.11315479196821,36.75252579909336],[15.124747726008792,36.7475851918681],[15.12901156599993,36.70323695224388],[15.141246421809589,36.69124539786283],[15.179405588473152,36.698025794776335],[15.181163638248943,36.69366283467077],[15.144201514250963,36.68042477413591],[15.134761176425943,36.660144834554224],[15.116780504711718,36.66915617289517],[15.076978828962849,36.63922897745366],[15.067109783569324,36.65466072717244],[15.052567043787748,36.65809061807652],[15.03871395726094,36.68510368998739],[14.994186924130235,36.70134684534976],[14.980055645838174,36.77844642098709],[14.953677639948081,36.79738181098369],[14.942089367198164,36.78902197480619],[14.93399922818258,36.8036925597202],[14.901133384541485,36.80902355551933],[14.885941437739504,36.819593831791295],[14.85864471963226,36.810272935151],[14.84849689157805,36.8273065843999],[14.865182025062756,36.87391886451549],[14.887988127535019,36.87262075131396],[14.922092448762086,36.85410052704954],[14.930816766155148,36.86296405388589],[14.87933883158249,36.89610657906915],[14.87100546260023,36.916349166053045],[14.886964507065015,36.92526980001998],[14.861785047651088,36.93896202848666],[14.833493214606525,36.942963724741034],[14.831280082906073,36.979028446092705],[14.876938972678289,36.978078671613275],[14.861408829676172,36.96890061953525],[14.865438422869985,36.96010246999333],[14.91756044287534,36.919261355660204],[14.8833875606572,36.95940950148797],[14.88107380386717,36.988419721447045],[14.84997146093548,37.03139858857926],[14.834943986050098,37.035346952882804],[14.833715305108042,37.044800910438624],[14.830671134216821,37.04215296651006],[14.811625701884802,37.051546256212454],[14.821409265728919,37.07282305748942],[14.814356591801985,37.078865439818415],[14.812749712608579,37.10831242521066],[14.78566297628783,37.11260898137562],[14.794426925606954,37.12417260122473],[14.779719444732809,37.13949217749462],[14.831857649719637,37.12908531232839],[14.838739328620305,37.13288211747988],[14.840659912774303,37.144207434200254],[14.827556606656024,37.16388238719637],[14.864614099386813,37.18808055367739],[14.865547456885812,37.201264491833705],[14.858173000749428,37.202704686522644],[14.822395391552567,37.189992548995136],[14.816005586985023,37.203983274393465],[14.77767992489181,37.206757012622845]],[[15.297756547382098,37.04572932390139],[15.281271999981236,37.058197393989076],[15.277113046936167,37.05131693375163],[15.284002883890446,37.03973271023863],[15.297756547382098,37.04572932390139]]]}},{"type":"Feature","bbox":[8.133825271143182,40.29661653802555,9.778912740442408,41.31332055942893],"properties":{"prov_name":"Sassari","prov_istat_code_num":90,"prov_acr":"SS","reg_name":"Sardegna","reg_istat_code":"20","reg_istat_code_num":20,"prov_istat_code":"090"},"geometry":{"type":"Polygon","coordinates":[[[8.143859072818511,40.60757814664007],[8.140394139222295,40.615407892266745],[8.143933035128548,40.62769206791833],[8.184017737188382,40.64074877249944],[8.186523174137445,40.65787141075726],[8.195644878114214,40.673352355675135],[8.192885785466588,40.678755666831286],[8.201706221374371,40.683650604047756],[8.200718164810832,40.68665402723926],[8.17166171700224,40.693054543829454],[8.172416662497682,40.700894074087536],[8.16725871914085,40.70723640992298],[8.130660328167187,40.730492058435146],[8.132472222569069,40.73882701119589],[8.14945317041556,40.75033582140612],[8.163046984044126,40.7664812760153],[8.164547024992963,40.77990127029807],[8.157290863699558,40.794583586361],[8.173601382559795,40.80257106674925],[8.188935567908853,40.82235639512749],[8.192548841932421,40.83579953303384],[8.215376859402845,40.86911875681316],[8.216098578194261,40.877515071250016],[8.203433748483366,40.87854134015249],[8.22045189905819,40.88735956140255],[8.216757972118963,40.8986556946698],[8.189560293008203,40.911511838491215],[8.187961150450832,40.92338835897631],[8.166571717707821,40.93982247330211],[8.175639447883817,40.94139982709741],[8.196253275265526,40.97102182694549],[8.20998755475866,40.97459370353401],[8.205671232269271,40.990087590114086],[8.208151330407308,41.00445410817662],[8.221394856504856,41.01432318998739],[8.225603996920615,41.022247458531034],[8.214861469320084,41.02706722777238],[8.217646198937421,41.042529688119075],[8.246729813407088,41.05086726434132],[8.264719513249299,41.075170424155665],[8.281755698559413,41.078386576384986],[8.27915091177737,41.086803809384115],[8.269251583850753,41.095746522433586],[8.274012912799009,41.107285349026704],[8.30018010755424,41.10719153339274],[8.308175900179519,41.110020235060006],[8.308932661340227,41.118713456264025],[8.318933086299872,41.12376954203804],[8.332093450827328,41.111433572040774],[8.329719537333657,41.10360185783116],[8.346846134883059,41.09920094867141],[8.354129576530802,41.08768930718255],[8.339037645084364,41.07918501048296],[8.338094544381843,41.07496090508004],[8.344080425052784,41.07235092408328],[8.333978227298214,41.04624445917717],[8.32061528320204,41.05380567844029],[8.284422618449655,41.0618673085627],[8.274346350285617,41.05238383928773],[8.264307860412027,41.05035042751904],[8.27202156110169,41.046342492429105],[8.248360922603041,41.030427308582006],[8.257424381859657,41.03298383361665],[8.25221251423048,41.01818680586112],[8.266860213008062,41.003070834827895],[8.2577547528115,40.98229646768278],[8.232411276445925,40.98707148351379],[8.219013321235174,40.985684119340824],[8.229966774911363,40.97635762935249],[8.228385558594958,40.9645748342636],[8.214404184184078,40.96634785839043],[8.227789453875802,40.95535961456471],[8.242883704436482,40.95506564460048],[8.232619855989917,40.93771953930276],[8.239109499491958,40.9167327532252],[8.235736484204821,40.911952028387645],[8.251109228645385,40.89289851272945],[8.287683853010645,40.862697460946016],[8.31672787840513,40.84643372776784],[8.341762782103656,40.843206199968826],[8.348168869087878,40.85226896028756],[8.362277059658355,40.855193152811935],[8.39945091885629,40.85227134120476],[8.399309821440518,40.84929444519645],[8.353636163942204,40.84812262920535],[8.35164731704615,40.841989298594434],[8.414447817679061,40.84123967546878],[8.459426591567624,40.821888715685795],[8.539132305152512,40.82855007824068],[8.575342019978125,40.83860711762867],[8.603532866327711,40.85158638480308],[8.621924433617195,40.86507866985718],[8.629909041963003,40.88275838599724],[8.656232321570377,40.89674824312658],[8.682860653551186,40.90548206346552],[8.697849114679716,40.91690064132756],[8.705874695608463,40.916211669010856],[8.707429223127601,40.93135355274324],[8.70841827545044,40.93142210366294],[8.71381769336413,40.91566813706045],[8.725520196405023,40.9150074944965],[8.742399010838577,40.92084941835771],[8.769350780744047,40.918344411200415],[8.789245755146403,40.92462918626455],[8.834315173148717,40.95868466542345],[8.870236011055795,40.996376866380835],[8.873259427295423,41.00864789488046],[8.859940794521314,41.010182001774865],[8.857017749002285,41.01873734342627],[8.874665930865477,41.015523130044265],[8.877327774525613,41.0310628505975],[8.891614068095132,41.0302359534687],[8.905129120027318,41.03884558467177],[8.915052414000558,41.038120166764735],[8.92699132205146,41.04530014105697],[8.973670204817894,41.08526035720597],[8.989198371843795,41.10602059055315],[8.993641682140186,41.10636329645557],[8.993174796818726,41.10681143567105],[9.011249259061769,41.12716990987028],[9.046902095327686,41.140675322217255],[9.059540628345237,41.13027406243728],[9.08569890364838,41.13024071431973],[9.107636240651034,41.136409352564876],[9.118264014550851,41.14589127865475],[9.119910219125144,41.14887665055994],[9.111291674353945,41.16599758751071],[9.130009730885549,41.15497870593144],[9.150865681054949,41.15749970228845],[9.167177193861727,41.173740000474304],[9.155536836035944,41.18241251227792],[9.15095666237971,41.197641379188426],[9.157772191745675,41.205552006134745],[9.164078964643656,41.228776608199084],[9.159313903080955,41.23296799863053],[9.148508863152733,41.228340074586136],[9.139105785665588,41.23052885838041],[9.134797819307822,41.23854757574742],[9.142892346859952,41.249741266833055],[9.165229678163758,41.243273462024725],[9.161984469474678,41.23959420823154],[9.163038525984872,41.23870636698409],[9.180448591181674,41.24965747270381],[9.18160627199524,41.26047569817351],[9.188207348759912,41.25038289721204],[9.195952550360639,41.24950916532275],[9.196935317868311,41.24628624953081],[9.22429419444185,41.26149077279696],[9.238363466199592,41.261362585899306],[9.238054540334874,41.2592388480463],[9.250603376514887,41.266915541666926],[9.25244901438061,41.2655234345993],[9.237780196121067,41.25138541405241],[9.239287900988053,41.24795484538141],[9.260833392113225,41.24417208691765],[9.283796684299375,41.23389669835112],[9.284265345504469,41.220185210235876],[9.285660885337377,41.22518715482328],[9.305136155041078,41.20113020635803],[9.292116394012575,41.19636243712611],[9.292331188919196,41.195311641103594],[9.313443088270486,41.19437067035532],[9.32211856041427,41.21427169036333],[9.324922013964715,41.21380171589245],[9.322073278354083,41.19484013433607],[9.328292066261453,41.19098267834495],[9.327211194021325,41.19543779225758],[9.336254094790394,41.20655891344742],[9.34986033356346,41.210072615938586],[9.354691324467753,41.20567495217481],[9.365251699351568,41.21137651608673],[9.372282508208247,41.18666590935705],[9.382125920305455,41.190796709158754],[9.387399041873927,41.182726448890136],[9.407172925386897,41.1805033873108],[9.406055712884216,41.18510462855414],[9.39417699032932,41.18876900832415],[9.392394062123866,41.198021201269505],[9.412979561503931,41.20914257101021],[9.414065513651028,41.21235406196849],[9.402027008686574,41.207969767343855],[9.379277220902905,41.20798095567957],[9.372431099049232,41.22789768223272],[9.357585476670733,41.23288199672062],[9.348980666909066,41.227198265513856],[9.334944203719367,41.22536876007457],[9.330421696441183,41.245238411342164],[9.307592073707303,41.25193197099955],[9.351027513375765,41.25411328263987],[9.361110157454569,41.24871087830054],[9.361511749990694,41.23894689735606],[9.375866569329872,41.23412724622448],[9.398009038618675,41.24436351352302],[9.399275433496882,41.24787898806179],[9.392286810709743,41.24614190975795],[9.39468034004855,41.25566754020383],[9.405316783190065,41.25750410456888],[9.410560226012743,41.25483998527117],[9.411051819748842,41.26578210129256],[9.39855293229667,41.274948191289305],[9.39461453459344,41.29206237085384],[9.384166859471774,41.29488386844882],[9.369863581913716,41.286861414614066],[9.368419552372227,41.279942395014025],[9.35938152683216,41.28025845052393],[9.357492817581011,41.27465652530846],[9.348352821539107,41.273535235625836],[9.331873653994016,41.28137180997074],[9.336492949155277,41.291434308117935],[9.329425735826451,41.290922898911205],[9.331298108202125,41.3070786657906],[9.341547185815765,41.312105339223194],[9.360664876063986,41.298582605950635],[9.371520282756405,41.30586570319631],[9.363986365786982,41.30717552516295],[9.368946838889759,41.317234214664396],[9.382387396457247,41.31274160233955],[9.387185815064566,41.3012364191854],[9.396128573977824,41.29882138298448],[9.405852959016695,41.309791734830874],[9.404919080574164,41.297180852675524],[9.417073658798598,41.29402195472805],[9.404992040345425,41.29155541752443],[9.405050906015566,41.28201174694825],[9.43493413796946,41.26051566848875],[9.430122082804687,41.256173478730844],[9.432167529884142,41.25071092279675],[9.438196996744812,41.25172583339905],[9.44067550928927,41.238840172811855],[9.443356115056078,41.23992853811481],[9.451311704982729,41.23369769010341],[9.446843079478002,41.22784458439522],[9.452495146319093,41.22692402961689],[9.454874919480723,41.232062863066375],[9.456746038662692,41.24428455587922],[9.473197068005849,41.248447187210964],[9.476271978923151,41.24096905052455],[9.48454063362329,41.23747133147461],[9.485246393076949,41.225760769863626],[9.4892994960846,41.22348853725851],[9.525509134797487,41.22161754788234],[9.52008570724622,41.21282436768404],[9.489644776134066,41.21656277710929],[9.483193863629216,41.21001684505305],[9.481650680059916,41.19846250571995],[9.467538718781968,41.18836601724801],[9.467337787490667,41.18732249190082],[9.480166620641791,41.18957555686068],[9.493712974240108,41.18379120363749],[9.487859953781081,41.17807534579768],[9.468582502398448,41.17894494338965],[9.46189719607918,41.16883615236239],[9.453933594121404,41.17511527836833],[9.459948366070194,41.18163877508664],[9.452768108108579,41.184710232713726],[9.451796505675064,41.187972164125185],[9.435987723446463,41.17668628589559],[9.429549230235992,41.19128667226379],[9.440305639201801,41.192416735999856],[9.438692518543318,41.205596289649215],[9.452813720687585,41.202981065472656],[9.452658098663147,41.20380252993471],[9.437456169496548,41.209107891330426],[9.446642539282179,41.211728225210614],[9.448443857633189,41.22019517765864],[9.442903816041104,41.22148015433297],[9.439490057974385,41.211480187227224],[9.422293648283926,41.210925634817706],[9.425621722709915,41.19259550276738],[9.414898611535758,41.18581753024401],[9.416137466460553,41.18071223376721],[9.42181260967903,41.18122402239526],[9.426765012861443,41.173213015759494],[9.424381562233972,41.164836271415616],[9.413040832904686,41.159190218893556],[9.43157858572215,41.156799856391174],[9.435401062905175,41.151738707100954],[9.432257546421074,41.1451874877359],[9.445152506063492,41.13167733297173],[9.443718172748097,41.10530262353596],[9.447741833323754,41.10506363077196],[9.452568711531871,41.11516897230268],[9.468859868085513,41.126752684474155],[9.469441720958333,41.13262451486],[9.460040793301046,41.13550579522145],[9.465081151197245,41.14622816496027],[9.479698433838697,41.14310869708794],[9.484322016530655,41.14909777445725],[9.50973238804034,41.14318059613602],[9.514436120497944,41.14542973950684],[9.512316413019606,41.151228762320656],[9.485549823948265,41.151528524120046],[9.485296090191826,41.153571343788684],[9.517021107927185,41.15857739050304],[9.512613112035723,41.169021458031224],[9.526218551583995,41.1686342219403],[9.531472348204185,41.163821495235126],[9.527086123398993,41.1568855650263],[9.539387365279888,41.13841474676305],[9.539905214122232,41.13851076300482],[9.549688778452882,41.134689070745154],[9.541922541697332,41.12233553541863],[9.543083387767254,41.11609440672379],[9.546154430912281,41.11524120616498],[9.552164773829327,41.12122531984566],[9.558181203555632,41.12182707760171],[9.567129310355861,41.1374980130352],[9.57539191080312,41.12649683268499],[9.568256300656236,41.1201088585064],[9.57857124189355,41.11806405166233],[9.57039670751706,41.11367268208462],[9.571501598168185,41.098684317519115],[9.585095608641995,41.095581716737925],[9.590625006521181,41.078230043272804],[9.598109192930496,41.07826753927425],[9.59895436233446,41.08253723055443],[9.61368839381908,41.08497384996824],[9.609148060820777,41.06821771203134],[9.59696013071428,41.07261887868865],[9.591407184184218,41.07182699475621],[9.591320634182622,41.06751435699832],[9.57425515048602,41.05825349323964],[9.565059062632178,41.06402601966054],[9.573981846911819,41.071992292726954],[9.581216580353304,41.07132107891152],[9.582641892022522,41.0746989009412],[9.575796751310888,41.089799627064494],[9.568932508844194,41.092008407369924],[9.563029697017551,41.08292453885582],[9.552068544239217,41.07669383825572],[9.541564176645284,41.080222555656476],[9.541907022338146,41.0866577013841],[9.541659113728594,41.08675465430027],[9.532120314060007,41.071856960912044],[9.535716426832224,41.061249244382985],[9.52641242705077,41.05238555406929],[9.532529222071112,41.041668287858386],[9.525872679174533,41.032442591956766],[9.539373324561208,41.03205655227178],[9.56371444411576,41.04114727524121],[9.565892651791438,41.02480819369182],[9.55452624602659,41.00746102294393],[9.556524987058575,41.00607975228496],[9.569514813286899,41.00676707808825],[9.574430133718423,41.01343955974366],[9.577882647825016,41.006891488459445],[9.588913234297602,41.01553328272045],[9.593302560547237,41.02581553047537],[9.609877831494174,41.0200856448251],[9.632236347061886,41.00425755943644],[9.64222972666036,41.00317182355948],[9.656966994051288,41.007161412700434],[9.668296094020087,40.996495390641336],[9.653935446587663,40.98189573498128],[9.6483509269175,40.98257542358649],[9.64328258548744,40.971854581630936],[9.636393262267276,40.98321290026999],[9.638730254725516,40.98512818146832],[9.628521611427546,40.98880102005478],[9.6187874713608,40.9999942670077],[9.611921396411685,41.00082967002858],[9.585527169413357,40.98205926234336],[9.585771542447462,40.97700535017706],[9.597293401127713,40.9691607515535],[9.591875926659842,40.95708894409768],[9.580398887039324,40.952547954184396],[9.571096288570796,40.94176970412414],[9.571142040030098,40.93732253647525],[9.578314076319446,40.935557167813315],[9.5776677048856,40.92648140827351],[9.569259786404354,40.9236703970109],[9.568669124191109,40.915090824143526],[9.575789158322939,40.90757549240153],[9.579015075593416,40.90542173538187],[9.591414625548166,40.91331746334989],[9.585517372975401,40.902757549990035],[9.588042059849759,40.902131026047726],[9.603386464033912,40.91175456083911],[9.60672065352177,40.919541352449],[9.619820459004204,40.92245399129618],[9.629439742528973,40.92062689467576],[9.637249563310247,40.93589021954668],[9.638682082570366,40.93564303165376],[9.637437613940444,40.92225723893254],[9.64427983984619,40.92499928381361],[9.651300009886036,40.91619539173424],[9.625096242165837,40.89345411200419],[9.618413405918554,40.891602870566786],[9.61857827755267,40.89119603058483],[9.633777284662076,40.88697355716595],[9.66804609380949,40.89764684594752],[9.669524374405027,40.8970819846845],[9.666971773878823,40.90214740855058],[9.678444942101383,40.89685892269895],[9.718218489205727,40.91666404653927],[9.7457282745413,40.93693784353538],[9.746402793780302,40.93656033089748],[9.737914664647706,40.923410583849844],[9.742508075979364,40.92112089611744],[9.744907746364678,40.90963123335195],[9.722288133626389,40.903029966976],[9.692839513705605,40.88500468122243],[9.68561465432852,40.88915229655845],[9.67734857809211,40.88750695731909],[9.672035614890225,40.865504755994984],[9.667669051439564,40.86595040236994],[9.670193979981576,40.889274413945735],[9.668010201045742,40.890108968106645],[9.647159160868286,40.88432293833377],[9.659891869387,40.87582138404501],[9.655551142885615,40.8617277148378],[9.65928376620435,40.85837770065172],[9.666660602482203,40.85585418118961],[9.67890864517845,40.8692381187474],[9.694912517019858,40.84858226630127],[9.716126109634638,40.84468786219251],[9.71950629170579,40.8454125231188],[9.718505735214277,40.84661319686211],[9.726471055690446,40.85885932010732],[9.708751327284302,40.86588995383932],[9.70260183399327,40.88158854875461],[9.714069767223306,40.876512415765696],[9.73742233181304,40.87860950853391],[9.742388023323691,40.87407802913619],[9.79311005565359,40.87803483144419],[9.79376967064913,40.874451995314146],[9.743873433739378,40.867507641728096],[9.728490898043576,40.84584536855441],[9.726930440873856,40.836675921273326],[9.713328264306346,40.83113391498633],[9.707338812024945,40.81554245966817],[9.706867566139874,40.81557903903817],[9.705177908137621,40.83096477736614],[9.688630688661679,40.833072929253504],[9.683928031291641,40.823434047018615],[9.695364320505867,40.811356958936095],[9.68983223891833,40.80383735530983],[9.678447222349753,40.80498149329227],[9.67325459683405,40.795293453779735],[9.674258118101108,40.78536566514687],[9.685007777256317,40.77153150566028],[9.705047442749672,40.75763382218841],[9.717036136517825,40.75501344298361],[9.721278075562665,40.748169094712786],[9.714589370070712,40.73980036756157],[9.71477918852171,40.73879070950572],[9.732571358348252,40.74045810769642],[9.715601347090596,40.732755678847234],[9.715299411599473,40.722554041524944],[9.720885905931333,40.70543390990517],[9.744444048791694,40.692896939874366],[9.75055668388365,40.68382657170997],[9.780649706101148,40.6908603919291],[9.781972153060261,40.68824464316579],[9.7528790894773,40.67754443397083],[9.751599911268976,40.65805806504483],[9.738238094565054,40.65869677156096],[9.734536268587878,40.669930784698714],[9.69312731629677,40.67658587517962],[9.683991853484228,40.66616764888693],[9.688555720413,40.65161406962416],[9.668953375747497,40.66507854986064],[9.649433114484083,40.69041129070722],[9.623823056564545,40.6968487855394],[9.602553450323594,40.69457153569685],[9.584117133627554,40.70298870521872],[9.564632211831817,40.67763038569327],[9.511542821713045,40.64580860036772],[9.505761900878571,40.65104510480334],[9.494203921133112,40.64870736843224],[9.48824199568208,40.64183615739586],[9.465905912298398,40.65331268355727],[9.456299647801462,40.650449771923],[9.437023077638802,40.65721823347807],[9.422994104597539,40.65643808106432],[9.417028366878252,40.63301367360892],[9.396414803186133,40.61623839859952],[9.382847616715372,40.61461304588312],[9.39723357450782,40.59136673771452],[9.378582341433768,40.58126602137714],[9.373183119717421,40.56865119435707],[9.35953807452321,40.566714928347906],[9.337244534321574,40.550456141401895],[9.301071760676907,40.53639410428292],[9.287382328676044,40.523231542052244],[9.237470682376056,40.53741989127146],[9.19178041231068,40.534506540519],[9.193374467068809,40.51512047608941],[9.187640495894334,40.51010780482346],[9.227462983650268,40.503787638126475],[9.243871921388092,40.50609513016872],[9.262853477865836,40.51407524374772],[9.281888908984373,40.51290993945928],[9.280663501081403,40.498359220322264],[9.287942897247621,40.475080735332305],[9.280109551460596,40.473098114255514],[9.27933320834745,40.46791187946248],[9.253774873854521,40.464504063769255],[9.252571381170654,40.45787703398638],[9.23007993254288,40.42739091673141],[9.228212110430922,40.409094038006025],[9.206444863492532,40.401927240359406],[9.190322369151055,40.38868263213771],[9.185552575151888,40.368792619301665],[9.170320223289263,40.37005733012057],[9.145176679085235,40.360638768401344],[9.122972403253893,40.35708213704834],[9.08192376963819,40.337954427746226],[9.06268512016383,40.33466556453761],[9.04403887324962,40.324789761778526],[9.042110687762845,40.320838632758836],[9.046865419329885,40.31344359187016],[9.031132266141933,40.30042292732158],[9.030561936002949,40.2916503787712],[8.988402405030813,40.32224765432828],[8.978492372999673,40.332437260820384],[8.978257676566942,40.337937500253226],[8.964588962688358,40.34622376802723],[8.946429448225741,40.36682951603217],[8.898149281402501,40.387022980998395],[8.89576157534309,40.401386954906236],[8.879503010656485,40.39079101796727],[8.864742424762605,40.38736613988584],[8.852456025259373,40.39102289502075],[8.854024727872794,40.401491042009035],[8.850963489855253,40.405193818147005],[8.841477367869928,40.40458911812108],[8.826925036359286,40.41046781166637],[8.817463066870092,40.406947364343715],[8.820086103985822,40.392787554427514],[8.815253341513538,40.363132790224476],[8.77314435540459,40.34881258781334],[8.762766597863536,40.35023071921762],[8.754618797233663,40.34638614623654],[8.747288743116465,40.352370839724834],[8.738917830141336,40.351269577279496],[8.72787828519258,40.33949874613232],[8.716985965256487,40.341642197036315],[8.712645512389086,40.33980611862301],[8.709153307094484,40.33058026818631],[8.692746392746095,40.32845633166123],[8.678559996771558,40.31072265559864],[8.659948320458549,40.307000484619905],[8.641553381158849,40.293005365799885],[8.633426998490533,40.30987699952131],[8.618461728152422,40.313061804033694],[8.617856964317186,40.321319458658245],[8.6077043483189,40.327160896240926],[8.588867119615989,40.33087210899896],[8.584734759157218,40.35214122520878],[8.573915035738743,40.35579452303595],[8.56246817947288,40.367594104512435],[8.559615756432326,40.38079349149813],[8.543225595045637,40.38610691923323],[8.55026324340483,40.39084960683321],[8.54736467749948,40.39472569786167],[8.539075475562864,40.40028790012756],[8.523169543869532,40.39786331230341],[8.521708844454569,40.40772974540036],[8.512182668916958,40.41973802857735],[8.495789700123032,40.42296825768334],[8.484664445502837,40.4086146256676],[8.460322757537597,40.40507489249103],[8.44488602924736,40.39340074601449],[8.421190651601966,40.39238282660325],[8.396917327653597,40.40639538549751],[8.395307662781736,40.42958382601765],[8.371457124925271,40.489392214307486],[8.34484843349626,40.502889350808395],[8.324928053917041,40.49139120589054],[8.323260074683025,40.492742803256675],[8.339098807512071,40.50744974663284],[8.309717120115918,40.559776872746866],[8.31464306035271,40.5710841437605],[8.311848122875848,40.574836059257024],[8.28878956972117,40.56388366982977],[8.286894861205287,40.56582304067649],[8.307321779293607,40.58011292053924],[8.29757289965792,40.58922260393769],[8.286881764405338,40.592706570556096],[8.259107026347213,40.58199409773506],[8.251866436031653,40.58214523699533],[8.248421523182175,40.57989333012868],[8.246375516621375,40.56754471333964],[8.194603546421623,40.569046443528826],[8.19777992412745,40.581078330621445],[8.214839683166584,40.59583912006684],[8.21640043570916,40.60069751356383],[8.207775806529748,40.612856503852285],[8.195304957332148,40.615565516783995],[8.183969525813138,40.59661319961814],[8.166023408967181,40.580604768562004],[8.165913426713445,40.549792361578774],[8.155675242695521,40.5671005757437],[8.14699898650029,40.566351160566974],[8.149558933277785,40.57472201085384],[8.152721760548856,40.57493992003404],[8.148060625908773,40.57840025937355],[8.145617751456967,40.60158229847929],[8.124381741627513,40.598098074642465],[8.12374707490712,40.59945529383126],[8.143859072818511,40.60757814664007]],[[9.644946232334043,40.88370854290735],[9.638677113677028,40.88196765511922],[9.638913170593865,40.88056484014529],[9.64174034537425,40.87715599017518],[9.645070178199596,40.8783904837628],[9.644946232334043,40.88370854290735]],[[9.557310208607085,40.92217447688167],[9.537248852121072,40.92376409630885],[9.532599190893434,40.93061019010775],[9.529574034278362,40.931099458840926],[9.526775328742993,40.924643618362104],[9.522480026126399,40.93074144450137],[9.505269260578492,40.92589270785549],[9.505142107842353,40.92052341200382],[9.516785149271977,40.9256003564841],[9.515237126777446,40.915768349810755],[9.51420964826526,40.91523403659976],[9.522381627688812,40.91555821162913],[9.525577584831145,40.92363612375615],[9.530858072570565,40.91658195277006],[9.557310208607085,40.92217447688167]],[[9.52524735632416,41.03157575395501],[9.511246247753657,41.01215959648514],[9.523048231341619,41.0132027276159],[9.526903762479947,41.01928577214566],[9.52524735632416,41.03157575395501]],[[9.28223475396419,41.212905600623856],[9.273110168270867,41.19746315767614],[9.273916091264667,41.19655440426202],[9.277594643773728,41.19626431549525],[9.28223475396419,41.212905600623856]],[[9.338896187438474,41.29160809888599],[9.340412260633387,41.28831958258902],[9.34638019204844,41.29144217529636],[9.354531332573508,41.29167193104996],[9.341020362559135,41.29885878805184],[9.34297580403842,41.2919029822506],[9.338896187438474,41.29160809888599]]]}},{"type":"Feature","bbox":[8.611121047235255,39.549247675578236,9.828420166045603,40.70607248374891],"properties":{"prov_name":"Nuoro","prov_istat_code_num":91,"prov_acr":"NU","reg_name":"Sardegna","reg_istat_code":"20","reg_istat_code_num":20,"prov_istat_code":"091"},"geometry":{"type":"Polygon","coordinates":[[[8.605013416351511,40.3078007146412],[8.619257648439051,40.32655443458691],[8.646087784108884,40.303536313906456],[8.735458618161063,40.357951333355096],[8.77179045276565,40.3557162328026],[8.806867211645885,40.36764587216629],[8.808565046472452,40.411117229245995],[8.826430887545275,40.417764848139015],[8.857632146648022,40.41110952450405],[8.860824728980983,40.3957615248692],[8.864244318911766,40.394743713464635],[8.902588531253672,40.413300525068465],[8.906241624118485,40.39131168108179],[8.95216235569793,40.37210250446007],[9.027490930799852,40.303979558249154],[9.037352158821278,40.315014647593266],[9.03548824740759,40.328430307924116],[9.05859055858054,40.34066736909973],[9.119904369179837,40.363450310143804],[9.178139437470085,40.37489787111732],[9.18231990873057,40.392338140437],[9.21985571786573,40.41306444020618],[9.22150628568752,40.4292535827526],[9.246923980703308,40.46997279825725],[9.278121046785763,40.47946601381326],[9.273828625373095,40.5053264593831],[9.227508207435179,40.49689559647634],[9.171108197098642,40.505842693052536],[9.184413146789485,40.5174778927573],[9.182502086764245,40.54067673205086],[9.238687959072214,40.54426124690119],[9.28450120039072,40.53124001719812],[9.295311830519097,40.541634582772886],[9.367083394196356,40.574081351469715],[9.38668264945598,40.59273496377187],[9.36987718192117,40.61987928884233],[9.39210768237237,40.622544243158146],[9.408914156699726,40.63622237657998],[9.415818527271655,40.6633434406884],[9.468247165773727,40.660219135929715],[9.487658389491207,40.65024648028061],[9.508098963427353,40.65934771433528],[9.512785991214852,40.655102523274785],[9.557926209413163,40.68215839347192],[9.581036974035205,40.712236211492566],[9.605105872536363,40.701249028130356],[9.65464177040706,40.696500013215704],[9.68134776717751,40.66807930703183],[9.687758991197496,40.68433371678155],[9.740514689790722,40.67585582872966],[9.756221396605852,40.657113560452814],[9.747547305989492,40.63631341233026],[9.757089090012014,40.603123133967976],[9.793712821888558,40.575025081014836],[9.801409476976383,40.54697926427369],[9.810694215393466,40.54195054024408],[9.839610409193426,40.55286034331765],[9.824674488984716,40.53696520441687],[9.83480287678489,40.53001688959757],[9.825561211795238,40.494896300135906],[9.797656807157665,40.44072283697386],[9.782075574641508,40.42651333650819],[9.769210638685605,40.388737174994674],[9.758262284520686,40.377417907939396],[9.733626147203207,40.37152044813967],[9.688531386787782,40.33582999798915],[9.63702369224417,40.274704184932745],[9.629807589919833,40.252469989270296],[9.63975319677159,40.181219977908185],[9.689287098643861,40.11489040970546],[9.733597547136812,40.09388007085855],[9.742052801706935,40.07720465742932],[9.711090764510878,40.03217443258243],[9.705555155028033,39.99917981733923],[9.692337419991697,39.982777442081655],[9.692216721268073,39.98094256649523],[9.738735221907671,39.97897420220761],[9.738784159351995,39.972713350726735],[9.691919772317485,39.97024171179558],[9.692577488245034,39.95005163204255],[9.701814701752399,39.94108743322926],[9.71671965928205,39.94454995986842],[9.722082098447897,39.93027002369225],[9.71783185342797,39.917910213020576],[9.696845032576642,39.91482953395329],[9.68778163698823,39.89934169824473],[9.68832389204474,39.87140277280797],[9.70363704605429,39.853466322306005],[9.688338609026223,39.83509404511535],[9.674247709052374,39.77652968462272],[9.681916641808987,39.70929367654634],[9.666260600126142,39.696109839316705],[9.67022671610414,39.68220440376534],[9.653132122450653,39.65111402794668],[9.663551851787421,39.59863706885673],[9.65617352735281,39.54184221725986],[9.601990289205768,39.566559187504595],[9.551712250841758,39.56919492398807],[9.534104523541492,39.58390687420684],[9.517066131436565,39.58432536893932],[9.51974861499786,39.59951183517834],[9.507657145312356,39.60229398364524],[9.504015294750735,39.62051213280622],[9.484919712781112,39.61082371006844],[9.46424172268786,39.632224764174595],[9.442776168322805,39.636222552830134],[9.439209641493118,39.62368804186685],[9.407870848759853,39.60708344905135],[9.41338731648981,39.626045727079756],[9.390109537872418,39.66161918768594],[9.39713455884354,39.69398555657398],[9.379145254351137,39.71603850612028],[9.397455269347715,39.75328644468204],[9.403418132744319,39.754026344580666],[9.356432139599292,39.80361420038484],[9.355779629957809,39.81579174685589],[9.37048131843445,39.82389652307395],[9.362464428688291,39.84351745309518],[9.399703259512021,39.8512975844557],[9.41069220210874,39.882769786208975],[9.383868061133567,39.91029693853911],[9.355698050743303,39.898711856239956],[9.281200064638316,39.91281284051501],[9.246373271402726,39.913336321711206],[9.233095643082587,39.90563197553662],[9.215839720227446,39.90942756067312],[9.195541507384533,39.88080340178178],[9.20369176791421,39.85981370912952],[9.192549621420318,39.862406671591366],[9.191411158656452,39.85280284881093],[9.20290025256711,39.84970843372113],[9.206541615591883,39.822148107752],[9.190027123985047,39.821288467480194],[9.158814391319032,39.829619322093315],[9.164138704324365,39.84803288122439],[9.126917851956296,39.883247755560184],[9.11452854552117,39.87985672761702],[9.108489537068598,39.86132992461438],[9.036800542626034,39.90770719408695],[8.98153867045075,39.910640157824524],[8.990098153351735,39.96182991005802],[9.010288904007473,39.981893953100496],[9.00533882716084,39.98665251138896],[8.992218104267886,39.98200040435266],[8.951573605397703,39.98911369778229],[8.94129484157305,40.025267316623555],[8.987650984279203,40.0631825150634],[9.024860421194838,40.04395568308787],[9.0352524069893,40.05656359884805],[9.029599995603538,40.094546038490705],[9.012207221445712,40.1233217979154],[8.992939405886911,40.13420222814692],[9.012112210168617,40.146505023551896],[9.013006560939415,40.15396312824822],[8.990461107409187,40.181455371817975],[9.008891487067341,40.194014414318836],[8.989248723270114,40.20969594447567],[8.856359675732199,40.206089799331004],[8.796393449492754,40.18705884367516],[8.766889171953514,40.19186376642355],[8.734441440045366,40.17013150999129],[8.736981306863202,40.19731281137418],[8.714724455613775,40.20138117434143],[8.707481775345267,40.20889332913397],[8.6675215436305,40.19826692444695],[8.662134817053461,40.246968236102234],[8.608911700375574,40.27144273183304],[8.616313853124323,40.28347420940061],[8.605013416351511,40.3078007146412]]]}},{"type":"Feature","bbox":[8.820168113848736,38.91555242131821,9.48638713806606,39.42344023470518],"properties":{"prov_name":"Cagliari","prov_istat_code_num":92,"prov_acr":"CA","reg_name":"Sardegna","reg_istat_code":"20","reg_istat_code_num":20,"prov_istat_code":"092"},"geometry":{"type":"Polygon","coordinates":[[[8.815939449127649,39.122651775428956],[8.82142726940657,39.15351713575234],[8.832944014304667,39.15272678239632],[8.837102131472916,39.170883059437514],[8.849715183341594,39.18167621891023],[8.85482270839142,39.22941864074087],[8.845632050833904,39.243829591304454],[8.856668210951861,39.27644967362354],[8.936679420984253,39.30676879311043],[8.934282559195038,39.32678138752147],[8.957312310806724,39.34568343783505],[8.979870517287338,39.34775806823736],[9.007380877574041,39.33188299847018],[9.051805276914608,39.34151554748288],[9.082179304986564,39.358397623200716],[9.118705591803836,39.34119953354783],[9.132763027338195,39.33785724051405],[9.152685974846351,39.34883042814802],[9.158457609480042,39.335246613094704],[9.179451629561278,39.33802344692175],[9.18799133158582,39.33311966717355],[9.238561822215107,39.351513625252494],[9.263270021298363,39.379948977834815],[9.276506478579503,39.41722896800147],[9.374064152452522,39.42861045333586],[9.376263722135624,39.39480280954025],[9.338342808647704,39.35028998105433],[9.369468317826684,39.31942777893458],[9.410686284829305,39.321308776668076],[9.448082112973513,39.2968761894489],[9.451870938057121,39.26927433008966],[9.492398031998354,39.207787247920216],[9.478899465187478,39.15794207159944],[9.439540803544425,39.11522676904936],[9.405548082571803,39.13947089765644],[9.38552165212342,39.14039509098754],[9.38850669363318,39.15354123662063],[9.368068211352387,39.16976328276973],[9.346244392579223,39.174549068539015],[9.334521663340876,39.19034228216867],[9.295387892941397,39.20899446072494],[9.210971383581505,39.2220624515211],[9.169527580634416,39.20142365710536],[9.166657547075085,39.19522290798106],[9.177996608595185,39.188331659450476],[9.16008942907841,39.176370263705756],[9.142846868041408,39.17995651939905],[9.112675050736833,39.207341149251796],[9.095566877479664,39.208418982366766],[9.035070100472595,39.16101528120362],[9.014812768854437,39.12080211148905],[9.021896753330928,39.088509122453125],[9.052410386434975,39.056687872754395],[9.030051093753732,39.019144706625056],[9.029877359178522,39.00824574466736],[9.061176917508611,39.00098209409079],[9.06088369995109,38.99916155691109],[9.026511567819979,38.998205590893924],[9.021701544498333,38.99180772191234],[9.047440141402479,38.981117258130304],[8.998620485767576,38.98092026878637],[8.90970488661997,38.90832863547138],[8.897781352169893,38.923145319928665],[8.903893705097142,38.95598103084236],[8.825382332022603,39.046934162418296],[8.847121813649158,39.08497369218454],[8.843485488791218,39.097145155405265],[8.815939449127649,39.122651775428956]]]}},{"type":"Feature","bbox":[8.27496327685651,39.62707965300914,9.170389692223093,40.42617637979598],"properties":{"prov_name":"Oristano","prov_istat_code_num":95,"prov_acr":"OR","reg_name":"Sardegna","reg_istat_code":"20","reg_istat_code_num":20,"prov_istat_code":"095"},"geometry":{"type":"Polygon","coordinates":[[[8.248791916560009,39.87163123702934],[8.246317798195602,39.87974885123798],[8.39322220616659,39.90837742568714],[8.395628545360953,39.956179041340846],[8.385000028230543,39.97597706510204],[8.405627089731448,40.000904115550085],[8.408212604544282,40.01623951133617],[8.402507378573356,40.025247645765674],[8.381907807817173,40.02461880082992],[8.310163108309474,39.983210626064796],[8.288846869952076,39.98998622206163],[8.372548522780146,40.03265865551041],[8.373953320284519,40.04250598853389],[8.392374331600264,40.04751992231927],[8.402418519653853,40.06493502761493],[8.41480035890143,40.046435189257146],[8.450457960173893,40.05467224309799],[8.485418048165913,40.0866207857636],[8.478201866911851,40.09310644514024],[8.479148107467548,40.11664849389526],[8.453987105530533,40.15024416387195],[8.44992350345203,40.17726909015618],[8.46155891075709,40.19991820578889],[8.459108312269239,40.205703095005234],[8.425700029575678,40.20691206517207],[8.425431436207836,40.20879025501767],[8.457793770235078,40.215730904682324],[8.476667013279895,40.284133017322205],[8.4592507151949,40.29798075303359],[8.45450339155403,40.31478003562817],[8.440243814855728,40.3142885008938],[8.422968851216623,40.33176570658032],[8.386612218387787,40.33331559447964],[8.36906645134972,40.36104327027659],[8.384014732025523,40.368604029381174],[8.395887705841126,40.415326130469325],[8.423860930009532,40.3991794860316],[8.441170676301665,40.399923104059184],[8.45615588915034,40.41125573178193],[8.479816323058966,40.4146971725684],[8.499086695298404,40.43191857823671],[8.523812643659623,40.419956297973826],[8.529635882013167,40.40564801745034],[8.541563001756215,40.407465319896694],[8.555588777518002,40.39805331387119],[8.554703221540565,40.389626699606374],[8.567355059850762,40.38552402230437],[8.570535129072692,40.37080082789503],[8.592940165869825,40.35567499015456],[8.596674121897346,40.335721398671204],[8.628478442433488,40.32463540766852],[8.617359049317091,40.30754854061331],[8.628789368586007,40.283008001132494],[8.623838346232723,40.27496427213148],[8.673098122386234,40.25230537019691],[8.677995405720107,40.2102788982719],[8.71167680052715,40.219459756239864],[8.7214540806611,40.20931884151327],[8.749174527767932,40.20424960261043],[8.747928902472964,40.19095030478534],[8.763687889632651,40.20150105173798],[8.795335241460752,40.1963486605808],[8.85597754224881,40.21521440639906],[8.90990107406544,40.21255454774437],[8.984114190166599,40.22301500294725],[9.016731759026468,40.201853170462115],[9.024967671489344,40.19313768748465],[9.006077315097224,40.18005408011928],[9.02234949710432,40.16629149101692],[9.024526750845325,40.14455138365056],[9.0112997240184,40.13487544439451],[9.021369274370974,40.12918742927911],[9.040805325904348,40.09702294347531],[9.047134971611895,40.05443778883298],[9.02824543758695,40.03152238252799],[8.988470497447976,40.051748879330226],[8.96952064598151,40.04004782257505],[8.951898748951264,40.01304673904044],[8.960830785603944,39.996565070367],[8.99097472954389,39.99136141324226],[9.008679231883887,39.99763748186962],[9.024952968838445,39.981991225450244],[9.001017886829594,39.95821345101379],[8.993374219324163,39.920470589622724],[9.041385026408705,39.91634712689865],[9.101856257800051,39.87723593236423],[9.104935635463123,39.88668517918744],[9.130680822948452,39.89373164882503],[9.176158866609923,39.85070066570796],[9.175566323160357,39.83998041793208],[9.165152910919915,39.82537130532355],[9.14533059212494,39.84056133952459],[9.126963936181292,39.834530936770676],[9.112304569595327,39.84191415370457],[9.104579001712855,39.82742857620431],[9.08671966042633,39.82374876557984],[9.055059459302294,39.7948761349606],[9.00692297213626,39.82375799236728],[8.990216634632192,39.82164068387511],[8.954184976767005,39.77180706702051],[8.926514591861174,39.78873005749134],[8.895224128958448,39.78974739191594],[8.898134931694699,39.7757289514717],[8.932412332749617,39.75976331274398],[8.908732364949852,39.733159811064716],[8.921096525188467,39.72043403031954],[8.885996292802002,39.70198462048411],[8.865581779312674,39.6641506496634],[8.787847349237087,39.65007269899848],[8.779400306604266,39.6379042121822],[8.741888475474289,39.62146900394821],[8.727256442718367,39.634446025222914],[8.699939677601892,39.634369438998974],[8.695295384182304,39.63929458479049],[8.671355266669087,39.62578853365935],[8.623622032588386,39.65147970668436],[8.604614763328025,39.68494571254979],[8.570062364467917,39.67994616298377],[8.55145089426329,39.690434878019175],[8.519274300293327,39.68826914599445],[8.494136608177959,39.70680853668993],[8.49857250788849,39.730499420408556],[8.513786985714372,39.74588154870458],[8.506150087081247,39.75292357170604],[8.539854788919499,39.79662604872326],[8.548589563149877,39.86046706367823],[8.553062806163513,39.86216611870423],[8.533350763528931,39.8653801937157],[8.538378042508077,39.88339604258122],[8.521129876106423,39.89867289206204],[8.491901443928167,39.905015813538036],[8.469957457310585,39.89990857058661],[8.447241415455693,39.878092618253625],[8.436695254839972,39.83587234662125],[8.432630734877078,39.83606625173759],[8.428686051099357,39.882272258662866],[8.398152192830429,39.89793139886635],[8.248791916560009,39.87163123702934]]]}},{"type":"Feature","bbox":[8.219604980973271,38.8591910621176,9.659765286605536,39.91871582064542],"properties":{"prov_name":"Sud Sardegna","prov_istat_code_num":111,"prov_acr":"SU","reg_name":"Sardegna","reg_istat_code":"20","reg_istat_code_num":20,"prov_istat_code":"111"},"geometry":{"type":"Polygon","coordinates":[[[8.212014158033915,39.14607371201328],[8.226653759575514,39.16831774197034],[8.253654170842928,39.1730663911895],[8.269589084053242,39.18440300488454],[8.294410706993173,39.18355482173299],[8.326254175463163,39.20583413302431],[8.324892923338426,39.17977784509458],[8.314661234408801,39.18124221909286],[8.314057832341991,39.10999611584836],[8.350046243844691,39.10344993390999],[8.376232193035614,39.12167400608313],[8.384148234055353,39.104671430934204],[8.463292604915697,39.11407337917508],[8.463170606981583,39.114264771447644],[8.431657765488287,39.11591046981138],[8.431391322456976,39.15399496082026],[8.418511819982086,39.16357985288593],[8.418028242567603,39.12887415979364],[8.412677063641457,39.128459031358446],[8.396283464472818,39.19103536161355],[8.367220268817983,39.20676868363917],[8.362295631489152,39.22167198651109],[8.325014482473392,39.22480104208805],[8.325003089581177,39.228904554517385],[8.364181997668812,39.23243654393775],[8.418402757135203,39.27031299220986],[8.430615518266485,39.290563976759415],[8.416024444684364,39.328264787107024],[8.393546855928797,39.3293458968635],[8.38047691621084,39.36307044212114],[8.355094607418946,39.3817030766214],[8.3751215156075,39.37908829569659],[8.38071498271964,39.395576950342246],[8.406253475930978,39.42383704000746],[8.405274191995154,39.43882413859177],[8.376997124073647,39.455371237188544],[8.381555371406414,39.47712217371464],[8.438777892215501,39.53715297967942],[8.464365582098049,39.59863653220406],[8.443486752441315,39.63369314847325],[8.452741102618704,39.66650009971254],[8.437818837350537,39.67682597762625],[8.448991473470326,39.70800775755516],[8.440775793190541,39.71643974215411],[8.438194377305004,39.759106026828945],[8.448079971549902,39.77471607117982],[8.463837240787942,39.772229984964866],[8.506677714999467,39.71634616496698],[8.502158453180492,39.71471429990962],[8.521137074396893,39.69870478089204],[8.55486380340564,39.69955889293275],[8.572808815774177,39.68944649970735],[8.611429432432443,39.69503186948826],[8.632784278054535,39.657427700634486],[8.67121577732511,39.63674329615488],[8.69779930798903,39.65173733809686],[8.705718973249313,39.643339348669244],[8.73242201293872,39.64341271387488],[8.744371729178836,39.63281538717318],[8.770919086748687,39.64444604845323],[8.780243892577603,39.65788060475288],[8.85730208347297,39.67184092101986],[8.876763564829938,39.707915417491876],[8.904626196742468,39.72256481271195],[8.894563623413212,39.73291742517648],[8.915979917461785,39.75698805991042],[8.887661571103774,39.77017382870921],[8.881640121845455,39.79914558389678],[8.930648890549648,39.79755481629855],[8.951266332759296,39.78534514531958],[8.982907736984917,39.82978092392366],[9.009996669527947,39.83321420250328],[9.0534284390069,39.807159393608465],[9.080365553089166,39.83172320765276],[9.096172549444809,39.83473335504535],[9.11206062592843,39.856884320332185],[9.128736707986729,39.84482339347287],[9.14793429541897,39.85112504581313],[9.166702237654803,39.836744864271516],[9.193588564678848,39.83210160342381],[9.192147138227353,39.842995747118024],[9.179777071879665,39.84611358166698],[9.179024535712083,39.85776199812356],[9.183009665557721,39.87442580738407],[9.188199639071742,39.872903611938064],[9.18582527599654,39.89009912532717],[9.21043656403813,39.91999130338384],[9.230757599344964,39.91552314838901],[9.242635137150932,39.92241457597074],[9.282706908455513,39.92181281504434],[9.354562871751314,39.908213867421175],[9.373040519343133,39.913697326806975],[9.376810138505597,39.9264968265114],[9.416262489712377,39.89618739288897],[9.423137854582158,39.88413224146487],[9.411046528211862,39.84715087021996],[9.400234209222527,39.837658548675904],[9.377933135027643,39.83675387898796],[9.383844935117303,39.81987609567594],[9.367596074404403,39.811075739609144],[9.36839307389632,39.80396043578817],[9.424245933311825,39.74747312404646],[9.405855320729504,39.74519367759607],[9.392019772386144,39.71705735399823],[9.409267392376952,39.69590694291355],[9.402133503144025,39.66306877309473],[9.425512186718938,39.627328891960936],[9.428942082518303,39.6291456279669],[9.43405501828602,39.64712229660765],[9.470953555379415,39.640251714725075],[9.487655707680084,39.62296629938001],[9.51266933076644,39.63565247733204],[9.517926501892818,39.60933910669176],[9.532535589704542,39.60597618142699],[9.53024606502482,39.593030819362134],[9.539254029627827,39.59280875110399],[9.557022639212448,39.57796259038692],[9.605462804635486,39.575421379313866],[9.65930567749405,39.55086089245903],[9.645300371536377,39.53238643819215],[9.689652621835853,39.522699827456954],[9.6879009789992,39.51640383897168],[9.640855352719631,39.52220065711045],[9.637574561926224,39.50280216540942],[9.65041918116814,39.49217770936372],[9.651761751148879,39.4605763775477],[9.613436651034906,39.38689414211967],[9.60328717487937,39.34724628892719],[9.609990740356917,39.321030448513],[9.634513978831874,39.31125009689536],[9.640673242378645,39.29073077155177],[9.614983135157178,39.2924665295835],[9.593249820054139,39.27226100919569],[9.577242893959555,39.2429431157816],[9.568887306193373,39.19903658716558],[9.585538519806619,39.17872302524748],[9.575427309092232,39.15840507779604],[9.610956788867949,39.15660639898167],[9.613789063883512,39.1369069994904],[9.601593493493652,39.11890612500475],[9.597575015297116,39.14283222320364],[9.570875412402629,39.14710233788284],[9.561429367499114,39.13080119021392],[9.533537930624838,39.12316032804828],[9.524831990146778,39.10569907841677],[9.554892840921244,39.073771436891946],[9.523424627969124,39.080694418704724],[9.496613821975965,39.10713173444098],[9.503332053242024,39.121111372404236],[9.498960756276523,39.127400312360145],[9.484742862385424,39.13099960095548],[9.427827951821511,39.11927180319473],[9.468215803471551,39.16172835575409],[9.480332763854088,39.20650073961487],[9.44069751898669,39.26661583277375],[9.437171823344217,39.292270642426374],[9.406825305061048,39.31209603591881],[9.364172011282852,39.31014723215773],[9.324142403854209,39.34983151827145],[9.364590689847581,39.39732660071126],[9.363227049302402,39.418232169563396],[9.285377746301908,39.40914779071423],[9.267558205478498,39.367129568463916],[9.245963041953777,39.34421716826618],[9.21420482282512,39.33046599616484],[9.186366171965936,39.32287251823778],[9.176574968469094,39.328495527881906],[9.150673596354094,39.3250676078138],[9.146664780889484,39.3345018566118],[9.1343438706556,39.327713979088635],[9.07962848240375,39.347697580698224],[9.056975180893986,39.3332790632235],[9.005201195523867,39.32205212081461],[8.972993557361265,39.33905610514876],[8.94625808888286,39.32308452463545],[8.948871483743698,39.30122834469425],[8.869251745076102,39.27414697189298],[8.857884095705305,39.24474690538544],[8.866517922357554,39.23120443643409],[8.860800458564189,39.17784647611768],[8.847781651944755,39.16670841435605],[8.842353523372713,39.14302040743357],[8.83062828331782,39.14382633711702],[8.826052211734789,39.13031938585834],[8.82754161926767,39.12093437400659],[8.846941154653406,39.109898975821004],[8.859329331899207,39.08438624233447],[8.83842239185361,39.04781844185036],[8.917806560679379,38.95340850318129],[8.912393944480435,38.90708333736015],[8.866674872743127,38.876473550139366],[8.820216822459281,38.875490534553116],[8.81651823074639,38.8864837041931],[8.81032019200791,38.88238146304987],[8.802538590533498,38.89492507371969],[8.778812588080793,38.89359807943904],[8.775357262055623,38.90896906248562],[8.761910520614013,38.90976159788577],[8.723900832910736,38.931157201844826],[8.71789586992246,38.923160208317526],[8.730198113996783,38.89230077379542],[8.724595926132409,38.890420878048516],[8.706970707748466,38.91628184612174],[8.682704121010152,38.90453403767898],[8.672590878967277,38.906344942282146],[8.67776297468021,38.893414584576135],[8.656632087733062,38.891088579721306],[8.663257210071603,38.86798076026736],[8.632478884987057,38.8574684976975],[8.639526389570685,38.88945130469738],[8.598868559159232,38.88802811744387],[8.617426326627342,38.93706609612834],[8.60424698077741,38.956546250925406],[8.575834581988461,38.95205474292959],[8.582461437475716,38.96425339342151],[8.558686520711943,38.99949829337072],[8.57031584592259,39.02207276110393],[8.564283543769701,39.03811484382017],[8.498259339800173,39.058642278852545],[8.470638834620493,39.05323125316538],[8.456777139026434,39.0176411667495],[8.457162771898759,38.988416443212834],[8.442816342147665,38.96561853614768],[8.45784005121137,38.93616598047615],[8.40221612299182,38.83673364457575],[8.392954215289853,38.839751203370575],[8.442415233210637,38.94155300473755],[8.432148958869941,38.95624961226837],[8.413097812804448,38.95004550764219],[8.397388317844834,38.9602201627981],[8.397917722844966,38.9728999033684],[8.35498600591643,39.03609555879232],[8.343679733410697,39.07722868725491],[8.351610958084878,39.087263838872595],[8.347476316985585,39.092292188533186],[8.308345562297283,39.099409479841086],[8.2910568792979,39.0905693030697],[8.251533918969276,39.09990089517496],[8.241283159449052,39.109325525759814],[8.244217517094595,39.13098983921328],[8.212014158033915,39.14607371201328]],[[8.464821315301942,39.111675002261734],[8.435533651624505,39.10047113303976],[8.436153177824215,39.099130526251116],[8.474279058529318,39.08351744919515],[8.463098876403834,39.075761551477974],[8.46829757304108,39.063511763960776],[8.473582647494322,39.064671625660324],[8.482239996026433,39.08433236118841],[8.464821315301942,39.111675002261734]]]}}]}