{"type":"FeatureCollection","features":[{"type":"Feature","bbox":[6.626621368537682,44.0601191083047,9.214240428380995,46.464102424246335],"properties":{"reg_name":"Piemonte","reg_istat_code_num":1,"reg_istat_code":"01"},"geometry":{"type":"Polygon","coordinates":[[[6.936875692400327,45.174694870346016],[6.935469921186218,45.17648267015412],[6.961134298381891,45.197112033390034],[6.958717474056635,45.21153064722317],[6.986110738898119,45.21441621036686],[7.001349690905019,45.225067465204084],[7.025134403755684,45.22061688600007],[7.041966640853965,45.23176794788366],[7.06788566754463,45.21572594385512],[7.078652243004762,45.21977520550533],[7.1065089640318675,45.25036723231365],[7.121544515347517,45.248834557856895],[7.130502371048292,45.2570328958494],[7.129716205112537,45.279041525129514],[7.100740169589959,45.3309401427546],[7.12779553608805,45.3352432047181],[7.1263481793185015,45.34966886848001],[7.153537181324224,45.36209104412585],[7.157153425073113,45.383508641488454],[7.176535823089829,45.401923200289936],[7.109397629095011,45.43033301839518],[7.093547549627588,45.45588346227036],[7.115994983547631,45.50857742815723],[7.1384445468276505,45.52495157333798],[7.148102942527977,45.48579853559462],[7.15930198348137,45.49165252950284],[7.221067835295634,45.47568887176447],[7.257991928001748,45.501358240437824],[7.264565768463673,45.51920088927237],[7.32162196704122,45.51896166953038],[7.360036943709392,45.5310263182494],[7.377075273138005,45.522507022492576],[7.44310104104367,45.558607239366125],[7.459143865266303,45.577422156197386],[7.488448940852894,45.58784179772305],[7.530624370402896,45.581566905198564],[7.566401603586348,45.596857048958405],[7.604725745867069,45.581249411375744],[7.612358276380525,45.56885624713563],[7.634529160897831,45.57587662712826],[7.677937858224979,45.5568982952472],[7.720706909396777,45.56379362923857],[7.732876194253583,45.556236885601145],[7.792347872043832,45.590282308348],[7.848471623282365,45.60703239112872],[7.893341887080851,45.59791976140852],[7.890856565837307,45.61355358752926],[7.911044303438914,45.63676821918858],[7.931076318142886,45.63958009907351],[7.932564779582913,45.643088458828345],[7.897388059091838,45.684663731202285],[7.929703810357951,45.7248908092419],[7.923578855690046,45.73943330239952],[7.880028336239522,45.756975444929445],[7.856229267990209,45.79109905556657],[7.855882156123159,45.822102364657496],[7.865402093929671,45.8272370481714],[7.856852994243263,45.83934907379086],[7.869242516180807,45.86195441307752],[7.854514888497001,45.91135748864332],[7.8694508020312455,45.92670571860439],[7.86165388801973,45.93690975480404],[7.872068093525112,45.975471222473864],[7.905988627967672,46.00184857840996],[7.985141734593366,46.001031539782105],[7.997415279294643,46.016586205177006],[8.005864318196048,46.01649058492383],[8.00638252631189,46.03425655570523],[8.027028337405007,46.04501949354893],[8.015657858911382,46.06954901310858],[8.028004048125316,46.10313419369574],[8.102773816951796,46.11535600396599],[8.109491999882811,46.133536592918425],[8.143837297281229,46.14423192531646],[8.144135333496667,46.165109787204564],[8.158258082931484,46.182550306017006],[8.13378567056512,46.2230873745219],[8.1101386643452,46.23411259383381],[8.104725030949236,46.246239803562304],[8.069876609497525,46.259683403191005],[8.135896318855382,46.30676757595223],[8.16152089037016,46.30091231222936],[8.198611388016312,46.308060497533745],[8.218913324057043,46.337095620067366],[8.25547507360932,46.34820796288607],[8.257317316264905,46.36825320334285],[8.281849000748663,46.367900910183515],[8.30636483680273,46.3794592701564],[8.30981886481538,46.39493898936801],[8.280446267842988,46.40718284768615],[8.295930640717089,46.42288402596173],[8.333023158863401,46.43525957493997],[8.361215531767671,46.45525504723529],[8.449489314253416,46.46852416711224],[8.472859988068953,46.444298688701345],[8.464724182347572,46.42322598990871],[8.475462630619928,46.41261740214589],[8.467623013165218,46.38661343475879],[8.475111724674774,46.365215444122235],[8.470738947893548,46.331328614710564],[8.435381155753635,46.29808677759625],[8.46388579035301,46.26328783871436],[8.453049933682532,46.252353167587174],[8.469978031541029,46.24776817122863],[8.47412564325119,46.23695631148261],[8.537914478108187,46.22153649400968],[8.546395026390744,46.20019861214316],[8.569239185689122,46.1865779277286],[8.5788788884921,46.16769728701695],[8.611101850838477,46.157552035221904],[8.602075183680506,46.1425537355502],[8.615337221144516,46.126466367161896],[8.650938686102036,46.12779611186297],[8.662426985872928,46.11630167090845],[8.723298087523892,46.10066111101615],[8.712321115443041,46.081733481807504],[8.735531051340603,46.029191752021454],[8.726481457488973,46.00994251693115],[8.57775316679753,45.898771345264294],[8.601908407030406,45.83342823951564],[8.593423724714,45.81626967519592],[8.561994069502823,45.797939005590344],[8.562079291735367,45.77624669949168],[8.597813474375794,45.73441514638958],[8.646425244942835,45.72723234977463],[8.660403456612618,45.71508112021835],[8.64888990247896,45.68123270273801],[8.691799425567343,45.68079706864352],[8.677087066718054,45.66141633280982],[8.696901076318975,45.63502990160017],[8.677353996803388,45.62813372415985],[8.66582101701608,45.63634995361588],[8.668528535298952,45.62609163510193],[8.685679474233154,45.624567681260004],[8.710210544219844,45.60088584670611],[8.700592952354897,45.579038828253644],[8.711289981862551,45.571463183300025],[8.726119972921637,45.53073286402097],[8.720182510271995,45.52049741373943],[8.732025379378253,45.50632883644692],[8.764058056128494,45.50084798824888],[8.776269466852787,45.489565094122085],[8.793481953763823,45.491444421682765],[8.795598278480627,45.463835254121705],[8.816725537963427,45.4475136982044],[8.81517641911214,45.437558614627456],[8.833325854209818,45.43681595798995],[8.83106161757272,45.420366581364874],[8.852326392360515,45.39064105017203],[8.815030315061763,45.38507235699029],[8.803940693664225,45.37370783543549],[8.769818419267569,45.382929251458364],[8.765751534446894,45.37178528215163],[8.72685145255048,45.3732722741637],[8.766354294391316,45.35867705178663],[8.769598326513062,45.34643119617013],[8.74964333472699,45.337599784641306],[8.747404000967606,45.326246564567114],[8.729730176469095,45.32996443566175],[8.721838266646005,45.30001101365555],[8.692393200571797,45.28804338014209],[8.661542320198489,45.287632871904684],[8.650029009331973,45.3230577322656],[8.625828222139384,45.33584009492724],[8.623183759454285,45.34655184399656],[8.61156102172517,45.34966572709676],[8.577617899857204,45.3422599503435],[8.552490753916246,45.355339140624736],[8.533669000015337,45.341377157670976],[8.546072889864424,45.313956054273476],[8.517857838748862,45.30935977128704],[8.508135738807177,45.295902338821286],[8.517884988545228,45.29504107877543],[8.519770530318775,45.27988940026879],[8.542090298923716,45.28358238298187],[8.53966507529293,45.26044031916838],[8.553095871222927,45.25411795078823],[8.545873262211224,45.24854116319645],[8.586835373341414,45.23899092389581],[8.550592671266903,45.2364816703249],[8.55484670799259,45.234869396211224],[8.532607959761455,45.22136238399394],[8.55144258821911,45.2080878798497],[8.552232788338307,45.20891485563393],[8.581632719043105,45.21304702003748],[8.588958087819261,45.20076923447082],[8.551344217521446,45.180420299194026],[8.549566087509788,45.173530659587534],[8.558053631071617,45.16167370831927],[8.584844486925414,45.156425148040725],[8.5953347221461,45.136008402203394],[8.617607155358844,45.12598232259836],[8.615622057036378,45.108362131111804],[8.654026771469876,45.07550648307372],[8.644506353130787,45.06628692350769],[8.654397129940607,45.05463232464603],[8.643883540133883,45.04281969765383],[8.657575252234873,45.038100264836565],[8.662086100397916,45.02686539667043],[8.668495919153838,45.03174122434251],[8.697165437753506,45.0311073288658],[8.709389899198495,45.0466739495782],[8.730064852377248,45.026213920881496],[8.757912468747792,45.024890518994134],[8.755173760441325,45.01297441712403],[8.766986603412516,45.011803354413956],[8.773006707962178,45.02895818955259],[8.790603897722596,45.02657025543712],[8.788516708269865,45.03772170490739],[8.823168041927921,45.051458339831626],[8.83620319897221,45.04862832694088],[8.83663854601795,45.05479845214354],[8.867923512704687,45.056372290485825],[8.897058054588793,45.07567119024152],[8.889024401649797,45.05716165847841],[8.90415932456957,45.05411546549199],[8.90740884034363,45.0094124990013],[8.915886370903742,44.99796516173459],[8.928117975711674,44.987125912442075],[8.963675262759184,44.9923307529706],[8.984922126024449,44.96795146715186],[8.976396372806068,44.94427206779758],[9.004620286932482,44.912195623028204],[9.032841633181969,44.89304031481417],[9.060073130265058,44.89340778062392],[9.077538858711955,44.86361500489528],[9.057443210278583,44.84947405309192],[9.079254654323464,44.829554898960325],[9.079074143399751,44.82218192896363],[9.098068875553212,44.82381570882432],[9.111589367637052,44.81054889643462],[9.177308344737424,44.822299361324056],[9.163519666940362,44.80975652981977],[9.179947854015525,44.79790636730747],[9.178210343499956,44.77405508328048],[9.220387487195858,44.75455396398061],[9.205505798016429,44.68384969697636],[9.20971636948108,44.59324690513895],[9.15421179846535,44.5696879744251],[9.133843382266571,44.56998828267859],[9.10514872793144,44.57876905647689],[9.097817742048296,44.6067826860871],[9.074989939084105,44.61858707337329],[9.038796785763964,44.6080775726803],[9.032737237997749,44.63919347812302],[9.011579169387433,44.66134534861647],[8.969542907125614,44.658631783885994],[8.956321647598875,44.67152677075059],[8.934817592528438,44.67161177108346],[8.91272017563184,44.64330561145506],[8.892429416516064,44.63691583301985],[8.915424033251949,44.61505643045233],[8.924208389917018,44.55857180741032],[8.890334883230633,44.54507692473316],[8.869458244907857,44.55941917901212],[8.865993064611823,44.55599599106779],[8.833624478480939,44.55706429887275],[8.835309536612929,44.54064781754888],[8.805153985951558,44.52752216849396],[8.80279283081124,44.498316027306494],[8.784469497609365,44.48315740361068],[8.758633676182168,44.4891343958882],[8.767050690486666,44.504338551729774],[8.761782396291295,44.52277320626546],[8.759411118446735,44.524538071261716],[8.73545833072171,44.51425091223184],[8.750128492285729,44.536800640994045],[8.7452334557818,44.54532441688703],[8.732778365252788,44.54831925650454],[8.72706947596834,44.5679549385248],[8.711740557473753,44.57699115525948],[8.692825391195607,44.577394758402505],[8.68353927655727,44.569777797758405],[8.626690982527997,44.581136691771775],[8.605484961506875,44.55685895358102],[8.62068896174223,44.542996266899515],[8.589583785801095,44.51985868096961],[8.58077204792574,44.51926841956046],[8.582909679546846,44.50672796327976],[8.559562212996804,44.497640663870385],[8.533261985824996,44.50876157481192],[8.47413909120325,44.50594198815941],[8.469833947976326,44.51280999289028],[8.451351402189033,44.490888729917835],[8.417745246525682,44.50816554265418],[8.40916661009165,44.50565406980198],[8.397797373119683,44.473957902036446],[8.356053376549989,44.45866144513358],[8.344586311777476,44.48142177916857],[8.318412962193026,44.48376703906937],[8.301217425521235,44.498487977699334],[8.267424159905303,44.50270605167653],[8.250903139118543,44.52227133256816],[8.229450868152473,44.51134600744838],[8.222918429947223,44.49750936836173],[8.23152868213579,44.483267792655894],[8.203253399536145,44.47448839936767],[8.202261807438022,44.46621889574616],[8.215673448325928,44.458138255278435],[8.228613410284222,44.42911879012809],[8.208101752621573,44.401533078519755],[8.155464438339367,44.38193444575906],[8.151035804845614,44.34443204782722],[8.137917489209268,44.32755467191049],[8.11207271921668,44.327809397134516],[8.107089483464467,44.29285247162855],[8.077007105816966,44.30796641397652],[8.066532866815876,44.29943993373401],[8.069129092964161,44.29098158410798],[8.100160616574186,44.27557316583455],[8.071737924419125,44.25321041409098],[8.088676882115783,44.24095021190974],[8.073027458042102,44.21798117620382],[8.101591776833406,44.19904320067874],[8.103526541399415,44.17756372096312],[8.07191288246297,44.14075105202557],[8.0404666346873,44.138077362156785],[8.025662709976336,44.14986612647083],[8.013491993349438,44.151164356705344],[7.990035652653756,44.138462658351955],[8.022918615981023,44.12065645111482],[8.01427755809314,44.116651757756614],[8.024717899316947,44.11185211549902],[8.008884050586047,44.097115190238775],[7.972087745718962,44.10805347380066],[7.9417532881588295,44.09455244109896],[7.924160383431145,44.10547604297654],[7.8817611771363385,44.09977994149889],[7.86311463548185,44.11389956787116],[7.814227620508056,44.11869400872123],[7.763134213315434,44.13578065904678],[7.729852147752357,44.12110618591072],[7.725777513364521,44.10506663529423],[7.736025617446118,44.08877261064059],[7.785389813274067,44.088836172591215],[7.742590617926107,44.07304929717828],[7.7307065386694,44.05514799439918],[7.707617827336085,44.05775041911375],[7.7105600751016645,44.081948813696854],[7.659530380523321,44.1297384760877],[7.677033324160574,44.17131847864678],[7.672183241659247,44.17277683832966],[7.6399157108202065,44.17259536331726],[7.621116646225728,44.14513996919333],[7.565503001580419,44.147802469596506],[7.538051866241908,44.143324133161705],[7.522697043934957,44.132396404389596],[7.5040927485148154,44.13860585657483],[7.460993738530624,44.12111069442785],[7.4330361003546646,44.125117714453346],[7.427758577269957,44.10640886753976],[7.392025193666271,44.12065838136613],[7.352336198874627,44.111068034712275],[7.336493534617324,44.14156871688136],[7.27702111672112,44.136589432580486],[7.242874706146279,44.155342668271174],[7.239201385984447,44.166365036668054],[7.2161867054382975,44.16368680602523],[7.180729100551124,44.19698070210216],[7.162933927048919,44.203001968190314],[7.142448058530915,44.195320273850065],[7.068951139198915,44.22861666374025],[7.034368006981425,44.21896867084747],[7.00254385731612,44.23277442074339],[6.990501785523894,44.24955216809245],[6.989618700931448,44.27658055514032],[6.967495729972581,44.28047415611977],[6.951844668267434,44.2940651121624],[6.954147656065277,44.30938597224954],[6.921021186220573,44.33085240063088],[6.916478088216265,44.34848852440665],[6.878403733809098,44.3597628344294],[6.8904790305477945,44.37573905950731],[6.886203681123456,44.42372667550127],[6.934785666527332,44.43212038238366],[6.907512783235867,44.4484621266776],[6.900956461056462,44.464927990121474],[6.870832171847352,44.4785780078003],[6.848114548169322,44.53312550205748],[6.875448500496174,44.55846010356255],[6.906857885991986,44.56239298318979],[6.905802732567189,44.57178296501122],[6.926847893604762,44.576348447020905],[6.931627316632574,44.60460448779862],[6.948980141043202,44.62532047808126],[6.9574390801727795,44.62463010889825],[6.940668217210987,44.653648451240045],[6.95768686294185,44.68076810680182],[6.986893464853905,44.694673053821894],[7.030274529957969,44.69615650847276],[7.066970188907167,44.68587267778608],[7.068682704576427,44.6901677236953],[7.060015881864699,44.71085864728632],[7.026804885381226,44.72503592482345],[7.013434567709911,44.77368238712452],[6.992371864400825,44.78807041080583],[7.014891150487254,44.820559479306276],[7.004217608597456,44.82286960898485],[7.000504154029804,44.836798489957914],[6.933496586799041,44.85788524973267],[6.9139617259120865,44.83964616699427],[6.860490108741369,44.84645249690581],[6.780328704650642,44.885511187039654],[6.7689419218807565,44.89862691577201],[6.743222136484386,44.90277510527357],[6.752675667494081,44.93131662917259],[6.737271702395633,44.93668397812478],[6.758039602717183,44.961442849390366],[6.728783854646651,44.99190118628143],[6.7441648919372295,44.99950616836508],[6.740436351883063,45.0108454637021],[6.723148884634351,45.01741516209121],[6.668232261268555,45.015326890136144],[6.656604461589466,45.067931598150274],[6.6416621033307965,45.07131000403092],[6.619610452525979,45.10325142760343],[6.630194039328753,45.1194720278874],[6.6680111915406455,45.128111794843505],[6.675313079474217,45.144331010295275],[6.712645702984573,45.14943519009051],[6.738423461125356,45.14230393683705],[6.767306129766661,45.1651105751477],[6.81634842066793,45.15248892043363],[6.849784042597592,45.13234247230541],[6.8860821566845685,45.14033108309878],[6.877246721836669,45.156285493135414],[6.889561524281769,45.17340747233902],[6.936875692400327,45.174694870346016]],[[8.041235649063134,45.11263059136919],[8.040617948824265,45.12493532581983],[8.029860015843932,45.12766882315306],[8.016668527933847,45.120812268087406],[7.994996257003217,45.11992413433417],[8.01148570260516,45.1084810358371],[8.019994037497922,45.113416667327435],[8.041235649063134,45.11263059136919]]]}},{"type":"Feature","bbox":[6.801326682921888,45.46695875661557,7.939504004237184,45.987575678850924],"properties":{"reg_name":"Valle d'Aosta/Vallée d'Aoste","reg_istat_code_num":2,"reg_istat_code":"02"},"geometry":{"type":"Polygon","coordinates":[[[7.731780001369952,45.92831999810456],[7.752537193165153,45.94563434188627],[7.80020074157886,45.922533268470815],[7.820544329493754,45.93182368927338],[7.870333525869435,45.9196599305351],[7.871984803391986,45.87999953003994],[7.882823354464742,45.86164786269778],[7.8708502037209644,45.83981384951246],[7.881572230457984,45.824615466480246],[7.86876111668138,45.817707930726364],[7.869029351343907,45.79323313895288],[7.890346869166234,45.76293777118083],[7.934404786222132,45.745459204600614],[7.943524092996929,45.72379558076101],[7.912178804070824,45.68479305834287],[7.94642233589472,45.644304016556525],[7.941122974281508,45.63181948873817],[7.919023405205042,45.628718886428885],[7.904004544118966,45.61145183078108],[7.907336325982602,45.58521244629619],[7.8492342166762095,45.597495939341734],[7.798990063363299,45.582500266234646],[7.732531420381763,45.54445138544481],[7.717159777203832,45.553998181819814],[7.675651272972533,45.547303689106286],[7.6335536437819265,45.56571142785885],[7.605784273046723,45.55691532287866],[7.594679191579847,45.574944882218354],[7.566543119553813,45.586403496312045],[7.532913725023292,45.57202914165057],[7.490183073117679,45.578388667317036],[7.468187115143619,45.57056804740655],[7.452809825009048,45.55253649074506],[7.377402578946847,45.51130590860246],[7.358568524409461,45.520724881975795],[7.324280160503214,45.50995455759728],[7.274413012002035,45.51016666244019],[7.269449837172097,45.49670162311469],[7.224247757299209,45.46527911664836],[7.16127265264564,45.481560277367485],[7.1380107718501185,45.46993039894187],[7.132491366212838,45.50705619121073],[7.127222408882754,45.503725450366346],[7.10879789082937,45.46198531435638],[7.040540587365183,45.46866171677975],[7.04595165244186,45.49165460461162],[6.99354182525352,45.501035617952866],[6.98877047242196,45.57427012041117],[6.971160804255161,45.58738585878949],[6.978066651286891,45.626942165682166],[6.990320904932143,45.63806731521231],[6.969031804281191,45.64328362113943],[6.965105869923826,45.649137412803675],[6.931482285161754,45.642308010890225],[6.909964078254497,45.64927407934015],[6.899244459871136,45.673237247886945],[6.894253651551674,45.67092231412914],[6.850185330818457,45.683207761269394],[6.8018842285117085,45.72389053700543],[6.80985273733736,45.73865755293341],[6.799374981497038,45.746204002578885],[6.79486287036167,45.78154241791797],[6.813158226299917,45.83961017148161],[6.84381467231732,45.847185629247996],[6.862852635030698,45.8392632674601],[6.878212747325434,45.85605152797298],[6.898052723379449,45.84734375829565],[6.936731813273865,45.85121204813623],[6.946330075866289,45.86240452240552],[6.9919140539519695,45.875784656669836],[6.9977706127513475,45.901252144452656],[7.031323196420823,45.92684658499644],[7.066469495655551,45.91587490212634],[7.1054462058403525,45.86364718890508],[7.116043212723413,45.863965845005936],[7.156830986955379,45.88510360116474],[7.188751826407354,45.86550148734547],[7.212693675442532,45.89311094524623],[7.256382448928049,45.89473979548456],[7.291074635117454,45.92705930012871],[7.324641979367251,45.915256895521814],[7.344602684693631,45.92019875930525],[7.385282309878166,45.902799993167235],[7.441430494228093,45.935662625931094],[7.46854898626793,45.93939359255391],[7.47232935882064,45.955670940410045],[7.501387446402333,45.96531335720091],[7.535495753980552,45.96152522970764],[7.540488449969899,45.988356815933194],[7.574327798740562,45.9924839136423],[7.591668582804004,45.97545754596247],[7.666934269219824,45.98026374540285],[7.685574398471909,45.960752685755445],[7.71688311960158,45.95099790507043],[7.714007263902261,45.93593187389281],[7.72156059092489,45.928918487120185],[7.731780001369952,45.92831999810456]]]}},{"type":"Feature","bbox":[8.498337449907517,44.67994448804671,11.427672760612367,46.63518701514531],"properties":{"reg_name":"Lombardia","reg_istat_code_num":3,"reg_istat_code":"03"},"geometry":{"type":"Polygon","coordinates":[[[8.524911607382114,45.243846802262446],[8.515989514916717,45.246118225729184],[8.516864151754751,45.263382660663076],[8.526689147570412,45.2581638063023],[8.528139140831126,45.27203384967583],[8.508398069835195,45.26876435936661],[8.506124226756901,45.2870091141739],[8.488563036316958,45.28855806801014],[8.509053517834516,45.31693393735795],[8.530274053382687,45.32212873230568],[8.519353942534458,45.344307097744625],[8.551075968294688,45.367252463109885],[8.580041071885725,45.35217845468883],[8.615231964989563,45.35954261947656],[8.661478626583184,45.327990587607694],[8.671620632644892,45.29676958597687],[8.68890185636114,45.29699896121737],[8.710416806199326,45.3057442893225],[8.719815704851966,45.34143902346645],[8.736850814742038,45.33785809465996],[8.737863665668156,45.34299776047206],[8.755492648381937,45.35080201531496],[8.754983451907762,45.352722469744805],[8.715001568520096,45.36749076718138],[8.711570551904588,45.38286539517493],[8.756030924123642,45.38117146056999],[8.761051274037314,45.394932172614595],[8.79914781871151,45.384641762317244],[8.80743475659283,45.393134092051895],[8.833486748960452,45.3970268048829],[8.818023412543695,45.418630591729226],[8.819361897078407,45.42837284213848],[8.801045486469794,45.42912001078478],[8.803426010125607,45.444444262517685],[8.783112882548275,45.46013255258604],[8.781506472255593,45.481031944705954],[8.77072440113049,45.47985358361087],[8.756654091546984,45.49285394791502],[8.723769530063182,45.49847883049201],[8.705972629266103,45.519765333715505],[8.712704023963388,45.531375329197445],[8.699779601814608,45.56684974778496],[8.68611383131208,45.576525205272034],[8.696101986745045,45.599229606193404],[8.678595324091075,45.616126926129525],[8.657660147077584,45.617985625487854],[8.652073967335532,45.639133147098555],[8.665499087567502,45.64938887765976],[8.67872157817526,45.639971134641335],[8.66259858090582,45.66143015751237],[8.670628847174648,45.67201524304266],[8.63272872663969,45.67239342128243],[8.646481279026975,45.71286288387257],[8.639319769109177,45.71908723243165],[8.589420474531147,45.726457611020464],[8.545447912642357,45.787616123498125],[8.552760064726009,45.80645599178494],[8.57667520569892,45.81678672734096],[8.588409740692436,45.83406680621891],[8.563546112663614,45.90127448490817],[8.719409616155582,46.019281681730256],[8.698551176994393,46.08376266127405],[8.719383218286664,46.112878666249266],[8.744093260698188,46.12927903169747],[8.76470422079276,46.10516748571519],[8.783540615086398,46.09888587579487],[8.807112292542861,46.10611592725278],[8.858118002221385,46.077899075418486],[8.861160637412858,46.06074954062474],[8.8471986562509,46.04285770130146],[8.838027151663557,46.04547205002931],[8.824623994523508,46.02178065111087],[8.81077655736457,46.01808965771483],[8.79552714151757,45.993295214571745],[8.834151100970443,45.99241237725409],[8.871291972548606,45.96468007785965],[8.90088438332448,45.96249533709915],[8.899559108411893,45.932954645320635],[8.930608988294905,45.9078716707115],[8.939726887063372,45.87342590107572],[8.957087034725983,45.86910912098854],[8.924780432375687,45.845443836899165],[8.922289429319372,45.83882135939377],[8.950286651993974,45.84878197598252],[8.971660867808804,45.83700683350244],[9.005919854000444,45.84000508547208],[9.001307247141039,45.82674319561759],[9.026037368158711,45.82551870778602],[9.048290585319709,45.87514473983684],[9.079545641458596,45.900167855584286],[9.040443441011588,45.922416094546776],[9.013664411707408,45.924502653853324],[9.007567486561443,45.95787232179643],[8.989759673697055,45.96495034767817],[8.976982764021944,45.95662014273968],[8.949659662034529,45.96158505592338],[8.962395088639827,45.98898707278086],[8.984001737016847,45.98693643605046],[8.983911253915512,45.97679133485374],[8.986163124112085,45.97702750294794],[9.020803894224635,45.99533986427629],[9.00197471772491,46.03755539083425],[9.017775048420054,46.056115002290234],[9.072876012375303,46.06889268258887],[9.082942867531754,46.08838379916064],[9.06329242936284,46.12185971202135],[9.116663023148641,46.13824985717345],[9.156350399223737,46.1750112934531],[9.178469282982505,46.17501348518703],[9.216779759123867,46.233810034594065],[9.241602406593792,46.23735488292179],[9.245359561035668,46.267119299062664],[9.277704206559433,46.298051724679574],[9.274617278067495,46.31049775738303],[9.29209617519743,46.32670665427756],[9.285072391000806,46.333842734526435],[9.288617995739559,46.35255607438027],[9.27630517372088,46.3553129671015],[9.27013910513379,46.36886464472519],[9.273988506685383,46.41066917661457],[9.241100292721496,46.43433864887269],[9.24013269067976,46.449225732732415],[9.2716043149438,46.46410001035722],[9.275859332262366,46.50016740750672],[9.369030268763956,46.51289832639069],[9.381093207471801,46.487940406787466],[9.408131560929561,46.47339352883718],[9.429168073018612,46.50125025856862],[9.46655403367532,46.51387778415955],[9.465721915404817,46.48391280392763],[9.467416922398654,46.48346847330375],[9.470065008732155,46.47040186332706],[9.460039499066578,46.42095260886419],[9.475643218247232,46.38855915353654],[9.469796949636844,46.37838919394151],[9.50107988668445,46.367295737464],[9.52418512867852,46.32963089327936],[9.550819905169252,46.30807536357439],[9.559977839875248,46.31168255320615],[9.585634934943998,46.29865200053127],[9.6339913749186,46.29099774378513],[9.67584304283082,46.30838212508231],[9.704082933160121,46.29560787667544],[9.709667440328811,46.296759389246915],[9.717670324564269,46.31054955179804],[9.716481657104671,46.34221422293696],[9.736103009649092,46.356271047972015],[9.777306128228627,46.34018435083441],[9.836721950929842,46.36592065805511],[9.867391972998812,46.36691118227218],[9.907322439857637,46.38690409160861],[9.926350552891437,46.37200788122043],[9.955018927985758,46.38613953671578],[9.969369213825345,46.366660560633306],[10.004438311938356,46.35292559835541],[9.98842713781035,46.324700664575666],[10.001096022057338,46.31595025622635],[10.001876513659774,46.288163098222604],[10.06107157024834,46.26591746606473],[10.067338726629716,46.24765654340556],[10.055581373500267,46.23022578003174],[10.070890533347908,46.222631638450395],[10.093211819853565,46.23338816079917],[10.122720616590955,46.22848695598651],[10.14160173493538,46.2340604031977],[10.168863442752052,46.25853617826529],[10.148492593993765,46.29032108625305],[10.11111272319351,46.311956700795335],[10.097658302281328,46.33287497515364],[10.10174397464739,46.353999130677416],[10.122623117037014,46.3636076721374],[10.122014064955637,46.38137278492161],[10.155887876019726,46.3907398857028],[10.159713566353284,46.406197181841264],[10.128913132906435,46.426802722827695],[10.078091083276362,46.4160948448738],[10.032554289796309,46.442927488732735],[10.04624027390365,46.46320453087922],[10.036372967329797,46.47875938228265],[10.046229087816508,46.52982560429956],[10.034312943627326,46.53787198941567],[10.07594778173087,46.56551412926214],[10.071871208468538,46.57721064423467],[10.094695384938568,46.58552435015694],[10.095867088091943,46.61658179678376],[10.129494432984252,46.61037412445086],[10.190764112950816,46.63113366178307],[10.21247923483218,46.62307546305085],[10.242282294316805,46.642530231437625],[10.265662415972692,46.60956875750278],[10.248918304949274,46.59139220605785],[10.25027708331398,46.58041781208595],[10.2546536411577,46.57739508677249],[10.269421171437228,46.583048645120144],[10.28880069640187,46.574202286301215],[10.300010335840158,46.555088699223205],[10.328173219581185,46.556324415885385],[10.337590156694214,46.549808235857256],[10.349976187336935,46.56093546056811],[10.39725239230729,46.5488102419381],[10.420419084161843,46.55637193205552],[10.45916344852849,46.53286870844833],[10.464054779597761,46.51253088209677],[10.479348431973992,46.49985899340231],[10.554926481840447,46.49580159955823],[10.580555925307548,46.477344210521565],[10.604461982933408,46.472543227547916],[10.628750984590138,46.448981175861334],[10.622964230109348,46.42915214413438],[10.637716105211048,46.40193403076195],[10.61099424165348,46.375005805297654],[10.57026041070728,46.37354633590238],[10.542894556400952,46.350106831163366],[10.52439194217026,46.35101828552861],[10.523448545639063,46.34852994818744],[10.572320312057805,46.32883553109926],[10.57110458354002,46.314927429460866],[10.58779143244007,46.29853235016031],[10.569442995474093,46.28395324535674],[10.581386697451064,46.27843222850503],[10.592852198747813,46.24385336865102],[10.575089237262,46.23206940560828],[10.577118472608857,46.22229733485717],[10.549157038498139,46.188959997223684],[10.5730782145537,46.167242029433545],[10.55572678313208,46.14528336881959],[10.555953217601472,46.11615242141734],[10.522238773677646,46.07722790160427],[10.487618603778492,46.054506295832496],[10.49140588884841,46.022546374098155],[10.464182431362486,46.007921545206194],[10.45937850655838,45.9892763914757],[10.459715560307194,45.979940378631895],[10.495469266702374,45.97259479368296],[10.491374625466223,45.946430360903705],[10.51506442930697,45.92503401430373],[10.513990655366909,45.90280327665754],[10.500732613545017,45.89699299956525],[10.496907070087502,45.88544479174843],[10.508710449084344,45.87259927286582],[10.509201604175217,45.83272442566944],[10.555048452801476,45.81913934554054],[10.536352547238803,45.80646027801626],[10.541961983374586,45.80399803501443],[10.539838473480083,45.79171852603914],[10.561947018215314,45.788877179522856],[10.59849130797873,45.80728168959881],[10.637556749851296,45.81147587576856],[10.638523195080937,45.810737232457534],[10.650098786290272,45.83763484488549],[10.674200828360819,45.835158644519616],[10.69956309784433,45.84710605871355],[10.711871109518972,45.84111513927237],[10.736844661978651,45.847892089712694],[10.756005230671134,45.83619586374809],[10.774197259542078,45.84918160029433],[10.793444488956796,45.837921839748745],[10.82624225789787,45.84244253179424],[10.849286797624153,45.834655408956394],[10.710935349248784,45.67392084902846],[10.635038039492816,45.60077101687512],[10.6544565623319,45.445907224301344],[10.657237511299758,45.44622194464678],[10.651124703416347,45.4211180274249],[10.651727015432122,45.42100637630497],[10.662199810575071,45.432749686756914],[10.70024598719753,45.42717736081677],[10.721301363961748,45.41971249774346],[10.726147727809792,45.40523244207988],[10.705696420976667,45.38077672720274],[10.724447386336465,45.36727108362873],[10.692153026413916,45.35145394533702],[10.69280492362403,45.3452908595225],[10.722925966215625,45.336641351811764],[10.715189784610146,45.32063613236113],[10.737225936825455,45.32022882322848],[10.73491513470145,45.29367893131002],[10.736793405575806,45.29283884002116],[10.78320890634018,45.321643040418756],[10.845682906812684,45.275191603276305],[10.851821834161255,45.25999599300564],[10.943441096525689,45.23598459382894],[10.941504122194175,45.2159376297504],[10.950134855986372,45.20983594827277],[10.987852587737072,45.203792569459225],[11.003558902827569,45.188279603708125],[11.001130404073294,45.15418845361014],[11.00840046358694,45.15340337565885],[11.031723002192193,45.16701907973798],[11.036993463556824,45.15438437244925],[11.058560870790481,45.15455158708719],[11.04931238375184,45.13149040073582],[11.036849165919364,45.125404406519905],[11.044113506064344,45.116668560503086],[11.092315956151642,45.10177492951321],[11.095364578428413,45.11959730050266],[11.124893047835911,45.10913949162685],[11.143467926083698,45.132046405794085],[11.189247659558024,45.1144004355416],[11.227720453750132,45.11937719988612],[11.183665036570838,45.095050392881035],[11.183355464049988,45.091097714788035],[11.198925990781161,45.08515661230102],[11.181052112203249,45.07266210153095],[11.181425183735952,45.06415420156121],[11.214507047437701,45.0618391451394],[11.240412435680938,45.04851507604635],[11.273410637944172,45.065708908022906],[11.269518580779263,45.03393696876117],[11.279583530799506,45.02129584382501],[11.31202206027609,45.01646247549337],[11.341967467647834,44.99318144357308],[11.424954506639216,44.96825373791563],[11.437740536515587,44.94735393750715],[11.375546615323527,44.95310900910705],[11.358086567693645,44.94516795240064],[11.302053030071319,44.9575499078509],[11.289090680148812,44.95322592361055],[11.274760360624425,44.93155830047742],[11.247114945250372,44.945478996069845],[11.241265613468748,44.94091503292428],[11.150630315926184,44.92841415311239],[11.11499337754144,44.950390766662494],[11.076096138927845,44.957799117860894],[11.062488245194746,44.944068328652406],[10.998918574024964,44.95015044677302],[10.970004376905942,44.93052878910886],[10.954495222287685,44.92914555509094],[10.944743559982403,44.917074533937964],[10.91837595346562,44.91947382606391],[10.872132649036516,44.89917255426842],[10.884333764027657,44.91406054437837],[10.873911998767896,44.91174317871955],[10.862450311249523,44.92454848662394],[10.846941470415953,44.92209958105523],[10.737624970274572,44.945692700991486],[10.735476807358392,44.978575777781685],[10.727688388016798,44.98494396671889],[10.691610031011827,44.95169849708572],[10.683825629634216,44.975505763503996],[10.632004605705626,44.920512130171865],[10.570630201973344,44.90374162677097],[10.517988898552042,44.908359861213384],[10.431000371422373,44.939781598061394],[10.402951197375545,44.978456095744065],[10.354927114408254,44.96097879313759],[10.303404565852919,44.984547755176024],[10.299858566016496,44.994359787860255],[10.271299966090973,44.993311565960155],[10.249826229048692,45.01514551222661],[10.21060864088426,45.02916552977269],[10.185608627803848,45.023048065510274],[10.163602065001418,45.03878672115069],[10.107251697455528,45.01743822558047],[10.088064346166458,45.01978967779373],[10.078113139680944,45.041293413268974],[10.044854299481273,45.035769672968236],[10.040971846176676,45.057089781858785],[10.014633654765,45.07437439105455],[10.021644943305825,45.09510005301016],[9.984324048391164,45.12734084165287],[9.911093197472123,45.09034521495149],[9.91595474761186,45.13328462648308],[9.91374144005302,45.13407786854117],[9.88674978953809,45.12405279210623],[9.884573686370333,45.11491933641583],[9.907410768563983,45.09679795251828],[9.902422348806594,45.077522504505076],[9.87868135784546,45.069064685225364],[9.858005827676322,45.08934204427955],[9.844028572362461,45.0906033513047],[9.839874216966631,45.0599396978734],[9.821148477352557,45.042923604403555],[9.807992652508464,45.07489848420143],[9.774668383597621,45.086051482113014],[9.754563862081124,45.107589167339164],[9.751930321270086,45.10725123555798],[9.756219575316704,45.0758413234057],[9.7151999128669,45.05260441195031],[9.674284697371933,45.0734073022594],[9.627911607978834,45.08044560200156],[9.634380455907541,45.11577429786197],[9.625164542416424,45.12805419153265],[9.62377331346401,45.128257152405304],[9.617587433802116,45.10877817219743],[9.587729132979666,45.09432169146843],[9.563912801025145,45.10406147297173],[9.547553239977521,45.12484777735426],[9.54292802051713,45.121031092073274],[9.558311153196728,45.089530116516755],[9.533236113802136,45.072575352613875],[9.497265938574783,45.09894209790314],[9.444384595070439,45.0897542848352],[9.440685518936862,45.07713688106981],[9.41363507622896,45.07814650731678],[9.377417949519254,45.046786967598344],[9.382077483224755,45.0192751400097],[9.37037315682674,44.99945566411695],[9.350651709729314,44.99200271332848],[9.327388513580525,44.94177608814176],[9.31407675283946,44.93142013152203],[9.294515742053253,44.93001836968223],[9.298326689182067,44.92065754931973],[9.285458131813826,44.89783788322701],[9.300135298082086,44.89280094328076],[9.297426815189873,44.884704711560396],[9.308933446570183,44.88079952970979],[9.323286406595491,44.88482577735742],[9.347489703892762,44.87236312373606],[9.354343707475842,44.84134884622342],[9.370457538234144,44.82241327622246],[9.358648736676903,44.80843585617143],[9.327058849707702,44.79699565373276],[9.32230822123372,44.78097749074118],[9.293174661459018,44.769776315381066],[9.292878410290102,44.760949435840814],[9.340902276066137,44.73630287933562],[9.315999234424092,44.70592485428348],[9.334206854040678,44.68831921038849],[9.298599488928284,44.676064982032976],[9.282761549928308,44.681134290074105],[9.25625952250852,44.67434730307613],[9.246785878471716,44.688496227831294],[9.24745027578333,44.68504000728282],[9.21691592445646,44.6788797175369],[9.193294683564009,44.683001035701466],[9.206755105672858,44.75013533912487],[9.165256285463595,44.769317075171955],[9.16707725347451,44.794394985862986],[9.148407274434035,44.807857975327146],[9.106401741780342,44.800338500551426],[9.0922285815411,44.81424621843143],[9.066221276419437,44.81200651606187],[9.066573235933761,44.82651819645862],[9.04058367430015,44.850244097236825],[9.06261139878444,44.86575062495951],[9.051737948467592,44.884291828820615],[9.027891552279977,44.88396848171505],[8.994767057368671,44.90645056633594],[8.962812992525476,44.942756561357896],[8.971341956147514,44.96646259492033],[8.957580062225004,44.982250634140115],[8.923095551846542,44.977200000938986],[8.905268006566093,44.99299710685938],[8.894907893146643,45.00698243985859],[8.89258166314635,45.046560125645826],[8.871026487845402,45.05174661373886],[8.848770390000162,45.04716123858587],[8.848026271422036,45.03664543403598],[8.824587407497281,45.0417368094725],[8.806647990122805,45.034753525647744],[8.834354580758516,45.015049966284806],[8.7824985276445,45.01886250384564],[8.77649806183405,45.001769374409704],[8.74060493394302,45.005327346434],[8.743185234891703,45.01656897334784],[8.723211023496116,45.01751630139644],[8.709621834933985,45.031396739468256],[8.70792051340578,45.03026733653693],[8.718949816308985,44.99280762005725],[8.71249990899055,44.99138229165159],[8.694840199874347,45.021608192701265],[8.673771936154933,45.02255270611869],[8.659342418545299,45.01135546817532],[8.645502166870365,45.02160378325483],[8.64585005617662,45.03213621395486],[8.625613703306042,45.0391086248152],[8.639517797699623,45.054738586947565],[8.629305093100763,45.06676715171646],[8.6379670915639,45.07515896563424],[8.602582662663622,45.1054199632471],[8.6043659077893,45.12128289268253],[8.58490406524852,45.13004160879977],[8.575169928264149,45.148981619533],[8.549280368691443,45.1540518922638],[8.536318567607687,45.172154472931695],[8.539749562862612,45.18545988581451],[8.548126914942637,45.18999546992477],[8.50134652017375,45.19738483783974],[8.536378204515602,45.20601069811874],[8.513903371584231,45.221844002376166],[8.532481617820725,45.233134029242066],[8.506191255275503,45.24308694046493],[8.524911607382114,45.243846802262446]],[[8.55093003319923,45.19151279128566],[8.57101881558859,45.202382173709715],[8.559809023774163,45.20080619737428],[8.55093003319923,45.19151279128566]],[[8.668098698027451,45.82316580365908],[8.688490941984833,45.817917356457706],[8.70383840099146,45.83051471293563],[8.697059858962497,45.830873976306236],[8.693734624366574,45.838237390975536],[8.67494346078666,45.83122300353584],[8.668098698027451,45.82316580365908]]]}},{"type":"Feature","bbox":[10.386105190810296,45.67306257515287,12.477704031274008,47.09178374646217],"properties":{"reg_name":"Trentino-Alto Adige/Südtirol","reg_istat_code_num":4,"reg_istat_code":"04"},"geometry":{"type":"Polygon","coordinates":[[[10.96192900026632,45.68017125306587],[10.937157853060262,45.667786186318565],[10.904420903412092,45.68694127028991],[10.911062697747688,45.69892690228316],[10.887253971282169,45.710764559186174],[10.835155910636423,45.71476879254092],[10.861534809362695,45.76690122147461],[10.87665709467486,45.77563299094128],[10.86561526724484,45.78823841120657],[10.879466525630251,45.809867459961765],[10.82459781026575,45.832992664703916],[10.790158125262707,45.82834788284869],[10.773549020695876,45.83690638748885],[10.756932500539962,45.823753420078326],[10.734271092957925,45.83758933459544],[10.710160963197787,45.83104485605966],[10.699448329945989,45.83626012070792],[10.677236136179117,45.82579503213639],[10.659149445699272,45.82765461282006],[10.644274813189318,45.79309393105692],[10.632755234378923,45.80190058530329],[10.603454763135428,45.798754273217774],[10.564988854521843,45.77938083395567],[10.525717623562226,45.784426578035706],[10.528307519673499,45.79942721562776],[10.515743696193296,45.80493959674024],[10.5322862843803,45.81616523795719],[10.496498133178823,45.826763686658616],[10.495956324494207,45.86993334435331],[10.483226754355377,45.88378215652332],[10.489462961511409,45.902620526297106],[10.50143233280561,45.90786736041846],[10.50211684410905,45.92210802145992],[10.478083875607984,45.94380776099897],[10.481569492362683,45.96611874659097],[10.44713054292839,45.97319046725038],[10.44658145111371,45.99029269168044],[10.45244536144333,46.01291314946177],[10.478050151160783,46.02667193807718],[10.47432134977126,46.05807043395347],[10.512160148452537,46.082909938393584],[10.543088476461097,46.11862707959667],[10.542856655476733,46.14756320708817],[10.557764563162298,46.166437477734654],[10.533695698276997,46.1882807240412],[10.563737660812208,46.22411371427782],[10.56139911846695,46.235360849765776],[10.578658303642694,46.24681414212229],[10.569985580436155,46.27295108316921],[10.550066993144714,46.282155080091094],[10.57141002566921,46.29912186074807],[10.557962056758758,46.31232952994338],[10.558947784758985,46.32363938588187],[10.508428760273285,46.34071803595027],[10.513987822875897,46.35979302855853],[10.537927432442403,46.35970655132801],[10.563821254607706,46.382284916224066],[10.603884889151926,46.38364571700963],[10.623256936544264,46.40316339330491],[10.609566168194856,46.42840969507033],[10.614970800656124,46.446946680718355],[10.5965506319589,46.46481184825961],[10.573757771886738,46.46938827210685],[10.5460256272988,46.48790648346821],[10.472947489187321,46.49119818138271],[10.451840240850597,46.50868480124976],[10.446263481699464,46.53382205043902],[10.466656975029142,46.54592421141212],[10.485226343911219,46.61333569069628],[10.44410545971655,46.63639464266592],[10.39817984245583,46.631510831811404],[10.387816568968699,46.65374716556347],[10.380654503609456,46.68838902690982],[10.410185030418981,46.717613596729315],[10.391102955671059,46.733885262466025],[10.435603297225963,46.75517906615118],[10.435447137762065,46.76984393348325],[10.416130967978617,46.78952367486096],[10.445222937720702,46.807367778782286],[10.465852325592389,46.858912098344575],[10.481105988261001,46.8640079182706],[10.501183711484051,46.85206946829328],[10.560031153218723,46.85456178943131],[10.558584819172337,46.846543708300594],[10.668518005891174,46.88096855317938],[10.704200533330624,46.8647236419394],[10.700988317156826,46.85424715786587],[10.72606744961154,46.84153370180304],[10.758643779490503,46.83653941659233],[10.77106831029332,46.82328047029896],[10.75029557851479,46.800918949658346],[10.733899142560427,46.79541176504426],[10.735474911323651,46.79191288260876],[10.7560209231661,46.78984207131818],[10.790479765983815,46.80005958733412],[10.816054353843736,46.780586401278036],[10.841546876286664,46.786606110672764],[10.883782016307872,46.76813688552229],[10.922369464358281,46.77952661009958],[10.992812178906696,46.77167384064967],[11.015661409191946,46.77730381952315],[11.019390292919331,46.77428396580949],[11.034346397746518,46.808079300562746],[11.075885531890941,46.82438723091459],[11.06447028370396,46.85345354131216],[11.09475453020884,46.890658992886706],[11.088636780679215,46.914893644262705],[11.103537495537745,46.91945382786691],[11.110382623228935,46.936189454306444],[11.137990900726326,46.93239186359872],[11.15863391131075,46.9429250780352],[11.157844524868171,46.972088256772686],[11.175544680104684,46.96745645398123],[11.196098565063732,46.97562968617699],[11.208328840782178,46.96777176321089],[11.319742636815464,46.99732388898742],[11.336107246422396,46.99131813262482],[11.360004060336735,46.99522763287235],[11.402157100038318,46.97038848347868],[11.4379636124385,46.98017418343234],[11.476736942595842,47.016014883542425],[11.516254823414087,47.00860340270808],[11.53982014580077,46.98958844112968],[11.62809229467814,47.01777830091931],[11.666323305956697,46.99710642743628],[11.715036846565143,46.99751429418983],[11.7322999389471,46.97616149626244],[11.745248216476408,46.97385228787291],[11.779069321914797,46.99647714470402],[11.83401526084039,46.997323424608915],[11.913030987445294,47.036900097628376],[11.964618188674484,47.0446067566665],[11.975252515439786,47.05445352388562],[12.017806407642484,47.05140534451593],[12.040692631319544,47.06584751189642],[12.067473732229097,47.064525938060605],[12.091193466021434,47.08131332608471],[12.120659490878243,47.07914871460651],[12.18542889348783,47.09636159270804],[12.218369456194239,47.0899955892932],[12.250591020608024,47.0669460786337],[12.222343678146567,47.05558421465777],[12.209909727022897,47.0237316531239],[12.14985787222693,47.01995020437074],[12.128791503535803,47.00566863558578],[12.14345767816893,46.98358611005232],[12.138505549652724,46.964460201927366],[12.176643276057682,46.93841381399916],[12.154842203759737,46.91679490745994],[12.194471699057436,46.9100968605115],[12.217809675391154,46.88112034653007],[12.240422134717527,46.89611394987876],[12.280088513256661,46.88778392200892],[12.28174393112072,46.875353220562644],[12.298046214654867,46.867659248915636],[12.302016014963536,46.846795464261795],[12.316906620488298,46.84332225127925],[12.289996211122492,46.814813749493304],[12.300262946654644,46.80214564495004],[12.287618738841422,46.79044211777177],[12.288669966865026,46.787738524162656],[12.310224711495533,46.789304645774095],[12.36257534437499,46.778233414183916],[12.389210737197711,46.71934149917791],[12.445128835788653,46.69249082543686],[12.479406004578932,46.69085762758655],[12.485559929874412,46.67715739310847],[12.438236327248523,46.66456179105587],[12.40893918048094,46.63877386344148],[12.387516478114797,46.63853430984248],[12.392683372055311,46.61922876052237],[12.358293281278778,46.614704795054784],[12.338357030898765,46.62632907833248],[12.282803617101214,46.612951046036834],[12.26124628164986,46.62362628784736],[12.185026251366393,46.585428504331986],[12.187642865945815,46.61750067373201],[12.168791768096506,46.62963856259134],[12.14292767623571,46.629607154830175],[12.076640001806686,46.66497801805194],[12.080908965472473,46.64169638611779],[12.051953027893957,46.606812391701666],[12.052823206489942,46.58288177428958],[11.998239348737119,46.52443004568985],[11.984014896044076,46.54073214104624],[11.967733204823464,46.54025956009545],[11.954939816086037,46.53606509921842],[11.950143413599232,46.52441449774722],[11.912556657525972,46.5283782661888],[11.851094070380784,46.51275940017356],[11.821695994287053,46.497943713188505],[11.82021788141749,46.48178302124005],[11.88220341113484,46.47579817168604],[11.896510256825668,46.441019327610476],[11.872846298179276,46.4286504618172],[11.85513959620524,46.429489337869],[11.83856758443369,46.386837286268744],[11.843779160753229,46.35423161940466],[11.822140204417167,46.36901978430052],[11.818257978180977,46.363275958690934],[11.794366809165636,46.36335015384228],[11.784799798498643,46.358202507807256],[11.808667099510597,46.345077506967755],[11.809093535871712,46.336282231478414],[11.83693589267939,46.328535532722526],[11.848406209790804,46.3060504308092],[11.833512566888418,46.285095746560586],[11.841205709330916,46.27553010903517],[11.890285064442711,46.28434640929999],[11.897482931372426,46.2565756482351],[11.939226064939117,46.25230363270857],[11.917280722598695,46.22488862287854],[11.942267354127672,46.2034078597996],[11.968974829678402,46.204490254680934],[11.968708311754861,46.185694271432965],[11.956174935077284,46.17947151760362],[11.95815756569315,46.16373003096577],[11.933590388970678,46.169833804048],[11.927789815820487,46.14746461215542],[11.891406971707674,46.114863456388136],[11.814179159730225,46.09769409885601],[11.775631683311003,46.101913171523236],[11.757533321059087,46.08809771872791],[11.74725769012492,46.10046770934283],[11.721312204154142,46.09903484609157],[11.705933272431215,46.08548431957625],[11.691939736978624,46.08785357573591],[11.692831247347492,46.067459706685504],[11.718691912372384,46.04150612988135],[11.681669595676555,46.04157849972026],[11.67576278601183,46.03701262647304],[11.691491728166099,46.02905164810589],[11.67455331611456,46.01645630725988],[11.696650852316463,45.98968121316807],[11.69145891373522,45.96556193403374],[11.618981670818735,45.95479405546426],[11.623057304646302,45.96639742299851],[11.620278933032044,45.967017313949654],[11.582441076861894,45.9641113159448],[11.571728468110434,46.00289293869658],[11.538569106158562,46.008762537633636],[11.494014458328733,46.00432284581542],[11.449076199759288,45.97634292197366],[11.380980775516607,45.978778854769544],[11.387995463329007,45.937882316340314],[11.364613813617362,45.93891469831633],[11.36439798458942,45.922466408698],[11.352540971327628,45.91850606393089],[11.358881822035102,45.90159156602466],[11.319800583090545,45.91400502992977],[11.313169687004269,45.92132828533862],[11.306308849208405,45.91333933658307],[11.26565808168591,45.915764104549545],[11.26711024855255,45.90788581827212],[11.255930510528255,45.898174843129304],[11.26292316120269,45.881022944502874],[11.251201497231724,45.87850419939405],[11.245105405276753,45.85315960025753],[11.227801886829804,45.84620264878625],[11.22510590405114,45.83052120832203],[11.196147624068447,45.812196671832126],[11.212044904772725,45.77780754952575],[11.180458097811314,45.78137279299648],[11.184984660915656,45.73624079422682],[11.151587512045602,45.714557557328654],[11.144067607150655,45.694121587979545],[11.117576051866616,45.68124030737841],[11.11581415820613,45.69100568909176],[11.090684538946764,45.69066385123374],[11.069572486513971,45.69965780128593],[11.056191292410132,45.7114901670844],[11.044359115313037,45.701924121204904],[11.010077376043814,45.70110920254669],[11.010108382294804,45.70505113468176],[10.990889786621917,45.68558886469853],[10.960258408384007,45.67081873495785],[10.96192900026632,45.68017125306587]]]}},{"type":"Feature","bbox":[10.623645962452686,44.79068397067831,13.10212941061474,46.680462190726836],"properties":{"reg_name":"Veneto","reg_istat_code_num":5,"reg_istat_code":"05"},"geometry":{"type":"Polygon","coordinates":[[[10.624562075092637,45.61089915600042],[10.700387986566202,45.67894394784518],[10.838075279116293,45.838943885878585],[10.895623565344941,45.81333622234547],[10.879955226479208,45.78888368285588],[10.893267351588321,45.773679439022914],[10.872319871837842,45.76158776564949],[10.852480676382394,45.72240317121202],[10.89189578926262,45.719370073183924],[10.926475497739581,45.702174188629165],[10.919549032076214,45.68968286951552],[10.937760481938726,45.67902611821291],[10.956917140283098,45.68860285135726],[10.979029299414027,45.723563433266094],[10.982358521780942,45.722910720272566],[10.976356054062432,45.689391282780285],[10.981796557449627,45.692013749721575],[11.023023787687064,45.733747429347744],[11.022833930332634,45.71032952257997],[11.038404469792704,45.71069908543893],[11.056623100565782,45.72542631046521],[11.078086455560964,45.70644867230952],[11.094108038652205,45.69962310548568],[11.126960494797649,45.70006765166554],[11.127527962247614,45.696919703655794],[11.132970252047274,45.69956547707161],[11.140237590163718,45.7193249114613],[11.171897823736742,45.73988544466809],[11.16666246334612,45.791949893063084],[11.19356013815413,45.78891871618776],[11.181519318191082,45.81494324839857],[11.213053468592236,45.83490348065691],[11.215938972894492,45.85170740002777],[11.233561304187369,45.8587943338501],[11.237256246910661,45.87417135041826],[11.21594234388462,45.88024136474599],[11.247264188970954,45.88697947980032],[11.241880957051842,45.90017317877094],[11.253789609847196,45.910520650824246],[11.251010541319827,45.92557461256265],[11.299478396476886,45.92268899551804],[11.312878245126413,45.93828981574874],[11.32851861589137,45.92101814760336],[11.33977848789995,45.91744307372423],[11.337552870606455,45.923373570680816],[11.3517367293454,45.928112874102546],[11.351998233319371,45.948395776892575],[11.373526148112207,45.94744815531445],[11.366522330152957,45.98821031419721],[11.444058987327276,45.98544420767577],[11.46413167628003,46.00117354412658],[11.509596454824072,46.016566391576426],[11.582598109549528,46.01055375581218],[11.592726476936612,45.9738660251229],[11.621567260404815,45.976079036992324],[11.638276001789034,45.972350204731285],[11.635972988828748,45.96580051314597],[11.671223997089617,45.96866584774455],[11.679975705165537,45.97210038621931],[11.683380901092772,45.987935733027804],[11.658773836391473,46.0177387077063],[11.6727325272949,46.02812304790385],[11.657325825284165,46.0376353944691],[11.676245717790156,46.05049642863105],[11.694229588155629,46.05046379249049],[11.68018581632564,46.06454996058244],[11.678659881594948,46.09926446848879],[11.700986790976325,46.095487051631736],[11.714743446001789,46.107607869078386],[11.754271242170105,46.109790350992185],[11.75984659680321,46.1030792207851],[11.770820058851802,46.11145413249882],[11.813099618551842,46.1068285726881],[11.889384998599713,46.12489101660732],[11.915734595174134,46.15109600739635],[11.923677828008568,46.181748113247444],[11.94657955658243,46.17606199905917],[11.954073694061144,46.194900575456316],[11.936444430654637,46.19426223142168],[11.901884432313397,46.223967506061065],[11.919008444500014,46.24537292260958],[11.886503470838521,46.2486951220536],[11.880166502475058,46.273307393246576],[11.83484806129738,46.26518571346173],[11.819033679326859,46.28484497535553],[11.834509715499836,46.30662917556112],[11.826783194275903,46.3217687369225],[11.796552415464896,46.33017731265213],[11.796041605348575,46.34066266855808],[11.763992586345038,46.35827965879819],[11.789986958403022,46.37226986093324],[11.810109438325178,46.37220854633364],[11.818212325477573,46.38419651489063],[11.827034112004322,46.3781715308506],[11.82553452264566,46.387535127852416],[11.845471421080648,46.4388724830933],[11.868924606846605,46.43776303701287],[11.881730863558472,46.44445762570051],[11.872159014544707,46.46771284669864],[11.813375171699727,46.47245584394805],[11.803571230532153,46.48414783947625],[11.80973238438675,46.502966946307666],[11.848348738384415,46.521813909032105],[11.911231781739524,46.53752477047666],[11.940860856830156,46.53440224373982],[11.944146402742303,46.54238557548166],[11.964566852483602,46.549081280576246],[11.991094855460783,46.5498506306586],[11.998588840125702,46.54126321937159],[12.040188240293048,46.5859595634906],[12.038948834517244,46.60906015970318],[12.067562990375805,46.643544851980266],[12.05992454014176,46.68512967558926],[12.14731710137001,46.638518063557754],[12.173856731657025,46.638549103275054],[12.200863289187092,46.621157933081],[12.199431400334083,46.60366774231112],[12.261193688346621,46.63460483639102],[12.284866119349285,46.62288419302924],[12.341048325098471,46.636409574777396],[12.361907583908149,46.62424834718168],[12.37766772820723,46.62632209192672],[12.372055606302792,46.64726510580488],[12.402566622394929,46.64760930534921],[12.430260186680888,46.671986552570175],[12.47673459023902,46.684358503397384],[12.523585002136063,46.680764821498364],[12.568565530867156,46.65566317930478],[12.625721312982037,46.665716222190284],[12.644166343973314,46.656559090199856],[12.691931452974991,46.66060523313589],[12.74271210753628,46.633728588654584],[12.712966910256455,46.61866648389679],[12.715505561903848,46.59824145842185],[12.691028661632693,46.59572762786149],[12.659929397388476,46.56808858561768],[12.641373448015736,46.56817429183344],[12.626833275761594,46.54324249955778],[12.636036705097366,46.502847027389315],[12.659629565726839,46.48683023934164],[12.672381427036122,46.46159461038262],[12.622918406576652,46.470394525798945],[12.607690083990617,46.4587355950348],[12.571009713175593,46.47027409567856],[12.541840110128174,46.453148780871935],[12.535350168093963,46.45674560172448],[12.533976791289763,46.45113736177243],[12.49976707326972,46.423330269745435],[12.506034759440134,46.411161075852526],[12.471742333719083,46.38530922369101],[12.46356610419357,46.38621933488302],[12.470177047674051,46.36744829271131],[12.429573097095842,46.34652120327836],[12.426233100525977,46.34748531157472],[12.427997964692157,46.34183899392148],[12.415087094557997,46.326296900369094],[12.380121505980709,46.32712917577798],[12.360733726825353,46.317261235721006],[12.356976925616337,46.291882739014916],[12.329267228165707,46.2714441043104],[12.330287659523808,46.25629612656894],[12.342938887297244,46.242205435595764],[12.37715864584135,46.22782330854714],[12.406883482312994,46.234947377779655],[12.411775293980172,46.21178957225558],[12.452716329199218,46.2122883377018],[12.453584665875532,46.18174861495643],[12.502068601534262,46.15475751627648],[12.503622365433872,46.129081320623264],[12.489678864847358,46.10148122528033],[12.442096345686787,46.08157463222165],[12.406179594909217,46.04108271540788],[12.43468954797795,45.99648480045331],[12.428782299545631,45.95637267519578],[12.430872022573494,45.95147315299306],[12.457372385273782,45.95156849658546],[12.478413270883715,45.932383145801246],[12.511663809139895,45.926264502501795],[12.51452634669577,45.91293384935795],[12.535704873870287,45.90225619906741],[12.518419584990951,45.89663459865441],[12.537935168925166,45.88432514070074],[12.544135776158242,45.86729076040023],[12.542665136814403,45.866264305230224],[12.553976493433874,45.864595808715265],[12.566481966543778,45.846400621979114],[12.556955485436434,45.838447237197684],[12.559161603551372,45.833096056694615],[12.563273581201837,45.83950338833533],[12.587549987573238,45.82253284421381],[12.604350014617701,45.84641370604877],[12.618799379705017,45.83401976332069],[12.634675325390692,45.834567767548066],[12.669807412332096,45.79804209687111],[12.730191386813171,45.84399353322456],[12.743083034422975,45.833318435287126],[12.77860180421501,45.8600538686273],[12.811934861734654,45.846680124297926],[12.805507433781267,45.832879592555315],[12.809207693413704,45.8283529229649],[12.833194604366449,45.85149200739611],[12.860703634093673,45.85525668372552],[12.88283702069585,45.854541666961964],[12.876661636291866,45.83527062556476],[12.891123004484102,45.82584827888124],[12.923562571048043,45.83742074169636],[12.932979382002427,45.82275484084098],[12.945609652921943,45.8254717658137],[12.944936506325206,45.845604254964826],[12.964816332018206,45.853250135773756],[12.971948645576187,45.839790830552886],[12.987173889670965,45.837258505094944],[12.986019300203184,45.834721728154875],[12.989226989745129,45.836319871270355],[12.98792255872842,45.821496756016415],[13.00211455441921,45.81714315581908],[12.997551876568691,45.81125248428586],[13.00936027311677,45.81875696395123],[13.009625878411867,45.818618806810115],[12.988751380743347,45.78763988273484],[13.019804299251605,45.76306043965702],[13.009424608349384,45.75040692777231],[13.023011122445391,45.7429391936503],[13.020361546664475,45.737010272951224],[13.03391336752738,45.74431897076051],[13.042593095942381,45.70250364424511],[13.063180419289258,45.6963952549237],[13.05232918096179,45.68624417864254],[13.073574256662075,45.6741919924438],[13.070948765219198,45.662154105171744],[13.08358634991442,45.66361296649121],[13.112266878768722,45.640498903759436],[13.07674165180255,45.62801241158484],[12.911443295422314,45.610267912851036],[12.888395626902021,45.593396427052994],[12.739516626379544,45.527805556803884],[12.483658904039109,45.44559259018305],[12.427471407875313,45.41250788209175],[12.400947984025892,45.42398669280037],[12.365463455297057,45.39365604819981],[12.33686127614262,45.352352054484335],[12.335581073763723,45.34048997050007],[12.368415717571747,45.33154856887914],[12.330592988018516,45.328215072136096],[12.325015929615006,45.318877739561074],[12.30227223386539,45.2442966732538],[12.303351094032099,45.23892557372356],[12.327025934992836,45.23738812417662],[12.306155183754079,45.22030485307292],[12.312203610323083,45.19606077092425],[12.341310696731437,45.164726970697295],[12.332782748732422,45.131919167199406],[12.343045611363385,45.09167717980312],[12.448172180107411,45.01663240760362],[12.487476976029436,44.99721104130945],[12.517272946425681,44.99419415391962],[12.56276318967959,44.96591423587877],[12.514605924775486,44.92417194098886],[12.469970114944438,44.84052297836952],[12.432932820121533,44.827340352296815],[12.422797092802991,44.81902235517037],[12.428837790124252,44.81252464972717],[12.420240998570277,44.80105229521217],[12.397099703748093,44.78464827835406],[12.34778721092748,44.81452495843656],[12.335431452432957,44.84654416004128],[12.288628015377702,44.85691511674715],[12.275356314275568,44.91074962223753],[12.287488432365908,44.927160748587696],[12.278356580066777,44.936974744564864],[12.258355612783442,44.93796163377206],[12.226976761542527,44.9183083188843],[12.1843202994089,44.92225574694116],[12.169398023194734,44.93596723940318],[12.140696051719798,44.921595939184996],[12.109037799597958,44.956683364489436],[12.045933061772612,44.97263678034804],[11.963530187923707,44.982221729075974],[11.925843718964174,44.9702007678948],[11.806967622740936,44.97246856192738],[11.786783143262179,44.96012623744681],[11.751755931301972,44.953843533281436],[11.751026503335964,44.93310730868999],[11.73735875201035,44.92316434824731],[11.67403063165412,44.91068110849033],[11.621184750598335,44.88339073351395],[11.588629410348657,44.886923490863275],[11.579328514875282,44.91034851213613],[11.532562282104356,44.931681233097294],[11.421995579824063,44.92474718526903],[11.416125214875105,44.96076073647281],[11.334548691096723,44.9857094354881],[11.305427365606628,45.00834888120085],[11.269845244171844,45.014397074262135],[11.256662314631585,45.03201405370868],[11.258473811949521,45.046835402877264],[11.240468983741895,45.03744934210896],[11.209899147786837,45.053174370832],[11.169198080227437,45.05601975638038],[11.168304311747569,45.07629903966623],[11.177918911644083,45.083022888053556],[11.170344812020163,45.08591150333311],[11.171414991437226,45.09961567285088],[11.183668452125973,45.106387595605],[11.148734121330744,45.12008809116351],[11.129700010023042,45.097244310339015],[11.106749152730032,45.10625083626032],[11.102594818442375,45.089995106075186],[11.070277597452556,45.09459019710845],[11.020679349450127,45.12182367989598],[11.038606522970213,45.145699822550654],[11.027700070025661,45.145168114477094],[11.025043229605993,45.15153630891311],[11.012069420619653,45.14396011008023],[10.987972862548139,45.14656154181212],[10.99074497310895,45.18560910955045],[10.980407235484387,45.19581776146258],[10.943812948806858,45.20167949972031],[10.928527431660152,45.212484360554235],[10.930208069741182,45.22992291687372],[10.841448323787052,45.253176447062195],[10.834398051262253,45.270620561348174],[10.78242568647876,45.30926368183981],[10.738031708909999,45.28170803737212],[10.721848663284742,45.28894601944215],[10.723808651880326,45.31153070163934],[10.697667081520473,45.31201012796499],[10.707097672886906,45.331537118452125],[10.680783629412824,45.33909019393839],[10.679002635099355,45.355891728365215],[10.704905361168807,45.36858354529821],[10.68922594165652,45.37987150464973],[10.711182718167473,45.39819610261699],[10.709790898607407,45.41329684294699],[10.667986850817385,45.422456974273],[10.657494787269645,45.41069171855557],[10.636680681325315,45.41454974471216],[10.641753625113934,45.43541066647828],[10.623594651785535,45.433351071739295],[10.614766777618911,45.4464325115882],[10.641080698427974,45.45180893426764],[10.624562075092637,45.61089915600042]],[[12.986326475759327,45.80411529786556],[12.981170298369605,45.80723295711615],[12.980935572687915,45.80684858076159],[12.984105896437697,45.802703067292676],[12.986326475759327,45.80411529786556]]]}},{"type":"Feature","bbox":[12.320935749464107,45.58092671755747,13.918853096650253,46.64780981108897],"properties":{"reg_name":"Friuli-Venezia Giulia","reg_istat_code_num":6,"reg_istat_code":"06"},"geometry":{"type":"Polygon","coordinates":[[[12.334155722774819,46.2967243030264],[12.341078100679498,46.32549062721809],[12.373494023928547,46.341991928470165],[12.403082999012337,46.34129037478],[12.405567025228379,46.344281688080976],[12.396935408047899,46.37184572565089],[12.426573540115026,46.36329901829008],[12.44625673243501,46.37344518268979],[12.435395757262778,46.40423211613447],[12.463828472567938,46.40107310180443],[12.481757563394616,46.41459244136506],[12.475667392936218,46.42640457796843],[12.514027714428208,46.45760094486131],[12.520440563619976,46.4838146937953],[12.541427288281573,46.4721910075931],[12.567518476236232,46.487504324476006],[12.60232864088258,46.47655946553784],[12.615752682909697,46.48683525145129],[12.634125505696618,46.48357185926397],[12.615744257833272,46.496044249088186],[12.608499594469738,46.55262318061322],[12.62726970822451,46.582933593477854],[12.649555241833674,46.58283319991435],[12.679443979610694,46.609396850907274],[12.693822082361825,46.610875395654375],[12.694010266331137,46.62879617581463],[12.752865636138926,46.65806274527479],[12.801613808522095,46.652126724270694],[12.822632123349726,46.639635066532996],[12.843987577622887,46.64387660295145],[12.847673241196755,46.617144462268904],[12.850110402768681,46.61626084935484],[12.93194805076296,46.62079994045238],[12.952817967978929,46.61284417506423],[13.02434656576091,46.61236241533585],[13.047047429069446,46.606080692511014],[13.084434464313206,46.61223168084989],[13.175598532206998,46.59822577675361],[13.20007864958497,46.58234831951781],[13.227058428264355,46.57977514545825],[13.239290367500605,46.56570378519857],[13.269107452687182,46.57188790502297],[13.315489431337525,46.5642039961629],[13.339101356363305,46.58072779642318],[13.357747112853216,46.57892668077076],[13.360026697913703,46.593117669739954],[13.424255136166602,46.57820608466497],[13.423450822293342,46.56904841605551],[13.427722978156755,46.56814234941023],[13.471920046329746,46.56776327393344],[13.510938776846286,46.57922970589319],[13.526435778964125,46.55854493169489],[13.569655567178197,46.56310635954776],[13.577480684057347,46.551726109460645],[13.597308842254645,46.55674330756299],[13.679714103575995,46.53349119699547],[13.726903486972816,46.53327065108213],[13.732485265013239,46.503198220532276],[13.71929333700484,46.495259482246794],[13.725822758442646,46.47879545313014],[13.70947872519625,46.46437521554806],[13.700891466436898,46.427506625330466],[13.648201868667524,46.43559639055284],[13.604735471152742,46.42977289216281],[13.59165042402068,46.42090560214807],[13.577718978768061,46.39121811308212],[13.474289176357576,46.35099936524607],[13.457607148520259,46.35050381733577],[13.462863125315696,46.33554567253573],[13.449950263966866,46.3137673171672],[13.427888832997066,46.30943081926711],[13.411719617203262,46.29027728346887],[13.395828932534801,46.28924259040721],[13.411532474280248,46.25867524910665],[13.439980398002877,46.236031430690204],[13.439715332818855,46.23564736037386],[13.486937791714814,46.23475965990282],[13.56430213874044,46.21687805160137],[13.575243263066127,46.19850450633694],[13.588796965907976,46.20174838471693],[13.61353539987789,46.195551866288646],[13.632521282100505,46.20221351979087],[13.68101082485036,46.1853820616788],[13.656807767438403,46.13147119534286],[13.582911890552912,46.082445899103654],[13.517791609439048,46.05550508259126],[13.526365087729744,46.05410956231346],[13.521795819245227,46.03044931708647],[13.505721380044164,46.007508553749446],[13.49681328292071,46.00342873308553],[13.511844299226519,45.98822208297278],[13.543666382285007,45.97558484576899],[13.559739477681648,45.97747665669436],[13.584002140549018,46.0016582999134],[13.614446517938513,45.99511860187397],[13.636700521730925,46.00151995680046],[13.657809959856005,45.987193142882965],[13.65193096616664,45.932389694677696],[13.620737361706047,45.89258668978143],[13.605915117749575,45.884018928581774],[13.608009136981105,45.872942606794936],[13.589497649072001,45.84791210335714],[13.61101387276508,45.82286133197706],[13.61095952412442,45.8143597931814],[13.630072559106564,45.80790237807852],[13.67434361735272,45.81017687605992],[13.74237059457643,45.7690348917504],[13.80557386886883,45.75112400452362],[13.848029514292813,45.710873929218906],[13.849725317366014,45.690776047547914],[13.941709701044235,45.6294874032704],[13.88199685367934,45.60299885813285],[13.879047058314804,45.59117134605697],[13.847536751305645,45.572889605633755],[13.783369047727302,45.572621571866584],[13.744862296024955,45.58729526290537],[13.712005137795336,45.58272854953007],[13.702166638672422,45.61190074706102],[13.73074749829853,45.61959072855311],[13.732166731876669,45.61934815593991],[13.736964628001076,45.624802277389115],[13.724072408521668,45.62109712932522],[13.723201941022072,45.656089468560864],[13.744663305880309,45.65244334980859],[13.751502358788835,45.65626852859858],[13.741325803012568,45.67397651273839],[13.697002283717312,45.697439440244565],[13.697681928035271,45.70579256901494],[13.623797172792688,45.75943761773227],[13.592880882989117,45.76763303981926],[13.591707780300737,45.76165692830614],[13.553196419504236,45.76952636943743],[13.549509710691323,45.77293563357806],[13.540350574663442,45.76648628109024],[13.5404573644503,45.74642125273119],[13.56899299611824,45.73494512200615],[13.565023670154758,45.71338857984022],[13.534712746525873,45.71312646157593],[13.487006751860411,45.69304200789516],[13.478136345195761,45.695491322804685],[13.464196221101096,45.68218162359421],[13.428895609271795,45.667207859701804],[13.386498116327806,45.664793759305134],[13.365347049730408,45.67234966044309],[13.339760138903179,45.66983407072342],[13.285680253543871,45.69453365873557],[13.245065427812055,45.70162302150578],[13.239004336741488,45.708101525667374],[13.190429899658152,45.70134148082957],[13.162952088670776,45.69218807817401],[13.162409552880996,45.68480919633153],[13.122159415811273,45.65734616214718],[13.107156981418992,45.623024010201576],[13.075632477550538,45.64778987609221],[13.045910406394958,45.64435290353201],[13.051073102307473,45.66807856500141],[13.02346087441413,45.68373325308047],[13.030350557548783,45.69018438960703],[13.023588896941085,45.69218899713262],[13.018355608266338,45.71736918032827],[12.980528434607413,45.69693953616502],[12.998686765768973,45.73765021252219],[12.982203597847294,45.74670451503651],[12.99412170390322,45.76124588616168],[12.963887141364367,45.78516266284349],[12.968501008725823,45.79201952434795],[12.959689138770644,45.80353680196831],[12.94692466711871,45.79716672659453],[12.953568482194902,45.81179721588563],[12.921463176589294,45.80488825393176],[12.913481931121282,45.817318006149534],[12.887604623191274,45.80808107380049],[12.853550161042323,45.830266274997825],[12.856570320976443,45.839707108928884],[12.84533720356518,45.8381698314991],[12.807145029911355,45.80131810971373],[12.782672301319796,45.83125318392467],[12.786686081459548,45.839881159354235],[12.782642823327135,45.84150323183277],[12.74236024501944,45.811171296760755],[12.729608840264728,45.821734402432526],[12.668062313816389,45.774284545468525],[12.62397900966697,45.819477154405625],[12.6092741277338,45.81896800394811],[12.60864801226557,45.819505224964836],[12.607657903398971,45.79379351815285],[12.568068871531135,45.816873537657166],[12.551457260373265,45.800566362821186],[12.537107845104657,45.85206325086755],[12.500335551921397,45.85747780652037],[12.520835085401625,45.87179880264443],[12.519161007050013,45.876392791718125],[12.48075897716178,45.90059776724869],[12.494942713199695,45.9052167001119],[12.492943267268352,45.91451390425315],[12.466129315595708,45.91944508205343],[12.44696569833705,45.936917832557285],[12.410680717658757,45.93722276299813],[12.413399701482236,45.99375658791394],[12.382401298400787,46.0422099536349],[12.426854860974322,46.0923489205327],[12.472307052997294,46.11136983696759],[12.482373635846153,46.13130943433231],[12.481389647816624,46.147466560496675],[12.432671735855088,46.17457636721839],[12.432015831289968,46.19733602461324],[12.393581759690614,46.19686062001983],[12.389687240092718,46.21527337693338],[12.37465679571926,46.21166825640792],[12.32581491166392,46.232520827635604],[12.304058568195195,46.27068196952082],[12.334155722774819,46.2967243030264]],[[13.433718675355191,46.22695669609573],[13.428044907814314,46.21873095661901],[13.432613437165813,46.22003197080287],[13.433718675355191,46.22695669609573]]]}},{"type":"Feature","bbox":[7.49479106932911,43.77603383110579,10.071019413563143,44.676442408258204],"properties":{"reg_name":"Liguria","reg_istat_code_num":7,"reg_istat_code":"07"},"geometry":{"type":"Polygon","coordinates":[[[7.488287453228397,43.855894466065834],[7.498348925854681,43.878173115349526],[7.556816826717898,43.9033494431959],[7.5630332725799105,43.949412164769825],[7.647655026593989,43.97697678456959],[7.663900162453247,43.99897427362809],[7.656158414602652,44.031257135460976],[7.689493297458779,44.04350165134076],[7.708291588381264,44.064895029355384],[7.723820010153485,44.064783390635455],[7.732640422371822,44.07881257057235],[7.730181439800544,44.07875691505587],[7.715449675439572,44.09705314777311],[7.722349091470937,44.1305924137178],[7.775713690325003,44.144892878775465],[7.818034273910835,44.12738859605721],[7.869102082550267,44.12237863663936],[7.886110447796765,44.10949992191513],[7.927751111515799,44.115091518827796],[7.942977945440071,44.105638245859524],[7.971088705837037,44.118147163724935],[8.003170991270048,44.10771184904081],[8.005945158480127,44.10983195980094],[7.989285392602896,44.11748599724338],[7.99875207716566,44.120296544203526],[7.970738191397634,44.1317475162865],[7.980607746638414,44.14580484976427],[8.011528837190264,44.16116856382073],[8.045475507675176,44.14729354169669],[8.067210067051983,44.15086071860123],[8.090892128138789,44.18003613138064],[8.089515953840296,44.194831608156804],[8.05787626620324,44.21548171351207],[8.0736161903484,44.23912318983346],[8.054521271800526,44.25293829227356],[8.081308798879833,44.27402470221057],[8.058028818105353,44.28558002102412],[8.052998246617756,44.30195763291993],[8.075043580574588,44.319904773129906],[8.096861740549901,44.30894766384696],[8.100842071779356,44.336901099437654],[8.130677446814275,44.33660976295681],[8.138843248378446,44.3471174404435],[8.143654658294444,44.38793195911493],[8.18307384134907,44.39913490445159],[8.202817077052863,44.41292213006816],[8.214318025864447,44.43242448539924],[8.200341905745091,44.44739668337525],[8.203113133318878,44.45398196993547],[8.189259103748471,44.46232693334851],[8.191445472616346,44.480593665831684],[8.215099979290645,44.48798022990386],[8.209474456417956,44.49717524075365],[8.220640639285714,44.51828271501387],[8.254685487482401,44.53511763548409],[8.275171783778122,44.51085713836191],[8.307864930504113,44.506774686503],[8.324838251451977,44.492243754219835],[8.353733563882514,44.489652809265166],[8.362988349232088,44.47128124909359],[8.387106282804343,44.480117940588805],[8.398631648076039,44.512263710499404],[8.419422987664793,44.518350657155466],[8.447659636368625,44.503837826934614],[8.47147353652847,44.532075016283855],[8.481978558796163,44.51531814247165],[8.536293042073341,44.517905154482335],[8.559827821930714,44.50795490397025],[8.569464372781258,44.51170589861823],[8.566793525711223,44.52734983485685],[8.583813516077214,44.52849139033637],[8.604108638213312,44.543591033727346],[8.590205774427616,44.556261974909006],[8.621052817525678,44.59158464776583],[8.679316137686437,44.57994822330026],[8.687464454147937,44.58663156171599],[8.724729852659584,44.58410532806363],[8.764028164419509,44.536950703658704],[8.76275195832837,44.53499074097328],[8.773302627507848,44.52713778005071],[8.78004703823644,44.503520047360205],[8.775185535355028,44.49474361266766],[8.78045275339295,44.49352489946912],[8.790561458694857,44.501888400990545],[8.793049968889909,44.53275001937666],[8.822270458266097,44.54547224897479],[8.820107013023193,44.56649789170241],[8.859839343006806,44.565190544909655],[8.86776275023568,44.57301714755835],[8.892331807538875,44.55614200698563],[8.910847855252483,44.563518849717354],[8.90335786975508,44.611609265119135],[8.872886100614991,44.64056427205089],[8.9038356287828,44.65031464275155],[8.92749136412683,44.680619958542785],[8.962700646583679,44.6804809788247],[8.975465385256458,44.66803129976757],[9.017779087497265,44.670759839146314],[9.044740746297695,44.64252800570172],[9.04898312314375,44.62072422246838],[9.076710503961253,44.62877199037621],[9.109203712201882,44.611968909565604],[9.116210706326386,44.58517519552668],[9.137636430596894,44.57878958088316],[9.19340910172431,44.59593780077937],[9.199126887837888,44.61885554009689],[9.247119570729245,44.624526563128725],[9.264414253195957,44.61106737613408],[9.25690463231719,44.60280783221064],[9.276465117387682,44.60102386996385],[9.283465270542367,44.612022586078936],[9.302946842497901,44.61228521192465],[9.343372312672143,44.58328564646434],[9.361161540631173,44.59007781654092],[9.379341577844153,44.58261794195019],[9.404276113361927,44.60705165999627],[9.427322802880274,44.59499361847119],[9.42898555975567,44.578077526096855],[9.488619444289082,44.56617043157937],[9.510997727081106,44.53067051247638],[9.502358689269222,44.478421078462766],[9.474048451684284,44.47756119493767],[9.463676131879977,44.43901945855973],[9.45104959485494,44.435154213081255],[9.447098276327841,44.42459938639959],[9.476790993238026,44.42958687007247],[9.481313384260355,44.41908351413759],[9.490611779694428,44.428237173953704],[9.542188310703704,44.43043679553183],[9.557859743936367,44.4439893956124],[9.583084465823983,44.43272411199176],[9.6002002644713,44.44278569466221],[9.638782980432605,44.41813304418207],[9.659829100104933,44.41588825823302],[9.67948750970549,44.36940952165183],[9.710232800832287,44.37085710869969],[9.734020569921443,44.33195940797938],[9.757550156328396,44.326387081581466],[9.770339329878897,44.3072666263586],[9.806289581175005,44.2880651284186],[9.81495927639015,44.29132535334876],[9.858555948121403,44.27289631972025],[9.862962794357074,44.236389763241796],[9.882934690111853,44.225396809817745],[9.864267440144312,44.193498922491564],[9.866330993350713,44.189932456593304],[9.887645641018516,44.21193734592472],[9.912315413012278,44.21473412659656],[9.918943058531365,44.20349824071621],[9.94636781001712,44.1993055892485],[9.90784933257328,44.171059431415046],[9.97984878385551,44.17143125406181],[9.982425327010224,44.14097296991777],[10.002365949206045,44.11824936888459],[9.99098445948679,44.10007058142601],[9.992419911240917,44.09916855890198],[10.019506453029024,44.12465959905639],[10.050903631873508,44.11910707432937],[10.078871083036544,44.09371292442224],[10.020927206620955,44.03916494678215],[9.99624194458242,44.04556534491925],[9.978839257775645,44.02936649915586],[9.903495674324938,44.06789368586123],[9.901524864446142,44.07687257869169],[9.877892275523259,44.07656041910078],[9.851621789882655,44.1027087429304],[9.84718384090937,44.09874747144118],[9.836807899128672,44.10344056810071],[9.828032823704621,44.09471769988836],[9.854493040131365,44.06109726829197],[9.848655404188653,44.05447774056583],[9.862531494438551,44.056573267036114],[9.854343726995364,44.01012046572231],[9.817178063794831,44.05495207631337],[9.770226401005939,44.07240700540505],[9.754327536246485,44.08647498782559],[9.735543865537249,44.087202632374726],[9.720729334351269,44.10956182892152],[9.672751814980506,44.135352860723835],[9.650744959647492,44.140183643376815],[9.635537957920818,44.12642089134485],[9.603201818141589,44.15478411547964],[9.601361758024753,44.16769806058938],[9.563559158430872,44.17898487211386],[9.560256278345653,44.190974870645405],[9.50620730803164,44.21371300290203],[9.489081402402709,44.232493896227446],[9.442080545658321,44.234445165524356],[9.421143531530065,44.25311445002977],[9.399815831334681,44.25028764788959],[9.37232413779251,44.2872542345628],[9.237050475404436,44.34211428784859],[9.230072075768424,44.33121966854837],[9.219224160963261,44.32978200650022],[9.215431641980274,44.31137502493784],[9.230513049191025,44.28998658259901],[9.145762428561062,44.314164846425506],[9.148733722009306,44.34626685298609],[9.136404857069632,44.35729646457001],[9.056944468435404,44.37628885339349],[8.95050906399737,44.386889861746354],[8.932923434669899,44.39127157258674],[8.906138922888326,44.39275772258471],[8.898665755769839,44.3943449111257],[8.897899808310749,44.392990285790994],[8.819857926066422,44.40828372696858],[8.819892974188502,44.408261502743784],[8.802949746004604,44.4114053209569],[8.797171682500338,44.4070459400135],[8.738185918104225,44.4167803066486],[8.739293890674704,44.42032189002109],[8.697272564643956,44.40492152885738],[8.683652767595945,44.389345218449506],[8.643759019744394,44.38252978939694],[8.628178941105196,44.368122486693636],[8.576704988693276,44.35403241692838],[8.56738022623654,44.34279559653888],[8.514005560660356,44.32507104931617],[8.497736247121392,44.30411274103295],[8.455813742468843,44.284856638325714],[8.447588189779143,44.27320345863451],[8.462961603922853,44.2615029386244],[8.45100422842068,44.23023809436327],[8.434193031065124,44.23019929476413],[8.42267179475085,44.2201587066391],[8.431947269620844,44.192553616015665],[8.273623687448739,44.1359619719842],[8.232964155138644,44.07929787171513],[8.233482579927697,44.04744673290958],[8.224189796688327,44.03828067244498],[8.252221139963359,44.01029803768807],[8.252032059519697,44.01014970833563],[8.209823118612345,44.0288455701691],[8.169035711427274,43.99082871713048],[8.166255766869432,43.9744192995858],[8.182570899484263,43.95219465643973],[8.144831114853266,43.94296128867707],[8.132936360494924,43.923480695405594],[8.096068412136086,43.9120967320378],[8.077050064882584,43.8874490229897],[8.033018010281667,43.8801565160353],[8.018575315450414,43.868181125841616],[7.973526148323309,43.856678372431965],[7.952243713554835,43.84296010907752],[7.8505100590305705,43.824802163450755],[7.835098071873466,43.81121725778245],[7.805125597237826,43.81846215176333],[7.7569537622991644,43.80341017963134],[7.741552680359073,43.79085753566354],[7.702537726914368,43.79394709375113],[7.675427179278431,43.77105089208941],[7.577134056035304,43.78796226397372],[7.557485912814276,43.77488367345468],[7.524918913235145,43.78045544610552],[7.488287453228397,43.855894466065834]],[[8.812884738229748,44.41889865209933],[8.814814922740624,44.418528831764775],[8.823917694788241,44.41974708026142],[8.814361686854477,44.420012368578504],[8.812884738229748,44.41889865209933]]]}},{"type":"Feature","bbox":[9.1980365494465,43.73192431848447,12.755640592249431,45.13913153551511],"properties":{"reg_name":"Emilia-Romagna","reg_istat_code_num":8,"reg_istat_code":"08"},"geometry":{"type":"Polygon","coordinates":[[[9.199401642459328,44.66002570820086],[9.192161708642752,44.69102632760088],[9.23254318879555,44.69294117283595],[9.22348350278203,44.739958450886604],[9.226562998572415,44.74062232874301],[9.255450897960177,44.69752345383694],[9.30156204354568,44.70903259954048],[9.303103714213009,44.713234157490064],[9.304498012481483,44.71051056078315],[9.323342774740262,44.73362994418025],[9.279437058677674,44.75615485666096],[9.280082419455729,44.7755196237734],[9.310591188696156,44.78725284744166],[9.315379192127713,44.80340705148348],[9.34924199796697,44.815673087275236],[9.354917392896198,44.82239273127084],[9.341618576889708,44.838014402359214],[9.335212183817672,44.86697567005892],[9.321388303688977,44.874093469290486],[9.308425007084521,44.87045616894472],[9.281984323190395,44.87942860624827],[9.284701950753476,44.887560039914696],[9.268463171891153,44.89313034306162],[9.28425696830179,44.921154487777734],[9.277262510246182,44.93832066890418],[9.307692040330899,44.940504397524364],[9.315633778893288,44.94668338336908],[9.339669389801465,44.99859761863621],[9.359922590260561,45.00625319758301],[9.368410921024754,45.020632030723334],[9.363484998765996,45.0496724492855],[9.407600859346497,45.087876959427476],[9.429948823082789,45.08704479355575],[9.433026998207158,45.09755005903734],[9.501532121511254,45.10945283338839],[9.533619319385949,45.08593620355933],[9.54287224697551,45.092192975835275],[9.527779545035592,45.12307825860845],[9.549893430797253,45.14132635760486],[9.573775739302242,45.110982768068816],[9.587133310851522,45.10552028782983],[9.605712202031162,45.114515795128874],[9.613619818156069,45.13942890120277],[9.634006801087164,45.13645540336411],[9.64818314776644,45.11756104915305],[9.642744579421157,45.08790396972925],[9.679792874019258,45.082278060742105],[9.714767143988915,45.064497969723746],[9.742227676984667,45.08005457101729],[9.737440946671498,45.11503729640207],[9.760839887466153,45.118040245337575],[9.783736005247615,45.09351077527135],[9.819121034963468,45.081665530935105],[9.826661269698246,45.06333660424237],[9.826959537290842,45.06360760642054],[9.832051784721292,45.10125164430003],[9.865426639177484,45.098241183829984],[9.882838934661873,45.08116486164716],[9.890491737081986,45.083891084091576],[9.89308856095159,45.09393445672003],[9.87032521950984,45.11199152921417],[9.874678195589649,45.130279810808176],[9.91363460770517,45.14474933224113],[9.93000037624572,45.13888343778495],[9.926709565338033,45.10989297587279],[9.986734869855892,45.14020048178812],[10.036188088003035,45.09747527572074],[10.029449130459493,45.077572119799605],[10.053587906433652,45.06172633535244],[10.05619347494928,45.04740308130746],[10.086971099620264,45.052510530467984],[10.098229012210021,45.028177556519175],[10.104897941023829,45.027360148447954],[10.161837583879231,45.05046967540944],[10.188831275569019,45.033876898286486],[10.211598719887904,45.03944645133855],[10.260681048822315,45.021664755552145],[10.278092820989507,45.003067987282186],[10.310056646367448,45.004238383118725],[10.315011243023646,44.99052274515384],[10.355807595464261,44.97186001083512],[10.411171058352277,44.990422121670264],[10.442964495415392,44.94577889087483],[10.52192721171962,44.917575436551544],[10.5662284757808,44.91351066506106],[10.623333258941905,44.928341351615224],[10.689854354184702,44.998916979432536],[10.69822273841868,44.97332481583395],[10.727072195558495,44.99989774629959],[10.748577011670694,44.98231451696727],[10.750495918314598,44.952838356378564],[10.847462110875458,44.93190726774134],[10.868661424259836,44.935253362922595],[10.879658395464595,44.92296763036629],[10.913177191376018,44.93041283519872],[10.910523550869577,44.92717939900215],[10.915392311123439,44.92931495525539],[10.937626456690005,44.92729323990497],[10.946258550875369,44.93797894812591],[10.964017775783072,44.93956381754622],[10.995116071357618,44.960367384605185],[11.056273053570218,44.95426119388807],[11.070560034136111,44.96867667851349],[11.121388236455319,44.95899746917987],[11.154442842054053,44.938614103548815],[11.234399872954375,44.94964141803684],[11.245194692980224,44.958063399403244],[11.2694738252593,44.94584202023007],[11.279083927274263,44.96037337318659],[11.301061497201108,44.96770486162223],[11.356463040548647,44.95546560659769],[11.377028890546422,44.96313465122643],[11.43278992277798,44.956388361171754],[11.435581250775963,44.93533728674687],[11.468722550955341,44.9413723705058],[11.536185221224619,44.94123904668106],[11.590705316089064,44.91636749422076],[11.59908262139192,44.89526008205534],[11.613827015122956,44.89337482867455],[11.66831499236789,44.91935859709166],[11.730381151311487,44.93159514072451],[11.73790579071651,44.93706993715715],[11.738750965107677,44.96125342959348],[11.78061912465406,44.96876609347064],[11.804078317162338,44.982209725405035],[11.923176290434556,44.97970687282303],[11.961722562131381,44.992000827733655],[12.049232250400454,44.98182296090437],[12.11773541406082,44.96450308301213],[12.144365969385081,44.934988432215],[12.172111544267784,44.94887615045143],[12.191432997612454,44.93112359893366],[12.222719581169505,44.928228388714125],[12.253373473111107,44.9474264719011],[12.279293157285446,44.94841248572802],[12.30312953628741,44.92803772544047],[12.289190227224108,44.90919060390259],[12.300265058241322,44.86422678060207],[12.346170494606206,44.854050831012486],[12.361217497491698,44.81812692335324],[12.410855718442361,44.79232335860103],[12.377388909870543,44.77828557735013],[12.281762165556993,44.789740374409455],[12.283105743264969,44.797579381971026],[12.311116415176746,44.79594599068637],[12.292195444707327,44.802051189759126],[12.295975480496955,44.80897980916812],[12.362370735187248,44.79315769157902],[12.312950277974728,44.833924348542226],[12.306098558735068,44.83479480380608],[12.255133624810131,44.761351191837534],[12.247835283614835,44.71009560027704],[12.248068879608116,44.68746992907624],[12.288773696388642,44.59443659133471],[12.286672962527899,44.52010964038967],[12.298757440520227,44.48882593099992],[12.29627981407681,44.46350212346403],[12.363766553296074,44.27219183814755],[12.39928763610508,44.2146626793504],[12.526422890828325,44.10456560743709],[12.559088846358943,44.083091013556434],[12.578769560527359,44.083597905277266],[12.637375337902172,44.028443223534644],[12.692095338073134,43.991324598884646],[12.763648883814383,43.96734053833165],[12.735075308508476,43.923480180281345],[12.742048102289504,43.895106682990715],[12.73095237418255,43.88102509916032],[12.74287822093064,43.87018212077492],[12.727554622964632,43.85683927036514],[12.689026605122885,43.848974288353915],[12.688094379484575,43.82547212075872],[12.675275649151647,43.818657251191],[12.645567204538894,43.82170521924303],[12.628115880710016,43.81502960612855],[12.6026455451215,43.82927850700722],[12.610037027379885,43.84068959659793],[12.593770951782586,43.847850762383494],[12.595160998258216,43.859364833144895],[12.582451676974255,43.86111294614629],[12.58256926737024,43.879546749289375],[12.571739966592979,43.8779853511416],[12.56845299991224,43.86612874934053],[12.540006076621168,43.85819660061148],[12.516964171813687,43.874867206465055],[12.496007175473633,43.86658980543166],[12.479970220530825,43.89363721562581],[12.485866679068005,43.92025614799049],[12.507868051578537,43.942258474317654],[12.499575654654187,43.95750409247535],[12.508396809141953,43.983729565656766],[12.507738500650978,43.984393303066106],[12.43906244511283,43.95167984476735],[12.413828066791677,43.950956733480105],[12.42232790901939,43.931040392374264],[12.416718906491923,43.9084651464081],[12.446200624900543,43.91013780060056],[12.472503039126789,43.89202334180159],[12.449324856431518,43.86563645695717],[12.405887049406543,43.86753539479615],[12.398080732788129,43.84509396553064],[12.406160734522688,43.82525872167481],[12.391811741224226,43.81227645795881],[12.369894028245639,43.808792772726385],[12.352240136223912,43.794018091590516],[12.316654812713693,43.80035411112846],[12.291614515937775,43.791605472273574],[12.29050758680077,43.76087816546536],[12.259557571834783,43.75587533711747],[12.247406663025078,43.74441426947242],[12.227441117022435,43.75428098443816],[12.214171432193965,43.75260804917537],[12.196262480989242,43.72192316545626],[12.16192496907237,43.755682862208666],[12.143900934811034,43.747535662605806],[12.108882148945014,43.74871616166803],[12.068573962470117,43.734470333280484],[12.048993851848937,43.75259360179948],[12.006520362399577,43.761301041182136],[11.985680559285077,43.75648520192615],[11.947507815408501,43.77280154684665],[11.942404360385845,43.786154468945206],[11.913663804732524,43.78917308530065],[11.9058352314959,43.805652110712586],[11.896672988801164,43.80225499791179],[11.867551920928745,43.81142189220597],[11.840346760712292,43.80202508309636],[11.781902374133702,43.84276873508691],[11.728786503761038,43.858868165039425],[11.702926715130458,43.87541827540714],[11.709675211437037,43.91907579435701],[11.676362415811015,43.93257923533017],[11.683144197501738,43.95465477415293],[11.648426535010818,43.97196934862758],[11.637550938013037,43.99074974252518],[11.65586185461032,44.00638346321159],[11.646683193422243,44.02113942460764],[11.677725742271658,44.0256972503223],[11.688423128493925,44.03731219279831],[11.69423181314066,44.05761736615278],[11.742306951833024,44.10609920386714],[11.744586133751874,44.11655632438582],[11.681874888032059,44.11784788616908],[11.653800424279446,44.094577034605706],[11.614988088350751,44.113068959783305],[11.575539139692145,44.105217011557166],[11.58149926364481,44.12625707862556],[11.609593770518181,44.14540970263678],[11.608853468300007,44.153609490183364],[11.569917316820785,44.15581835164389],[11.56254514886455,44.16184588403574],[11.557706416064757,44.16125115413801],[11.548276510679107,44.14669265892505],[11.51290775508451,44.15297691203638],[11.44029173920303,44.19742238608368],[11.443962222883325,44.21852361881088],[11.422193813281988,44.23197101692777],[11.383445278962368,44.19444052484052],[11.344679742865498,44.20041926822923],[11.330396215544184,44.191741568428284],[11.322301722819974,44.17332862405864],[11.300295215207779,44.16818862874107],[11.284204976004004,44.15000103561553],[11.239700768105267,44.15384539574225],[11.202707964730541,44.14747564530384],[11.20273349040753,44.14584427579189],[11.222116552914818,44.13366432026998],[11.266240539068328,44.119369954708105],[11.271495190911285,44.10180072638465],[11.249780475618646,44.09250651389685],[11.208416695332598,44.09390929535882],[11.158374503997276,44.1073132524038],[11.130222191295637,44.104871371683984],[11.091613304147302,44.08493409953284],[11.04748151309957,44.08525876926222],[10.992302326698365,44.109281729571904],[11.00710927025076,44.12569912297315],[11.004326160338996,44.130350226290524],[10.975779320541157,44.11272703842559],[10.950102267313609,44.07834990369133],[10.911219837911066,44.056887939810075],[10.890982325481218,44.06237341584624],[10.897903937537361,44.078465579075946],[10.887592602720707,44.088427141643926],[10.868704918154169,44.09476813587366],[10.845365684723825,44.0927329198275],[10.828588746285734,44.11021131053643],[10.818607259348363,44.10669801833732],[10.768350582168932,44.131020014937754],[10.75068699874199,44.1491373570213],[10.660099169253494,44.14884248673243],[10.64600573624248,44.15381513050589],[10.630691518973736,44.1395166299155],[10.63102550333261,44.1163577167319],[10.590039606931711,44.109802023982944],[10.572596097585054,44.12824099644377],[10.518519023648183,44.15335892782725],[10.51621823218263,44.17294700884676],[10.50523185622307,44.18321072542741],[10.491853263120628,44.189678527435156],[10.466421067431677,44.17506185150137],[10.485087832134512,44.2152899850332],[10.480301006088144,44.21885391519322],[10.463543204905116,44.2259332843197],[10.427852072028326,44.222121666775564],[10.36870595976683,44.26440406955916],[10.340877434610583,44.26464724650802],[10.306615015566244,44.27877263062548],[10.251114456369887,44.26236414192529],[10.22137420472788,44.29619247494844],[10.185116454338347,44.31037747179681],[10.143483538144196,44.346722268911556],[10.096691806795006,44.34102940886647],[10.005585227683383,44.38529358490001],[9.981366038449032,44.40299219982209],[9.996722955689425,44.436714481460015],[9.992233864935136,44.44208585844144],[9.970680343774706,44.44318475694561],[9.964547578542884,44.460181105864734],[9.899772526300596,44.467664512566074],[9.825962702725038,44.46186879855978],[9.82325586707765,44.44973587061381],[9.763919606977147,44.404573714186725],[9.768704409499017,44.385323465334714],[9.750235556882258,44.384696332856514],[9.749012652174038,44.374656694351906],[9.718366119308161,44.37796090466066],[9.670932582207342,44.35706792995194],[9.649894701850918,44.40722393594199],[9.632869408372375,44.409206582598074],[9.601005043979713,44.430286916741714],[9.583914711170397,44.42119982968991],[9.56064994931948,44.431592643183976],[9.548657877262247,44.42122115996824],[9.497579148514331,44.41904571878619],[9.476488234211864,44.39827802616418],[9.46807690895523,44.41781347580562],[9.43760570969807,44.409936613827604],[9.431575885963822,44.43076137737844],[9.451793640304052,44.444712022075976],[9.463088225337398,44.486707778089716],[9.490593913447599,44.487546095681154],[9.497364696680382,44.52855004929782],[9.480750332869759,44.54433509014874],[9.483602148177235,44.55481936438343],[9.416455031096325,44.57092722921837],[9.414582763854499,44.589933599895225],[9.407140456696963,44.59382754730019],[9.383023148314832,44.57019119768465],[9.360926893154558,44.579260457407045],[9.340941320694657,44.57162779946723],[9.29757583676117,44.60273935733371],[9.292024905841002,44.602664599836615],[9.28443859976896,44.59074612283862],[9.234334017121649,44.595312975502985],[9.247817012769723,44.61015171736494],[9.242712887669223,44.61433852350392],[9.192643663563327,44.60954389763454],[9.199401642459328,44.66002570820086]],[[12.303248133713957,44.83515678728845],[12.290449873762629,44.83678106151059],[12.266166525486708,44.814722874154825],[12.268090491308929,44.81227900438588],[12.303248133713957,44.83515678728845]],[[12.180888115112161,43.801415520825316],[12.192205536954766,43.77775048853977],[12.197223029227478,43.77633582505284],[12.210628535634232,43.788030620342056],[12.228860509361903,43.79082910677489],[12.225469722909665,43.80066128053629],[12.218878930819065,43.79753745152833],[12.180888115112161,43.801415520825316]],[[9.297019921702521,44.69665001948805],[9.259233889471439,44.69187385969509],[9.263051809454717,44.686170783025204],[9.283317095096782,44.69135873643914],[9.293844573453297,44.687990112647725],[9.297019921702521,44.69665001948805]]]}},{"type":"Feature","bbox":[9.686700448591356,42.23824385377517,12.37135441647987,44.472707491373264],"properties":{"reg_name":"Toscana","reg_istat_code_num":9,"reg_istat_code":"09"},"geometry":{"type":"Polygon","coordinates":[[[9.697193790877895,44.35096310228173],[9.639347818263516,44.356540834444615],[9.71150095115953,44.39774701646332],[9.725378503663457,44.39625343264007],[9.726165271423682,44.40273273105616],[9.737693101970747,44.4031271055896],[9.735831648084963,44.410598308095075],[9.798672812214551,44.45845445458837],[9.803254284566622,44.47902474680182],[9.900443186034986,44.486664117910685],[9.985610830024072,44.47681888542112],[9.991308068483496,44.46101732536464],[10.007668956821416,44.46018059806585],[10.02533670631642,44.43903082859371],[10.011202086159129,44.40803367578517],[10.022383917958338,44.399858858142984],[10.102650025367808,44.36086123366402],[10.15402605742785,44.36710534234715],[10.202037038962393,44.32519091692227],[10.239798060754408,44.31041350007086],[10.26144900967158,44.28578480877202],[10.308503056941028,44.299687262209915],[10.347953650769863,44.28342659975558],[10.379569817892408,44.2831476796673],[10.436939348847256,44.24213914844081],[10.468794571137302,44.245537623383356],[10.49654464184107,44.233814425579645],[10.515924753536828,44.21937905296551],[10.507985070364136,44.207047986769005],[10.541465070184627,44.180714595633084],[10.543398347866974,44.16419600866374],[10.592488967893251,44.141384429657556],[10.59990572630544,44.129943963776505],[10.60366881040824,44.12924373645282],[10.604789788680115,44.12957939732596],[10.60455454042281,44.14538917154516],[10.634036085753213,44.17685712492742],[10.665018525651393,44.16779912571446],[10.750718928676395,44.17028275817163],[10.815185568938103,44.12998283438609],[10.819820519909674,44.12808195962036],[10.837242136372936,44.134210465716585],[10.85779863440514,44.11279680023444],[10.872927021898517,44.114114301914995],[10.904484781493,44.103519122192104],[10.92214752225198,44.08644966277364],[10.92980209513618,44.09079525353404],[10.955177877382575,44.124782635634254],[11.01422636095387,44.16122657527488],[11.036570611650099,44.12386914776224],[11.028875731756909,44.11534559948307],[11.054813526503507,44.104048415104124],[11.083381547612401,44.10383842181101],[11.120501199467142,44.1230049219861],[11.161494395113005,44.12656068221992],[11.213647030081304,44.11259383065977],[11.22460829584519,44.11222327678979],[11.207967577752546,44.11760999413756],[11.176820122039045,44.13717653716523],[11.176415350622795,44.16231321062928],[11.238157796667386,44.17294998803628],[11.271047856301145,44.17011222964829],[11.283366375593443,44.18403776057226],[11.301512056351951,44.18827842335847],[11.307827657820614,44.20265507801767],[11.337631182956187,44.220763575421046],[11.372515889980106,44.215388504323336],[11.417939119088201,44.259373145376706],[11.471600045295908,44.22622447009151],[11.467930566875275,44.205191766625965],[11.525059895250946,44.170214614287985],[11.533726811481694,44.168675338718415],[11.539877312239074,44.178172542588],[11.572448013574778,44.182175703251644],[11.58244107821663,44.17400574615081],[11.63338969247486,44.171107143792064],[11.636385312407262,44.137763056821704],[11.625722270685204,44.13050035881593],[11.649111646342806,44.119359877422816],[11.670311773202279,44.136929206481454],[11.774932193885727,44.13476563303091],[11.767057418221349,44.098720923185795],[11.718580786381153,44.04986004573534],[11.712856810876318,44.0298791138133],[11.69340683123418,44.00876787764515],[11.683752356166599,44.007352516612265],[11.68630572131422,44.003242321328216],[11.667683017339328,43.98735409407544],[11.669418222752704,43.9843551907879],[11.712310317870479,43.96295277110669],[11.705914228078765,43.94217265249551],[11.737394723417548,43.929402947925155],[11.730203119781281,43.88303241042429],[11.74227187420185,43.87526579002088],[11.796335718532113,43.85879413662298],[11.845350811149906,43.82462710501192],[11.867022346689172,43.83210901949737],[11.895740543020977,43.82307251238894],[11.920580552709097,43.83227642200389],[11.932972778874232,43.80618263705996],[11.962816654040797,43.80304320655311],[11.96963691697363,43.78518426631535],[11.988808166302242,43.776989103448074],[12.006036734430102,43.78096871034368],[12.06410017156805,43.76906456884997],[12.075994424761156,43.758055913436024],[12.10346851699211,43.767761746080744],[12.137041028950616,43.766632347520016],[12.163318979610441,43.778506844589316],[12.14784538984893,43.81072061242237],[12.171573624198032,43.82576753970418],[12.211881634781374,43.81817913019039],[12.227493749328026,43.82972994946516],[12.257323739585901,43.805418534189705],[12.25579536660119,43.77799893898586],[12.23780988109436,43.77191369357172],[12.241767089584265,43.76995870896703],[12.244774336743921,43.772794883522565],[12.285716603094203,43.779414779489464],[12.338803666815958,43.76236109249733],[12.386008231956628,43.721125878420594],[12.391155981290263,43.70002018541399],[12.354839677830487,43.68509763934988],[12.349670434474048,43.68846388225373],[12.35001014631152,43.653310861486574],[12.294903891372607,43.668985225184166],[12.276204482026328,43.661114380123486],[12.267552909180006,43.66279465422809],[12.24363962806196,43.643841470921366],[12.21470402301193,43.63568062482968],[12.285899038028496,43.55388552084069],[12.274474914921948,43.547019791166335],[12.213528050971789,43.589294081467564],[12.21256730315232,43.58300685968462],[12.180212301632531,43.55507405007033],[12.16513533687023,43.50286746300717],[12.136762114884823,43.52084625667072],[12.115893469430022,43.51775346829873],[12.11089502014411,43.509858030932584],[12.111379003175058,43.50846730954039],[12.165206702866943,43.487253751427154],[12.160551601296543,43.45998748841064],[12.116490540940395,43.448934030033236],[12.090199161359175,43.41830839414749],[12.062690427967985,43.423038764292485],[12.051317080200366,43.414895400409826],[12.09633099078995,43.41683399359256],[12.096051196547828,43.38545633462582],[12.106761664656805,43.388225400186315],[12.14025390869743,43.36640852864861],[12.155209774470482,43.343476903546524],[12.145365307950627,43.30780711342176],[12.147225319227728,43.30398702985477],[12.16609961446121,43.29920225337202],[12.185510546249143,43.33540596842864],[12.254974670574013,43.29549415167462],[12.154716153754444,43.24069038329552],[12.128193788785856,43.2410162558882],[12.095157278140475,43.21908204659073],[12.057382815379295,43.234035517817716],[12.059104451889057,43.22867093322588],[12.039353233475682,43.176944820615724],[11.99555974971062,43.167804405583865],[11.939987626974155,43.140005511340284],[11.932689090147745,43.12796261361354],[11.950797387098362,43.092875903234464],[11.945935633284282,43.081091790077764],[11.950634093035635,43.08546895214194],[11.986469692032877,43.07454794672404],[12.002754577604179,43.05227365690383],[11.968483988802497,42.974781799095496],[11.971055254132622,42.94781606357684],[11.954571227406262,42.912766710484995],[11.97759212466848,42.89789153612893],[11.9772809427055,42.858263662175275],[11.939926554379346,42.85604103793203],[11.926253020825424,42.83983067069747],[11.913498773454387,42.835243146941814],[11.91896193212044,42.81786792504679],[11.854425480675292,42.8243247642368],[11.831247384048766,42.814460386871446],[11.817801837433173,42.76487282799985],[11.77576840293512,42.79992623959502],[11.76987296621307,42.7951003450785],[11.76917607514429,42.79353552429693],[11.774241775846178,42.79194684697187],[11.792389195110179,42.768995517946465],[11.841799579569274,42.75356829666541],[11.815599749532533,42.69451020790377],[11.801063612631898,42.69318367229092],[11.802135755986129,42.6823373685864],[11.814741533489858,42.68000492063703],[11.829290392879843,42.65311029124295],[11.819756007262626,42.634179818312276],[11.783599340233224,42.62008081042133],[11.770891357843572,42.62211017043052],[11.744783627011774,42.59094595448563],[11.714853153249017,42.596055293673444],[11.699439368766534,42.58831787160569],[11.70122837303491,42.57048820498167],[11.666834883657549,42.56459441125882],[11.649495446957252,42.55100402183253],[11.633499675130823,42.55386275808173],[11.618871767354172,42.53976506845783],[11.601186693049257,42.55123559898798],[11.604712355031946,42.536937101569265],[11.584636257618454,42.525395408204155],[11.583365211630504,42.52262876652793],[11.634732595008629,42.49566316146467],[11.636708350951208,42.420509844082545],[11.547016512529527,42.427986391442424],[11.517777811980913,42.418908897057406],[11.50057604694013,42.42252351081097],[11.492546883340557,42.40572026734541],[11.468378623290167,42.388190770773434],[11.468498497922054,42.35855268770055],[11.348516743602062,42.38707801394149],[11.281712813657222,42.39181121322864],[11.26439062139157,42.404126979155336],[11.225860850049935,42.39861130379404],[11.23961089179543,42.36239111488407],[11.209398974839964,42.3658219107119],[11.204598933341867,42.34675269061904],[11.170662895864238,42.35285984810369],[11.130750536563262,42.263459116403425],[11.156679695586886,42.219760295989495],[11.140098414723727,42.226617403114524],[11.171347920324035,42.185675865993026],[11.152693709229625,42.176176771589304],[11.063003177782186,42.25976599395541],[11.093743769871894,42.2711578376682],[11.13214764998355,42.3611886861578],[11.128462148257167,42.36693076309044],[11.082279649852756,42.38346099693813],[11.077195183540738,42.397628881409446],[10.944227909417242,42.34750300945989],[10.952105373677709,42.328131719359746],[10.916983299449864,42.29758572805706],[10.872113079833756,42.33932117969903],[10.847064656901678,42.343268172291715],[10.850459698278987,42.384611233638324],[10.861935665461035,42.38350179096195],[10.860295011576069,42.40799230323693],[10.916742448989373,42.39480435287761],[10.931518559597185,42.37485522344379],[11.074631619555612,42.42997053900641],[11.098493990408942,42.47171451407797],[11.130199193487712,42.448446700774745],[11.149438817090385,42.448420485202035],[11.16873651780338,42.475888178127654],[11.17015448512701,42.51750860529374],[11.148935733697114,42.5459110405658],[11.135092239414819,42.53054543652036],[11.100632804848969,42.55878482198535],[11.086074928242425,42.593427253102945],[11.062105930077971,42.607754182239425],[11.064782090451375,42.61959706850198],[11.013256742517726,42.64148006763941],[10.907652922009312,42.57361741888919],[10.960795959664315,42.5015858924642],[10.93671960685889,42.490592211768856],[10.853419446862848,42.58135376167029],[10.987263279052389,42.664632297433144],[10.966590299459593,42.705533572361276],[10.940042897343586,42.72579690453052],[10.904968879094941,42.74040521364512],[10.776755223536156,42.76279302849219],[10.694726313053529,42.80604455202092],[10.74491467618334,42.819752198049706],[10.751481051296514,42.8283776224375],[10.75686116497318,42.84415002004621],[10.749591318366035,42.872549452464156],[10.7653562373291,42.889723125152024],[10.760501010857343,42.8980210170953],[10.691240006328057,42.93137351951576],[10.592870855246323,42.94014504367777],[10.571838956098983,42.93655963684696],[10.566587295968713,42.92801958931538],[10.560892532579281,42.92636852845647],[10.568391070329692,42.83988264447757],[10.481049770074517,42.850323962440015],[10.45898878074549,42.83725673195969],[10.450875074864587,42.823672355831924],[10.452697775907065,42.765872422528766],[10.423084422242518,42.75673541940914],[10.425054282884021,42.753870940452416],[10.451897335057101,42.74288671228204],[10.449671731069483,42.70210193378046],[10.398632369880904,42.69066699867493],[10.39637586642041,42.69962905657101],[10.379888765136075,42.7035546101731],[10.344505499325841,42.68977070840492],[10.346979431482094,42.66682394286722],[10.326508494452556,42.664230420104666],[10.320714418379316,42.68049203364479],[10.287891774975305,42.667676959195305],[10.275552807215885,42.68227178984034],[10.312795701185808,42.702701524740704],[10.30235566978065,42.73195582788428],[10.290802260867782,42.71738316271531],[10.255751952689698,42.72846949896191],[10.253768244155005,42.70806530841083],[10.18656478930306,42.722180672227914],[10.153777876880637,42.71950281324117],[10.101205002757915,42.62108359150321],[10.109619398661053,42.59991117724648],[10.133689805307577,42.58400142677479],[10.107327041039293,42.562846774976194],[10.08565458956623,42.37117769773086],[10.278781379786565,42.35139266874596],[10.28681936756841,42.363551674284906],[10.319023425126694,42.36500126129303],[10.34589092346543,42.349043201209255],[10.34950375793241,42.315783744480534],[10.320610750013767,42.29981074697251],[10.2838653078689,42.302852569768795],[10.275109035440874,42.3215075777946],[10.043045962904397,42.345238884181185],[10.066349534914966,42.55770218054053],[10.038556214047347,42.56176516480156],[10.020310302220002,42.59464524067381],[10.059786595383866,42.60166345629221],[10.062327733228571,42.60474800149379],[10.059600084788745,42.624896879649654],[10.116374512640016,42.73086456281896],[10.086389265393183,42.75810528307143],[10.089254100001511,42.78805562917293],[9.78557305256054,42.99878694225447],[9.771641942565857,43.021606271528995],[9.782906081590356,43.06059046823206],[9.824911097348528,43.09218713425945],[9.8558364071733,43.0711527742212],[9.85490214871294,43.05791081738879],[9.874604821262045,43.0514534318269],[9.838499648813109,43.00694379011551],[10.113064952414094,42.812741691679726],[10.135292518349937,42.8236576252541],[10.169643962088477,42.820664378146795],[10.185111236974558,42.82879979341347],[10.232067991886591,42.80791396210254],[10.233302821706763,42.81041949519995],[10.254367387721372,42.814747097056014],[10.254688133892344,42.815561925203966],[10.200197480821958,42.86752842153748],[10.299685869633535,42.83257105255421],[10.313849076192993,42.83248480008796],[10.343005150213768,42.88317040344104],[10.350873553142902,42.829544603729744],[10.364781323713304,42.83687390807649],[10.400942785759739,42.8876824004581],[10.465714112568703,42.883800544620414],[10.44127818970365,42.86615482259751],[10.44153309453609,42.86601762011488],[10.468190626764477,42.8836326263883],[10.525066349867823,42.87622985968925],[10.518550152683503,42.91200208695753],[10.505377562445451,42.91856613716642],[10.479866567590305,42.91676257062992],[10.462864944929072,42.98748357532177],[10.490763910848178,43.01391290985321],[10.49168459469454,43.01344520322059],[10.4910459542984,43.01772310510583],[10.504512640861645,43.026623849428965],[10.512989754950109,43.05456783394714],[10.520929691164456,43.134243996222125],[10.515751054755421,43.19830582414317],[10.487157508921543,43.28006687790231],[10.443259011270733,43.314057170248375],[10.40886662095705,43.39004047500882],[10.391496332843586,43.39997538028779],[10.366307612849111,43.44063736237503],[10.313759313918958,43.46520653971317],[10.301076872404423,43.50532412691119],[10.278283167679284,43.53563027861258],[10.276832791728172,43.53556907000783],[10.267500484848926,43.53089003666812],[10.268843889191373,43.53523155356849],[10.225174150578077,43.533375528155396],[9.923357508844179,43.42371811418047],[9.910267511879638,43.40198138025434],[9.867356029817282,43.41540664162772],[9.87761606608074,43.45088377806702],[9.903276850725812,43.44985688388165],[10.212813881786172,43.56275883599069],[10.27853779149012,43.56653938142312],[10.281264142796884,43.57533812164786],[10.2527015091927,43.673455571445444],[10.263519060991248,43.690955911301685],[10.258656183234233,43.73603655225847],[10.218890587236686,43.86981601654721],[10.174073467036008,43.92560945771664],[10.123596597587914,43.97093985350795],[10.055274794072673,44.01555933467065],[9.988861935868256,44.039931867979455],[10.048328811816518,44.09221274451889],[10.04871112832536,44.093702139381044],[10.03725349874503,44.10266793689043],[10.029514671751171,44.10403684978045],[9.996111029726167,44.07259305319776],[9.960154437673511,44.095186184792105],[9.973665322511941,44.116789136779495],[9.957552298142867,44.135138223386875],[9.956034142583837,44.15299876433095],[9.860999298840357,44.1524754039109],[9.860709138804145,44.15217544985103],[9.86053727611928,44.15247264655203],[9.846893843271673,44.15239029334352],[9.856500403453865,44.15945249283016],[9.836774609162445,44.193531555072745],[9.85192051504277,44.21944062188572],[9.838672227124674,44.22672832387465],[9.834414829373594,44.26187906991595],[9.814242665059561,44.270405466686086],[9.803938373717658,44.26652886202753],[9.75019192317334,44.29523551326398],[9.739363269455476,44.31141876542341],[9.714707845006343,44.317254395701504],[9.697193790877895,44.35096310228173]],[[9.895444325578449,44.18805453813593],[9.899081864725904,44.190723862193515],[9.898664597002737,44.191377945379564],[9.895444325578449,44.18805453813593]],[[10.341418025668407,42.718383366188476],[10.356070738922895,42.72640501757977],[10.343080519317077,42.748813159668494],[10.340561661234483,42.74964246229754],[10.338088137799007,42.749211519537845],[10.341418025668407,42.718383366188476]]]}},{"type":"Feature","bbox":[11.89188730409445,42.36418090994415,13.26420751654157,43.61734435669376],"properties":{"reg_name":"Umbria","reg_istat_code_num":10,"reg_istat_code":"10"},"geometry":{"type":"Polygon","coordinates":[[[12.178960339295104,43.27656763338325],[12.127778443682862,43.289545003126975],[12.119531191697753,43.30647026661983],[12.129080641225054,43.34113052912081],[12.119909808563394,43.3551831070488],[12.101217761293588,43.367358447774365],[12.070845553343784,43.35949759844059],[12.071166755291134,43.39740173826794],[12.02883338817173,43.395568011039465],[12.018114840573945,43.41618843992509],[12.054958698738128,43.44317368583026],[12.078507280887047,43.439128084271886],[12.100000654026205,43.46416644697605],[12.136429530662253,43.47331089120707],[12.135107779234957,43.47956576964872],[12.086016899545488,43.49851801353358],[12.08947598091534,43.52426971086426],[12.09918850334114,43.53396979194447],[12.14382208340543,43.54058458840884],[12.149394771734706,43.53705550660598],[12.156917750009857,43.56312614684929],[12.198834328244379,43.60948504259054],[12.216370814022893,43.61723084304279],[12.229416821942426,43.59789010714376],[12.261133465388184,43.5934900472975],[12.289914112324809,43.59975416052834],[12.297376566109666,43.59317773125118],[12.309331853121558,43.60569420267385],[12.354328217824463,43.622139104805925],[12.40920197067556,43.60769709697312],[12.429355453188265,43.615829047472566],[12.439953175742382,43.58410846457989],[12.371510787601181,43.603456077857686],[12.367863856046062,43.596528338413464],[12.377188726700583,43.57873387507861],[12.347589541761185,43.54882495309792],[12.323419401624328,43.54524126317458],[12.331401603910377,43.53231919254286],[12.345392586452142,43.526522100784284],[12.367497992188405,43.540475789848976],[12.39423979705518,43.51644228333383],[12.413463711617718,43.538284546787516],[12.435113201491406,43.5435966089152],[12.46020431901359,43.52244768394295],[12.479784344979386,43.53254015080107],[12.503683694986032,43.52510814650776],[12.568662442734524,43.462936045399736],[12.625724029572241,43.42913420408676],[12.625714884312801,43.42861259034178],[12.633914269692733,43.43544445395306],[12.663400836988867,43.44152279251818],[12.704386614979613,43.430625491889984],[12.709597857383214,43.44803595585686],[12.729356270703702,43.46666548136126],[12.775064191396885,43.46141816899083],[12.784490241635798,43.449148650415914],[12.772320034043192,43.44299678043908],[12.771729207871129,43.42862227621195],[12.786454660975064,43.415129098508025],[12.77953153385375,43.39894644945561],[12.753424268338492,43.38806414662316],[12.7548847468373,43.38045605209232],[12.804723916455753,43.32651455497897],[12.80719188006973,43.29337664990994],[12.797851876777282,43.28438577332302],[12.830278320932376,43.269282805704336],[12.842079404228441,43.22043221769125],[12.871664239203035,43.208637120950335],[12.86841735703372,43.1637930930899],[12.836982393948801,43.144216730506365],[12.847082693296288,43.12669833120825],[12.886681254519146,43.125525508387504],[12.89070028381218,43.10220228884031],[12.903900235848612,43.09559292378773],[12.896358584080923,43.058914392347134],[12.913595670234619,43.03538508255378],[12.894946837823934,43.00992879702831],[12.91504937464131,42.985636336457134],[12.903524497340921,42.966391591163315],[12.953832456783596,42.94411670627253],[12.954986429615126,42.93371237735319],[12.984075852305464,42.92960390822315],[12.97457544778532,42.90054472247402],[12.981074314080592,42.874677015408494],[12.9850828722331,42.87498310820261],[12.996309655236182,42.91417918634396],[13.023685419022483,42.907578156107085],[13.05528136034035,42.92646019435218],[13.076483864016724,42.90723872689594],[13.116449361851759,42.89278625371838],[13.163627723721422,42.83705070513374],[13.209303178861928,42.84577522588785],[13.225797227251405,42.85670518282621],[13.23291785717576,42.8806850706017],[13.25335604246785,42.85164894648592],[13.27053900964666,42.80920065308904],[13.2510262106084,42.765634682194616],[13.235420263480522,42.750534400397335],[13.230205895800298,42.768361490942944],[13.223059696187738,42.76824164906996],[13.200065306031473,42.756096976861215],[13.196659837578531,42.70915992326879],[13.180141548003476,42.68718008642558],[13.18695673822876,42.676964482508986],[13.144739098526522,42.63901810311786],[13.12765053240684,42.65467350941356],[13.122515885359899,42.65379902974727],[13.113742763665698,42.63868110827016],[13.06276424044688,42.618339842168325],[13.032245853006058,42.624041618902915],[13.025700969395631,42.63035251519855],[13.015074282055417,42.61251147817684],[12.953331725097696,42.61442425240892],[12.941881466640046,42.611709330252836],[12.933403940381009,42.597279700161465],[12.892144092445056,42.608112831049134],[12.88653908968966,42.60155677703389],[12.899885800901336,42.56050029834568],[12.850897170245128,42.548833456507275],[12.82047079028237,42.52854646372687],[12.779292094505287,42.527026732958376],[12.779615435407216,42.50965874341551],[12.721276074250614,42.49816793861608],[12.749847205437465,42.46974883798999],[12.72674220729769,42.45588472572163],[12.704985558552162,42.45637460354643],[12.676803605332259,42.437861930138084],[12.644787865892136,42.438998314086774],[12.63660028102516,42.46282527939461],[12.620815686060297,42.461206326479434],[12.620891525338724,42.41323473326972],[12.610626261913408,42.40049008025324],[12.572131182879364,42.37849187612775],[12.551631756583076,42.3779259245566],[12.52531304540146,42.356998410225515],[12.506908548811083,42.377696574411836],[12.511797665812843,42.39602951927781],[12.508745570517123,42.39873766925774],[12.450462331474835,42.3915499160542],[12.43150377934257,42.39888325952677],[12.452816907113768,42.40687536785215],[12.455652340482711,42.42025136365332],[12.451563949685575,42.41840105235125],[12.407647550047429,42.4215317154997],[12.407677377472643,42.45873393694953],[12.422851703757994,42.46132801614809],[12.422791370508923,42.46148322284792],[12.406300913356828,42.46390781614557],[12.406930187198043,42.48109971707518],[12.419042045118868,42.48770251497384],[12.418017977613198,42.48859136644109],[12.394193635816888,42.4936172351699],[12.378040785348093,42.47750134554917],[12.349699476886151,42.46826937438693],[12.324785653234619,42.48860307218112],[12.31575727133141,42.48306908639565],[12.271538529136434,42.48988138776067],[12.297226336407897,42.498743284518014],[12.288082916024619,42.505897796248064],[12.268182077629717,42.50410406194024],[12.269853227033568,42.51947335235168],[12.277541383644092,42.52106125668813],[12.25761311126762,42.53328324768849],[12.272158092814278,42.54326090079374],[12.269556599958113,42.55685750020549],[12.23241747950686,42.569373186785676],[12.234781082753086,42.6001967583913],[12.221691511678392,42.61042691795698],[12.234550842178452,42.627199362305646],[12.219177165001888,42.632971809297935],[12.220597725487705,42.641873867065655],[12.200736884021778,42.656807529716296],[12.16332316429617,42.67101379917989],[12.150022728365652,42.65429015403419],[12.135650276238527,42.6565681696287],[12.125365812499492,42.64116145922485],[12.106370218655032,42.65803116955549],[12.096838117178622,42.65086887312832],[12.074698143174865,42.65212910209359],[12.024169292099401,42.63660430254236],[12.023836398440594,42.64808232146895],[12.004121572448163,42.65853036762041],[11.933386602788726,42.680956071505406],[11.94090286062799,42.69380974880204],[11.918853339289162,42.70148013841003],[11.924936246983739,42.715661083816634],[11.963987972382801,42.7375343697134],[11.97560079176312,42.7543263434107],[11.974056797950462,42.7614346591555],[11.922827627184137,42.77750460666894],[11.88408235839971,42.84504585213591],[11.909008336734313,42.85401645718766],[11.925496554236055,42.87356686461182],[11.952643384573959,42.875186855408266],[11.952750818348704,42.88962977560729],[11.9256689633582,42.90711888356113],[11.945957920130615,42.9503070970074],[11.94339238079815,42.977092455527874],[11.975885511695067,43.05019629939481],[11.96926873911211,43.05979000354261],[11.959927787053466,43.06282715161826],[11.951712447499402,43.051023629413585],[11.932217285632003,43.05155660402319],[11.917178084818776,43.07423531170386],[11.924344469916482,43.09316964054788],[11.90563749316454,43.128799552615575],[11.929247986181128,43.15867309564051],[11.984963015267711,43.1846434850237],[12.019138224919656,43.19177991065556],[12.033373655475872,43.229096915064034],[12.027007866101481,43.24889897749683],[12.048766975019191,43.25823140411158],[12.091463443091047,43.24133961785728],[12.118749749473082,43.25945244712694],[12.146624850689488,43.259112418890325],[12.178960339295104,43.27656763338325]],[[12.181538189675715,43.27795829277004],[12.213584035005493,43.295234740574735],[12.196408595141568,43.305693014725925],[12.181538189675715,43.27795829277004]]]}},{"type":"Feature","bbox":[12.185453636702121,42.68715607151437,13.916724724800758,43.96863512464329],"properties":{"reg_name":"Marche","reg_istat_code_num":11,"reg_istat_code":"11"},"geometry":{"type":"Polygon","coordinates":[[[12.327027393490258,43.694537614266494],[12.323929758684299,43.71142036207187],[12.346853773777502,43.71457644487466],[12.357793093969267,43.707455718365374],[12.362888508062847,43.71000340497629],[12.323423048761544,43.74744975836593],[12.277407153212872,43.76037485742391],[12.278953783644857,43.79739440236346],[12.315219918316055,43.810161851210545],[12.347700611835787,43.80438063052892],[12.363025846055566,43.81720612405486],[12.384675432568176,43.820648194379494],[12.392024902536622,43.82729886687478],[12.384798804707339,43.84502635891194],[12.399924913941376,43.880843229223174],[12.442473797763338,43.87554960834075],[12.458358501756194,43.897393425143896],[12.477066426789182,43.90123458382931],[12.491564363939528,43.90056648594055],[12.50245018645472,43.879708804057735],[12.519210679578004,43.88632629519384],[12.543135769931478,43.86901891234959],[12.557315522813708,43.872972780717745],[12.56089381432975,43.88588761617519],[12.595419192916976,43.89086433195084],[12.595273361881729,43.86879348583179],[12.608896667646956,43.86691809721691],[12.607187134057167,43.85278738921115],[12.627480921727406,43.84384959203516],[12.617368696736074,43.83392019503743],[12.625317896068818,43.82627715489131],[12.643842025993614,43.831294998421924],[12.671397590849484,43.82815523341768],[12.675516260310935,43.83031307662458],[12.6765324401895,43.85606805030134],[12.72027445084129,43.86500065159318],[12.726386781463543,43.87032415265666],[12.715549681860724,43.88017318314271],[12.728653434049512,43.89681015896788],[12.721744585050201,43.924895446681944],[12.74892751710892,43.96192563531852],[12.740031596659943,43.973601802436924],[12.799500786835894,43.96933785743547],[12.894299122458023,43.927460519551865],[12.909818453377909,43.92724989557846],[12.99012133679167,43.86861868044892],[13.054295229693938,43.83582460843352],[13.289618989216818,43.682680318203545],[13.456030033329668,43.61459678056668],[13.479020830467585,43.61150586192769],[13.49401584952932,43.62645058735116],[13.496877914579962,43.624769469350674],[13.48710009206565,43.63163053894446],[13.508397095638568,43.635143927761355],[13.557996583700747,43.60486500210199],[13.580259526956276,43.571981408456324],[13.631524701040195,43.55290604911222],[13.62924461047272,43.50302547400342],[13.810672179221413,43.17447122328077],[13.814623013417249,43.180877787026446],[13.850335473676083,43.09778466870503],[13.885661677624503,42.967730974097734],[13.925101274552052,42.89027179388053],[13.88137688513452,42.89041524775004],[13.879643217131761,42.8853021479005],[13.821560528086707,42.874898445227466],[13.779916354793778,42.85630559774958],[13.724226003765056,42.851191847258285],[13.711729472998638,42.84644196344278],[13.704463386393812,42.81988090072253],[13.665661293466936,42.803049284566484],[13.632696233013746,42.79855891941606],[13.622098077794442,42.81117996464696],[13.571842599758602,42.795596958621864],[13.538786575957067,42.80984005801811],[13.535158014406665,42.79404955526106],[13.510013683268157,42.77312124273442],[13.51042764476353,42.74619093389571],[13.496606475069838,42.73259807446954],[13.452704569215108,42.728351662660415],[13.440886491250442,42.690911044393744],[13.426924669061673,42.70083627744361],[13.393515100852177,42.68255167711176],[13.338039777239542,42.698060592737136],[13.28401745254536,42.73609786770902],[13.268407171369164,42.73593654433411],[13.257616799934375,42.71640842704065],[13.178945933564146,42.73073122773585],[13.192870467080946,42.74903090258195],[13.187283330438145,42.759928807062174],[13.214945583089348,42.77600229810026],[13.238051685134524,42.7776384564188],[13.240626613006112,42.77371040083225],[13.257878385366842,42.80828970774215],[13.236705330356804,42.85273555073554],[13.236433658306568,42.8519779172858],[13.214639468814495,42.83762148277636],[13.158210272966594,42.82697396472683],[13.108222766985719,42.88602529229032],[13.068962123621487,42.90022085660683],[13.053576116590762,42.91416991446181],[13.02615367369208,42.897778867043236],[13.005171618878911,42.90284039735387],[12.994880741000436,42.86692567656711],[12.97143832102463,42.86513533567612],[12.962470989265254,42.90080407079887],[12.969635028611087,42.922734347480706],[12.943917061085,42.92636375723397],[12.942520956953318,42.93893065876142],[12.888442921869522,42.96286731270663],[12.901692335500446,42.98500340915978],[12.881265756928045,43.00967818472347],[12.900104812666088,43.03540483197848],[12.884024040819028,43.057347493142885],[12.891031076825008,43.091464274954866],[12.879590535699636,43.097191222275015],[12.876160332115756,43.117077847895935],[12.839095069251801,43.118172408583284],[12.822615456513391,43.14674567133759],[12.856811587687432,43.168047578459],[12.859377661771175,43.203588996545705],[12.831363618886925,43.21475487897835],[12.819467310821992,43.26396541630891],[12.780488225081452,43.28211419717787],[12.79504892689889,43.29613609289472],[12.792995709269276,43.32362986844432],[12.74345047510551,43.37723909933876],[12.740471309219496,43.392741210733895],[12.769536871898284,43.40485971715912],[12.773153686212297,43.41331796930032],[12.759307432677751,43.426001746095096],[12.766317268165295,43.452402058934176],[12.737736296928384,43.45883275877668],[12.720666180530475,43.444119873824356],[12.713140804459734,43.41898917606421],[12.662961787655888,43.43233547424201],[12.640568214201169,43.42771929145233],[12.613357429905612,43.40503857917165],[12.613703242104757,43.42501296999892],[12.560058150832962,43.45678515739775],[12.496930703496401,43.516310327291144],[12.48169719715329,43.522508114304934],[12.457821507967589,43.510575236170425],[12.43496869681243,43.53367829396505],[12.421611428979144,43.53116248149731],[12.395365359059213,43.50157270844565],[12.366315789692674,43.5276865375333],[12.35222238811103,43.51728468946228],[12.329868305202686,43.5195969277761],[12.305881148099017,43.544347891261275],[12.317008658943479,43.55763131509736],[12.34108168086794,43.5571962360145],[12.36368537677097,43.580040624042404],[12.35491290656755,43.5967723825592],[12.363446704179747,43.609271069070694],[12.35472631838513,43.612492503197856],[12.31757293751656,43.598913881035415],[12.300579913213404,43.57898633476535],[12.285987967124585,43.5898597427552],[12.258917705838956,43.58472832060419],[12.22106979737363,43.59015647344422],[12.205033494016561,43.61843763146858],[12.18318279951622,43.632013775242754],[12.17881433406633,43.64340233328172],[12.197272016452754,43.65421082328799],[12.226115173649669,43.65745430963697],[12.241953238270108,43.66889607764349],[12.237808715812786,43.6873124193993],[12.272636292245553,43.680556949417976],[12.291922528154553,43.68867268843465],[12.307334828598393,43.75003645961375],[12.327027393490258,43.694537614266494]],[[12.327307222344864,43.69301202511898],[12.323322495828215,43.68209830742683],[12.3293236414565,43.68201650522047],[12.327307222344864,43.69301202511898]],[[12.42018992648549,43.60217667953887],[12.42283810138078,43.6011492138588],[12.42201647642304,43.60290190624133],[12.42018992648549,43.60217667953887]]]}},{"type":"Feature","bbox":[11.449370420563334,40.78473374858241,14.02764450725866,42.83868318987591],"properties":{"reg_name":"Lazio","reg_istat_code_num":12,"reg_istat_code":"12"},"geometry":{"type":"Polygon","coordinates":[[[11.445899263550094,42.391678683731726],[11.476146489284618,42.421876349045654],[11.484430832508052,42.44518796677433],[11.516166979734535,42.43852464677311],[11.543351184421455,42.446962233878054],[11.611262135156602,42.44131307666702],[11.610070736327348,42.485922956852605],[11.553729535824214,42.515481863104554],[11.56346105542813,42.53668535329134],[11.577693140559601,42.54487123876292],[11.573774514195842,42.57201114276589],[11.60290444377613,42.57472086987435],[11.61528198454672,42.566696489656415],[11.623598813699763,42.57470985882655],[11.641289663574222,42.57155096809088],[11.653887703088357,42.58142451647145],[11.674749940861094,42.58500281043629],[11.673471578927382,42.597685525615596],[11.70983756733141,42.61594374833439],[11.732984651419798,42.611995779127405],[11.74530408613004,42.626705601816575],[11.742512355410724,42.645608867371806],[11.779965521448686,42.63963626864908],[11.799197819872479,42.64713647077063],[11.801883313153036,42.65659703472603],[11.778423621749264,42.66874898657222],[11.77438368045886,42.70944371054256],[11.796790258098847,42.711492962578276],[11.810809642478317,42.74312599688007],[11.775020045128047,42.7542929783436],[11.756853550104665,42.77726269475195],[11.73738569672431,42.78336392700318],[11.765106572285287,42.825529413463244],[11.790265207055581,42.82037011065118],[11.803314512538346,42.80669885134564],[11.807977275712487,42.82563766915228],[11.849421237362499,42.843625463470154],[11.906514687713145,42.83569913219658],[11.932406447082606,42.784455666063074],[11.985183389252125,42.76789586322376],[11.988459192733373,42.752800809917105],[11.973704600466803,42.73147191083055],[11.935526982814448,42.71009187684201],[11.933926146508494,42.70636193664524],[11.957025952847466,42.698322570446656],[11.949677680753702,42.68576426515246],[12.010192988999075,42.66657293292279],[12.036050540527903,42.65286758667495],[12.036126932365475,42.65021525349418],[12.072682502524248,42.66144241826234],[12.092060331070673,42.66034023423661],[12.107116930240437,42.67165180520203],[12.122692008788071,42.65782373843032],[12.128833866614547,42.66702370057313],[12.14389376314249,42.664638149285004],[12.158582004822732,42.68310593483733],[12.208117566745596,42.66429928592647],[12.233561473729631,42.645164433813406],[12.232457433468406,42.63825612615528],[12.25170837824514,42.631024860523176],[12.236957267484215,42.6117950729841],[12.26315117488807,42.59131049320681],[12.24651421242791,42.59203021647428],[12.245214559277843,42.575126360006266],[12.280809653485505,42.56312722447995],[12.285274409381353,42.539767563557994],[12.276366018624683,42.53365889232787],[12.303639410370968,42.516921788400005],[12.293625211058071,42.514855956102785],[12.317599152997179,42.49609172156634],[12.325975687770871,42.50122476851442],[12.352829540271658,42.47931090706803],[12.370109946275177,42.48493942498231],[12.389376550737447,42.504162090717855],[12.424934051302996,42.49666184433019],[12.437054678186222,42.4861388202621],[12.419075807465804,42.476341102049105],[12.418894083959016,42.471404354863886],[12.432525804321545,42.469398786127414],[12.438295115411456,42.45454874538417],[12.419980909575793,42.45142014354103],[12.419959220583623,42.4298708535849],[12.448648739680122,42.42782461881421],[12.471959461187145,42.43836982554281],[12.464361196947404,42.402570508333824],[12.513634943039758,42.40864130022715],[12.52501386072615,42.398543403615726],[12.51995729935816,42.379599569590354],[12.526955620115157,42.37172860629731],[12.546107795331533,42.38695510922724],[12.567740310555163,42.387553295059504],[12.601280841414386,42.406721124229335],[12.608585185274405,42.41579180077379],[12.60848994823578,42.46920465178922],[12.64579574056389,42.47303088023635],[12.654448929284754,42.44784053213493],[12.672384732776715,42.44720352908453],[12.700472890049054,42.46565365414215],[12.722541256866544,42.46515777022415],[12.732867725695394,42.471355292091665],[12.700474285482558,42.50355845627796],[12.76716042503786,42.5167035252681],[12.76680192957853,42.53574897297072],[12.815475581118662,42.53754920716849],[12.844609943121368,42.55697459528207],[12.885207526435291,42.56664645213404],[12.873312524084167,42.60320728728468],[12.886973678151007,42.619188732022266],[12.92667404325889,42.6087696513045],[12.932795709589056,42.61919036223537],[12.951629589034553,42.62365640955378],[13.007175762474526,42.62193846056118],[13.022795961969855,42.6481612412449],[13.039393773964603,42.63215944125459],[13.061105437329326,42.628103024553965],[13.104098221930116,42.645258380338],[13.113639658777132,42.66170333653986],[13.132372849879706,42.66489365279303],[13.146047976198822,42.65236693289146],[13.14960441871661,42.65412567984459],[13.172471149834307,42.67803131239128],[13.166172013147083,42.687469051681404],[13.184135982692998,42.71107113298547],[13.182532055627481,42.739665916388674],[13.250365255924617,42.72700259342516],[13.260218676426547,42.74483672729522],[13.288602099274556,42.74513048251213],[13.364797552934442,42.69576330508459],[13.356531486382064,42.669785434790086],[13.37372884336047,42.65300056073325],[13.418367232399987,42.64255047733974],[13.396896368153142,42.60780900705521],[13.400723707500427,42.58978734495574],[13.385135090329324,42.576732309872554],[13.342477746196968,42.57004101258646],[13.323491815745989,42.57470779234348],[13.29060521533431,42.56344094932422],[13.279954968759048,42.57775152984292],[13.257351685173733,42.57733010325036],[13.247722216780417,42.565998224977086],[13.224295797201167,42.57839471305009],[13.198240530756516,42.58183830810007],[13.198816360415634,42.57579532793038],[13.180876748588137,42.56537736277185],[13.182676132466515,42.55060730285277],[13.162717552047308,42.53821513590491],[13.166264784781903,42.524716574892594],[13.184657926852745,42.51470115703697],[13.178146449521298,42.48656719647749],[13.187697937732578,42.47869168721532],[13.125662541367909,42.44339402159959],[13.159014308562103,42.4179965422071],[13.194393291485456,42.40344643565963],[13.201333845765728,42.388001345719196],[13.162976497078088,42.35774287992204],[13.232291056656315,42.32202999411808],[13.24049582707123,42.28026962167526],[13.276378235998541,42.2570483263314],[13.285995295771425,42.24148580444847],[13.339463688958514,42.226335291230185],[13.34890491019674,42.21741065208114],[13.33970487752814,42.208150689689134],[13.345816813936995,42.20191882095029],[13.398092886923981,42.17745976766321],[13.35470841200787,42.17326455137657],[13.366181802570765,42.163270896282484],[13.334257907436545,42.15985550894329],[13.335735436354756,42.15094733300981],[13.321367529170725,42.149333586030465],[13.308974846374483,42.133681248179265],[13.267284712856263,42.13216499424313],[13.248881194900992,42.121543272546106],[13.191931700644645,42.15286285358197],[13.168869918252604,42.14529172416429],[13.121232402236567,42.17234300008999],[13.095433202759986,42.1729660824397],[13.100404114626611,42.159814837063294],[13.090255157153228,42.13961297064251],[13.06258042127436,42.11832867635834],[13.035986018429345,42.11754849172512],[13.024904574247751,42.0750393840256],[13.032395350216781,42.052091108917146],[13.068291460918621,42.01677389821028],[13.092765933831494,42.01376852643058],[13.089497209089439,42.02410290178948],[13.104723370090465,42.031479291659224],[13.201219320739646,41.99098009864746],[13.233143770912157,41.986560954232836],[13.289024817088553,41.9547555616238],[13.31282079385723,41.95653557511124],[13.347799097998928,41.92727333640529],[13.367136161274178,41.92991316485954],[13.391317720079234,41.904562363963066],[13.367413088240179,41.87012745102394],[13.373551628514733,41.8651353179898],[13.37309824556258,41.83441729469941],[13.383145013824333,41.82268316655205],[13.38630173591951,41.82345866792087],[13.391386908628578,41.838588601569256],[13.418112218382651,41.83941062069853],[13.455406080130592,41.82665951930382],[13.473027164001909,41.81094071212759],[13.509583380824056,41.80574081082694],[13.52530751935241,41.77640966292371],[13.57138743103368,41.75966826689093],[13.626317402174672,41.7858578287269],[13.643596078011992,41.815639582142765],[13.664868406675065,41.816007112716015],[13.705811297997457,41.79316436799209],[13.73260240253471,41.805922886181484],[13.75475948415482,41.76325953380187],[13.769157319507947,41.752859391303254],[13.789114916976924,41.748137438392355],[13.813872866611169,41.76080243106024],[13.8276152665674,41.74471357875874],[13.857504440604409,41.735963872474706],[13.901929267658694,41.73693315062719],[13.908837702032669,41.72280012415614],[13.923548329377859,41.722475046664556],[13.93772464045668,41.69604330323001],[13.99361872808405,41.65649614745552],[14.017521103156641,41.607733090426976],[14.005942673599213,41.57595780246562],[14.033105062655682,41.55673289671093],[14.025672409718783,41.53859588110056],[14.017780753686635,41.53675181416151],[14.039080112482262,41.522774556993845],[13.998515866868871,41.509045397309436],[13.981871359296974,41.49464003399204],[14.000826396936953,41.48323306648973],[13.981263239895709,41.457459304125784],[13.96337065373717,41.45902524237034],[13.913516839387988,41.424130095706964],[13.877623541327784,41.421851353761774],[13.869202218370962,41.416533872241736],[13.894095429054172,41.38359209557477],[13.87973236457926,41.373058449677124],[13.877047595523655,41.35701146676071],[13.87968591090515,41.337252821455714],[13.901531973035631,41.31245384563957],[13.894862765706616,41.293860307665355],[13.836991169614956,41.27833760209551],[13.846992657279522,41.26251361329986],[13.838366637969976,41.24899809515623],[13.818881782768107,41.239033555075785],[13.776300713161548,41.23754438252533],[13.764965986005805,41.21511704263225],[13.706279487673553,41.2483992485287],[13.681742023952118,41.23873598908509],[13.651297874650671,41.25269885211269],[13.622678785287434,41.255876890305],[13.578362927275151,41.23496384905563],[13.577843525780647,41.21870832115251],[13.610268767079026,41.20307323603561],[13.548295310473204,41.20190358141738],[13.379341785550517,41.27455460705153],[13.284808186753638,41.29254915653599],[13.252969954407147,41.27853714834176],[13.20846477098868,41.278624738426004],[13.166641239365386,41.26822168500185],[13.110248054347544,41.238054556754264],[13.098618848434493,41.220104223283045],[13.075751516147875,41.217743969154114],[13.06472776405787,40.97572571588776],[13.076059463822684,40.9626830731504],[13.051979632785475,40.96170014047184],[13.004171832768373,40.928888027547686],[12.97361746261907,40.91852123015453],[12.970289241485778,40.88967410957702],[13.10717129202067,40.844189968281476],[13.406783608481822,40.7920106193946],[13.430484755462908,40.810089371014385],[13.485497327536464,40.77798682565311],[13.484039709148105,40.775930839169575],[13.434472298284614,40.78975216505553],[13.409596699264965,40.77954434046933],[13.10061948207294,40.83335862758029],[12.963138906063358,40.8793234843789],[12.951524892161585,40.87344135299396],[12.94043371457963,40.88734699775413],[12.946678831892362,40.89355041874312],[12.940000661237102,40.89931145166622],[12.859921948254604,40.92357816952516],[12.831485253980114,40.90572728866905],[12.848808529899433,40.93903613417327],[12.837436299584388,40.94380497493518],[12.865021839065129,40.957137464431824],[12.866304371254229,40.93419096125559],[12.940599443522725,40.9116781511366],[12.943729556284172,40.920305942909394],[12.979825196795504,40.94040083033079],[12.999239299803342,40.94180834318439],[13.049477454463036,40.97647895368612],[13.060465663346948,41.219011438606714],[13.03494450085245,41.22758770977054],[13.017039803921614,41.274780865040746],[12.975243331708656,41.33287554516314],[12.91623562520575,41.37785336992882],[12.852456596832461,41.4069518784692],[12.783832056697303,41.41301688061061],[12.765109506804032,41.40445856242718],[12.698553534897362,41.4426983880926],[12.668984349596338,41.451493369988064],[12.619564443933983,41.43903193425459],[12.54767275253643,41.531346054039965],[12.432629638303052,41.63749207371534],[12.348697707251786,41.69288340866865],[12.219787499768698,41.739817474184996],[12.21914568274407,41.73978862315467],[12.2191383721994,41.74005320877736],[12.21885750275752,41.74015520634146],[12.219133295154082,41.74023695810993],[12.218003577409817,41.78110858281996],[12.197754499934176,41.827879398528694],[12.136321296648681,41.91266886864962],[12.04546304555022,41.9529711231887],[12.019978984892107,41.979956466325525],[11.975078884926514,41.99281556573223],[11.95932287472702,42.01092519574504],[11.914173273654235,42.03446348048033],[11.829038671293207,42.02574910587705],[11.801593884745841,42.0774506503933],[11.78235369467643,42.08832578206492],[11.740893862115152,42.1356517635457],[11.727026318385198,42.15775379389188],[11.732626598093459,42.17056495845148],[11.658610273805339,42.26644245392312],[11.628189162861194,42.29206282353416],[11.553105640403837,42.334371680481624],[11.444608422520059,42.37440858941919],[11.445899263550094,42.391678683731726]],[[12.315946794416359,42.4950789843533],[12.310587538897948,42.49323196431803],[12.31246192286563,42.49294288692735],[12.315946794416359,42.4950789843533]]]}},{"type":"Feature","bbox":[13.018487902907873,41.68210221816659,14.783013564975167,42.895081403093755],"properties":{"reg_name":"Abruzzo","reg_istat_code_num":13,"reg_istat_code":"13"},"geometry":{"type":"Polygon","coordinates":[[[13.026124706312135,42.126169301925614],[13.057356945526951,42.127087722739546],[13.080005153179558,42.144507517576365],[13.087901958187206,42.16023241440891],[13.079572371096177,42.18225309452677],[13.125371160236096,42.181149793271324],[13.170462348647407,42.1555466248177],[13.193407846735314,42.163077781141006],[13.248683022072667,42.132683940116536],[13.26295876186828,42.14092231724451],[13.30199835472377,42.14234411665358],[13.314008007502718,42.15751348458604],[13.322514689538451,42.15846967326695],[13.321025562725296,42.1674349072181],[13.34303734124918,42.1697935990926],[13.331336744810617,42.179977982087856],[13.363623026896592,42.183109099909146],[13.337593826224328,42.19528034335379],[13.324915087021965,42.20820466535053],[13.333910276045716,42.2172620603904],[13.332191519959421,42.21888640874224],[13.277244067718593,42.23445299239775],[13.266654765302176,42.25158540098781],[13.229357898521869,42.27571760425862],[13.221255939574709,42.31691827830944],[13.144746874010174,42.356324274618494],[13.187746292104196,42.39025837182068],[13.184563886479703,42.39733711342201],[13.1517300645143,42.410838461503296],[13.107685058639914,42.444369858013665],[13.170130333991754,42.47991713302852],[13.165381855802634,42.483830942718754],[13.17161521512823,42.510790943563144],[13.155431138165842,42.51960131862805],[13.14962198022701,42.54169025325584],[13.17019562794452,42.5544677910057],[13.168370745568199,42.56942066212759],[13.186427378015148,42.57990932380357],[13.185216073883486,42.592591839616915],[13.229016253931352,42.586805753482516],[13.244338407031522,42.57869908417219],[13.250634245002548,42.58610756779098],[13.286895981870552,42.5867834662446],[13.295673663376538,42.57498894977792],[13.3227372415136,42.58425837682533],[13.343132996842657,42.57924586591317],[13.378783083140032,42.58483815112398],[13.388398854124253,42.592892224997684],[13.389056284059565,42.62297984888285],[13.401046840588371,42.63678944818299],[13.366479938516786,42.645398753263834],[13.343533231417782,42.66779094891539],[13.354913611664568,42.70140754517966],[13.389178034534481,42.69186171004688],[13.428146727696234,42.711928914846226],[13.433960820806757,42.70738626978126],[13.443405407258712,42.73600927271585],[13.490343732836617,42.740552376794405],[13.498940128997264,42.749007939059624],[13.498514969454467,42.77632636226957],[13.524416743812889,42.7978899670162],[13.53025555994907,42.82331286452183],[13.572644613964957,42.80505405220058],[13.626654142541074,42.82179635675996],[13.638280641189086,42.80795103489387],[13.661579280288441,42.811123983442734],[13.694245816675355,42.82529542961252],[13.701583742697261,42.85213366887564],[13.720763811270578,42.859424626074755],[13.776051813460342,42.86450265830118],[13.817115981757766,42.88283611475829],[13.870195803906157,42.89234623121067],[13.872425602222783,42.89892476902473],[13.921273537319804,42.89876754288767],[13.949491568739338,42.805387425148545],[13.975766748145615,42.757528358169864],[13.98227809841964,42.761137229183696],[14.001091881924342,42.70996439165597],[14.11481731457036,42.564943938721626],[14.190290310521231,42.49664625051587],[14.238283185112861,42.470758734861434],[14.260030492930213,42.44662277701089],[14.414608660342452,42.36070709206203],[14.43076729890716,42.32828484263872],[14.507261137752499,42.27417430347952],[14.51444885642911,42.25422462016446],[14.62337787249494,42.20300468309615],[14.700680126820725,42.17846079403876],[14.705962943295823,42.177477694653255],[14.710153520763884,42.19679578122298],[14.725885017476363,42.15608991552598],[14.724019401404913,42.1072416575464],[14.747809746012255,42.08782307983244],[14.786998172265301,42.071521244835274],[14.768345486619646,42.04404639375348],[14.79188005036764,42.03513085633916],[14.767933871935037,42.01392272713345],[14.727860795029303,41.99720451754097],[14.674001828659328,41.94496186011683],[14.669019656096415,41.9139571866811],[14.618996304623153,41.88658300295673],[14.60276772862356,41.849156760658694],[14.571173792123174,41.81417005050588],[14.553460791179381,41.812593328886685],[14.536284168323878,41.79881311884938],[14.534158417249898,41.78489784729504],[14.491442402619406,41.756620957081104],[14.445684262801256,41.75975959809311],[14.459166163391291,41.77776234091041],[14.438070703305721,41.837008712799076],[14.429967012386857,41.83692438809819],[14.395666071823046,41.86500778758663],[14.374088565100337,41.86051180161336],[14.372032926275125,41.87367565694032],[14.366401397529664,41.871714978757815],[14.362677631468173,41.854872865663424],[14.338997644904637,41.858898307803905],[14.32052855202033,41.89151938997403],[14.301868514272456,41.88879790599075],[14.283553858255482,41.904893996931676],[14.231614914841916,41.87229207591399],[14.220960203695578,41.850085232486855],[14.20083920322407,41.84507577411032],[14.200155903187612,41.83471180645524],[14.181284784368504,41.84228914580354],[14.159592972341896,41.83623370194466],[14.153720647493158,41.82769110666456],[14.169725901429391,41.811566715284336],[14.176480346844754,41.7812370562664],[14.208642308327331,41.76915439776955],[14.198171825308979,41.74364920212403],[14.174505405712457,41.74528440151947],[14.170515841628339,41.754897920017505],[14.162077107237462,41.74287054530837],[14.125337774233703,41.74232803180721],[14.121599282348296,41.73697431793268],[14.129773802942106,41.72588912726736],[14.105451333672267,41.69758881572619],[14.09037061947072,41.73362212907598],[14.07259722054472,41.733106877092624],[14.05865768216022,41.71773591264403],[14.05885662089439,41.6972765152993],[14.030860528239092,41.69834456330216],[14.021013999568336,41.67626353250864],[13.980629446565604,41.690953617014436],[13.95678025532212,41.69124603108698],[13.938479059757181,41.682120440282795],[13.915938803058271,41.71373393183129],[13.901167593912113,41.714059250396204],[13.890134552580134,41.72874562632746],[13.88218572916823,41.72384727931694],[13.854997834825754,41.72715575762868],[13.81983654510094,41.737448137202044],[13.810157954037875,41.74836249574963],[13.791101431807261,41.73834193647162],[13.763013019453371,41.744987969031094],[13.744718205493875,41.75820176066166],[13.726836960998368,41.79262712374088],[13.705023847594763,41.78223600037848],[13.677270613218615,41.80056321368508],[13.65091475381387,41.8059967997317],[13.63569937731597,41.77977503934073],[13.572197933810425,41.749498847635955],[13.516077899413142,41.76988792803304],[13.50105993625733,41.79789618101337],[13.46673208788751,41.802777131717605],[13.448113203390339,41.819385263772105],[13.415821366311077,41.83042579858023],[13.400620242358924,41.82995868175765],[13.395481977221259,41.81567717528677],[13.376822353071862,41.81273641465597],[13.361237650080268,41.83191643611022],[13.361671506130351,41.86170826821255],[13.353064488242131,41.86870583469138],[13.377463346791346,41.90386859706198],[13.362643455222361,41.91963593126893],[13.343319304195855,41.91771934299776],[13.30804874060058,41.947227244903296],[13.285604466918977,41.9455471225784],[13.228258247046295,41.97818763909584],[13.197172870140252,41.982489808043624],[13.105194780468164,42.021096888688184],[13.10296969605928,42.02001901209551],[13.108554446440705,42.00234602261315],[13.054741016040177,42.01183629426441],[13.021428058003966,42.048291251675764],[13.012754513082598,42.074847423457726],[13.026124706312135,42.126169301925614]]]}},{"type":"Feature","bbox":[13.94101515669948,41.36396233753821,15.161560470308254,42.06982609239391],"properties":{"reg_name":"Molise","reg_istat_code_num":14,"reg_istat_code":"14"},"geometry":{"type":"Polygon","coordinates":[[[14.167329044580734,41.7729199558261],[14.163881193841226,41.77421415297886],[14.156498915261027,41.80733339052526],[14.137265871938908,41.82670293123801],[14.149636612675078,41.84470501071655],[14.182268507601504,41.85381448528415],[14.187269626208566,41.85180722929315],[14.187336400495807,41.852822992442974],[14.210093746115525,41.85849105529036],[14.219726598089304,41.87857425163913],[14.285163782590384,41.91964677213845],[14.307167103619362,41.90031131328118],[14.328950436375854,41.90348607803674],[14.34904859871052,41.86798230791317],[14.351292285987235,41.86760097886964],[14.353800707004948,41.87895426431818],[14.383675726015515,41.889353603394675],[14.386077832753148,41.87395444034392],[14.400134739301711,41.87688148156273],[14.435992400114609,41.847525058210415],[14.448747946029101,41.847656678927756],[14.474144813681033,41.77628978660989],[14.468512034761597,41.7687729123525],[14.486684951540685,41.76752493044329],[14.520883900188473,41.79016578963189],[14.522920265659796,41.80351372492699],[14.546717085215848,41.822607504973945],[14.563162870566492,41.8240723770929],[14.590074791616138,41.85387874183257],[14.607081300436365,41.89311521733358],[14.655839693969709,41.91980340735658],[14.6605487031413,41.94914536236075],[14.718242142346648,42.00511832154566],[14.77016882953942,42.03219447270127],[14.74922744843501,42.03912503706928],[14.775964319846471,42.07852547578015],[14.89228027763587,42.030340519458875],[14.997805258648985,42.01051444734621],[15.083674155978748,41.94813884131844],[15.147722857395244,41.93073703452777],[15.139875614657747,41.90101964254555],[15.147915735357387,41.87807535103233],[15.110734359000936,41.836984030498584],[15.124895710585646,41.815956380622474],[15.124361140496417,41.79760548314688],[15.106799545043085,41.768300342694566],[15.13407150692571,41.742531611825754],[15.111928744669449,41.742656944795065],[15.126412048097952,41.72561950276679],[15.183528046374313,41.71013009578927],[15.123249000947466,41.6889246750868],[15.1046310566106,41.66128266919939],[15.09673943471635,41.66743430581948],[15.057717050702133,41.65300891778901],[15.052337270138507,41.63141297034527],[15.034157637466063,41.629157428563516],[15.033625921591893,41.615998832903415],[15.00623577419127,41.61595676994353],[14.982867214583148,41.625602485079305],[14.981220458111373,41.63316740071561],[14.962537573754233,41.638438372634795],[14.944941501594863,41.620515691071084],[14.955809178001546,41.61135470267398],[14.95876334715115,41.592524148872215],[14.94644700891181,41.53155737337865],[14.97111718028859,41.524411550910386],[15.019615007781988,41.486030544234715],[14.986575498769346,41.46345769059213],[14.888802957269316,41.43919197452141],[14.857505617848686,41.41701001635588],[14.786994589806035,41.44453589107241],[14.778975807778712,41.43864575214342],[14.7720387908558,41.41293190606453],[14.716944078086689,41.39382524606611],[14.687344272105355,41.403808222494945],[14.664035066230769,41.38664581644636],[14.646614881528134,41.38751392311413],[14.602978513466873,41.35501722582718],[14.56675687939193,41.382812432052134],[14.555366351524723,41.37283753566298],[14.502281851300609,41.3763215122206],[14.481495162198868,41.38668705958665],[14.470453936883157,41.414401596193144],[14.412572951669445,41.43426182321158],[14.401630007230745,41.430455116390725],[14.323897262365685,41.44756494706821],[14.268791247543021,41.471548966738574],[14.279309849654222,41.47721526566652],[14.275930904835795,41.47982278651288],[14.244580805560956,41.47789396339716],[14.235503295010371,41.49112344624611],[14.179956344861663,41.49403419075295],[14.171786745935767,41.47264828187401],[14.15540497318938,41.47369812597939],[14.123665371237005,41.49759445048305],[14.09033425391781,41.46291279768584],[14.087255551059652,41.44893540133324],[14.113787143963977,41.42539264926016],[14.111932884830528,41.40374432030446],[14.129066267706452,41.38093143402806],[14.092192640716107,41.38416096741057],[14.080777648109203,41.39314798550255],[14.037903161615153,41.38545703413259],[14.020033811303866,41.412476091086326],[13.991326194775514,41.42827980444942],[13.99739810422619,41.44836906088612],[13.966165364730228,41.459742362770875],[13.981819715239073,41.48037678831387],[13.960514608480478,41.492385783757086],[13.989654493632845,41.51819906853261],[14.012219989084098,41.5252832491195],[13.988907557214423,41.541567539741976],[14.014006937189704,41.54743745226956],[14.016474487284091,41.55346214294004],[13.989387395840179,41.57293678277589],[14.002185399985368,41.6072952955293],[13.981107680964834,41.6502754380483],[13.927838973721597,41.68873248131749],[13.952511138818098,41.70183672181659],[13.98382928014146,41.70145292146264],[14.01347697256002,41.69095426320167],[14.02076792365989,41.709277000246665],[14.044788065464822,41.70836367524163],[14.04466242657861,41.72099380831574],[14.065008544726956,41.74343307063893],[14.100464155900116,41.744460243922674],[14.10982820312755,41.72208524939009],[14.113485945711238,41.72634093726416],[14.105716386208663,41.736872005055254],[14.116794195738374,41.75274042153791],[14.153552308635774,41.75328619636637],[14.167329044580734,41.7729199558261]],[[14.179568322291583,41.76832438527775],[14.185040548988944,41.755134918580104],[14.188155475154696,41.754919722949104],[14.191774141329814,41.763739212459456],[14.179568322291583,41.76832438527775]]]}},{"type":"Feature","bbox":[13.762112597963098,39.99056046734223,15.806446853156245,41.50736966902667],"properties":{"reg_name":"Campania","reg_istat_code_num":15,"reg_istat_code":"15"},"geometry":{"type":"Polygon","coordinates":[[[13.771191809280845,41.244574373840884],[13.801698910304294,41.2482545086667],[13.816279481557087,41.246054775909585],[13.828631879997419,41.251817649374196],[13.836387178272727,41.26211882068883],[13.83141128884679,41.26565546645315],[13.82485745242471,41.282259017290805],[13.855502112292111,41.2930803848699],[13.880964604857956,41.293188313283515],[13.887056673054904,41.29857195390633],[13.8916005898716,41.311245299764856],[13.870196407201682,41.33553690842124],[13.874706071244615,41.3415441487255],[13.867783505771152,41.35686144678274],[13.87104613610326,41.37637887588803],[13.882429580590898,41.38472917536392],[13.86022270161225,41.408602876060385],[13.857978587554413,41.41737044349999],[13.873961513650624,41.428666617406755],[13.903901976304164,41.42869406062957],[13.929299409586717,41.44187883938852],[13.960101173473875,41.466310303434206],[13.978732216559596,41.46468046620515],[14.009899125654238,41.45332734371881],[14.0110415439374,41.438964749952255],[14.004194065493007,41.4308771296031],[14.007414190208516,41.426753895497676],[14.017866006418318,41.426326272354935],[14.02931680538418,41.417796732787664],[14.03149471332557,41.4092397036085],[14.04371873405014,41.39531858820638],[14.085831888615607,41.40252561369728],[14.097789196162454,41.39214496312844],[14.109596923811157,41.38924964574999],[14.110117734804541,41.390373341158124],[14.100160262083508,41.402892510467254],[14.102175064142946,41.42250678204351],[14.07482318408543,41.44677101698578],[14.083429972423385,41.45960448313345],[14.078504840956649,41.466092453921576],[14.094126568801903,41.47465688314845],[14.097178923019694,41.4824153460266],[14.115424351069809,41.49751235034656],[14.115675048012003,41.50633072610886],[14.123064097665955,41.51029071507605],[14.153371934386449,41.484562323588236],[14.162197056862457,41.48200868095319],[14.16445867852811,41.49532266409569],[14.173067912787626,41.503670182553165],[14.183331570911523,41.49892660519986],[14.204691149674268,41.502208173844814],[14.242636526734483,41.49931411700467],[14.251142059424875,41.486917362879794],[14.280267757231375,41.48870740877679],[14.296700406503348,41.476023714082004],[14.290607843817241,41.47274347035938],[14.306151687137238,41.46842875676955],[14.328081346507089,41.45573231308493],[14.342531720131984,41.45635091950297],[14.391093577499012,41.44499108203498],[14.401214094064278,41.439774578247935],[14.413201324070993,41.44394383648995],[14.428954171464095,41.4312996027494],[14.456587935181458,41.43002937516042],[14.46719968907095,41.42197373309003],[14.479607632744218,41.42107521523451],[14.490986974003032,41.392502871698824],[14.50174789500382,41.389973684857665],[14.506376557499358,41.38499154680728],[14.523598989280075,41.38759072008863],[14.550790855885161,41.38197300136099],[14.565368222105368,41.39473723387203],[14.576574805810248,41.39193520634881],[14.58881519399814,41.381612187555795],[14.592266722955959,41.3747776657458],[14.589747655897524,41.37194236582587],[14.60309588665654,41.36649099538252],[14.612769878814076,41.37005960065656],[14.641510030617715,41.395813636176044],[14.653033396530741,41.4004059368843],[14.659983766191672,41.3964543639464],[14.66937542791045,41.40841581056037],[14.68497915051666,41.41360829408116],[14.700682508938517,41.413059743254415],[14.717240771437737,41.40338907797146],[14.762325025174146,41.41902452264804],[14.769309240104969,41.43381369159961],[14.768216922939809,41.4427106263897],[14.784074222667591,41.45461987846429],[14.80741107801671,41.449552131088765],[14.826041592515,41.43660917007772],[14.856607906308271,41.427163486702675],[14.865841269208277,41.42971075615456],[14.882678206391041,41.44678111656444],[14.945558720930189,41.4581597061919],[14.956424489652836,41.464650562413084],[14.98022845374977,41.47091640208935],[14.988363601157953,41.48180198141636],[15.005284923784146,41.48888848996229],[15.026525984089556,41.47832426955739],[15.033025178583316,41.45644284367069],[15.034079214570413,41.455541541450856],[15.04521035250665,41.46021769079365],[15.049305930191148,41.44522401060552],[15.064445196256493,41.44270081015396],[15.077193220807366,41.43507526074361],[15.100988468060375,41.43612084873995],[15.10702061188306,41.41983351815344],[15.094147514149947,41.416202167355756],[15.089750155028934,41.40492253628699],[15.103087111566163,41.38906713625721],[15.082959885301994,41.38566042330935],[15.061797456834308,41.371363254259826],[15.0745966387689,41.334353580096085],[15.101307439896079,41.32977427372694],[15.113889090247032,41.32141426636824],[15.134083041471898,41.3190489399124],[15.129986474792855,41.30366592581448],[15.143440252655289,41.29322149201913],[15.140058058027204,41.287685767496015],[15.148836587855344,41.28329400991837],[15.152096299530358,41.28558267942781],[15.20445117679625,41.28873837178886],[15.20303569790042,41.28106666652289],[15.218060431397825,41.2777722836282],[15.22206602944448,41.268597571290776],[15.235062878110154,41.274673621118346],[15.252006837029825,41.272533463677625],[15.28359282130631,41.24209778986891],[15.267202503490076,41.23525775084888],[15.24911731176991,41.23404705036438],[15.249035793800605,41.22444700938402],[15.266293437159938,41.19663613814705],[15.225503914120052,41.18018209552313],[15.212359600318988,41.166978223314324],[15.21363642934361,41.150141813144266],[15.237494666355802,41.141712310868],[15.266220536983836,41.11567401927662],[15.267132954444007,41.10668724551671],[15.292555134346987,41.095766710893606],[15.296883856202934,41.09560346827581],[15.314006558511352,41.106613517126355],[15.332821203404249,41.0985439341486],[15.352818092115458,41.09693148521729],[15.367246319086794,41.087626736318036],[15.380380945928193,41.09439011175567],[15.39515206721652,41.10932929072612],[15.402435092369354,41.10808844864951],[15.429384182533024,41.094560200931795],[15.447556289638387,41.080100875535706],[15.460878065688865,41.07827846010861],[15.47931784067932,41.08111081347411],[15.491099304803496,41.07198446633141],[15.545136846080505,41.05763415025598],[15.553864643672265,41.04027247218776],[15.566374975275052,41.031849738063215],[15.562777488554124,41.017821236731436],[15.568921733142233,41.013801426394046],[15.57531155677047,40.9976723183814],[15.569658415540939,40.968576486082156],[15.544943022078956,40.94531517843424],[15.529662644083709,40.9061423494185],[15.471154352470215,40.88825111427115],[15.476372339981815,40.87346314122512],[15.461565751374618,40.86474348173897],[15.452086966571935,40.8661837537816],[15.443060850932088,40.87482196956595],[15.42944142977692,40.87740490024091],[15.404827223646777,40.879197455157716],[15.40368020620116,40.87642732114652],[15.38720523618782,40.87310448429092],[15.374239359541253,40.88338848730628],[15.357282815868258,40.880825175086215],[15.35796373788956,40.87341645238482],[15.366985717068099,40.87425188686427],[15.381897445766894,40.86887541086959],[15.378191234613617,40.8592908065843],[15.380935177709262,40.83361549714141],[15.361003222474459,40.836872970858344],[15.339962870225488,40.83339815346395],[15.342479642996842,40.83070463064924],[15.357149063015427,40.82563754055993],[15.368053099808856,40.81426857449972],[15.383950678534093,40.812922833049875],[15.382098744507053,40.80497439307106],[15.373525570155632,40.79966651546874],[15.392388634810215,40.797124217346706],[15.38368598172723,40.78078010176074],[15.395123602862604,40.76652998326824],[15.38620837514929,40.76218232433621],[15.382022492093613,40.75068639882691],[15.384290904731426,40.72555631948251],[15.411035939968562,40.714796364495434],[15.430952860252347,40.694280732212434],[15.470852110251036,40.67540768818469],[15.48907687257829,40.6750579876604],[15.494458395888154,40.666204890262186],[15.507269991649112,40.665809951191285],[15.503990073093924,40.65460524437736],[15.493898596821964,40.645641529790815],[15.469667606652319,40.63722661022854],[15.453301321510567,40.610084328516656],[15.462765615029994,40.60622219672193],[15.475218365888146,40.595032089352635],[15.486967176478963,40.59608002491043],[15.49258265971224,40.589009779118086],[15.511736909407006,40.5879134809855],[15.518946218852124,40.57984868543182],[15.517453732816275,40.57496890107738],[15.520590134418864,40.57296200572502],[15.533443637821536,40.575547307606335],[15.543423991637342,40.56815451858177],[15.530376151218553,40.55718242854213],[15.539037901592971,40.54830042609002],[15.53892524054253,40.53673227607825],[15.54985457796425,40.53237253264749],[15.53916375443301,40.52231836386215],[15.554690578904838,40.50898756694929],[15.538498566538417,40.49878417897848],[15.541416738047518,40.489468653205044],[15.581688261117181,40.47012124658381],[15.581515019746956,40.463369083541714],[15.595791981151484,40.44528070887326],[15.592257082393308,40.443588236080174],[15.65018955195314,40.4155901350045],[15.663660175622113,40.39594791432151],[15.671441861667974,40.40071605385367],[15.713576582913902,40.378185114778155],[15.7072848820059,40.3633646393895],[15.707653256433465,40.3429598801413],[15.722783362266295,40.32642991698632],[15.734872465581589,40.32356309849685],[15.730368181953459,40.31591566663767],[15.748920358508395,40.301414531207755],[15.765639011110718,40.30057650783781],[15.79421685439252,40.29160035226445],[15.810071668042163,40.27295890270752],[15.80256131888466,40.266893981655514],[15.802843507885402,40.25814317512514],[15.80953172121333,40.250724409191584],[15.792344879661842,40.242614073868566],[15.790426447198392,40.236816032265274],[15.799195978775053,40.221381325404614],[15.791135310432372,40.21532559444115],[15.775217983957548,40.21510489462],[15.75218740641366,40.19945704709865],[15.739800213139763,40.20044615932214],[15.734019314597582,40.1979375290146],[15.732520239726211,40.18496605007878],[15.716054223109857,40.17743363048978],[15.719934182350565,40.16876135515417],[15.704417941174981,40.15974298527567],[15.71240940598461,40.13860457600978],[15.706280499488106,40.12205773928106],[15.709189307247748,40.1175529391454],[15.678811687671173,40.08252625167583],[15.659353317242012,40.07820127601065],[15.674415864488564,40.07182725449004],[15.679478729414837,40.05365639765781],[15.644854380880407,40.040247337625594],[15.623441213534004,40.05562763134308],[15.629165124595946,40.067706495918145],[15.625279935765612,40.07093969919229],[15.617976605406716,40.06597468123568],[15.602130928967165,40.07201643291044],[15.572981224168522,40.076030307748304],[15.531509818660629,40.07164609999649],[15.505362920841318,40.06230293513895],[15.48569912864375,40.03556066332448],[15.478138858277902,40.03784442484357],[15.462021434323768,40.03190621839847],[15.42132885197428,39.98821576921186],[15.38137565321642,39.998471453102916],[15.35625386471181,39.99681298135564],[15.339653950989264,40.00378694739503],[15.313709259048833,40.02938260731121],[15.303147398760546,40.0276285998456],[15.294872144656011,40.02031077953163],[15.264315065826182,40.022862799067305],[15.265658983137172,40.03457494263413],[15.277599519593053,40.03212559879099],[15.282231517644735,40.03586841088019],[15.278767790733788,40.054921551186176],[15.268713222069247,40.0731029580255],[15.261173487957391,40.08085222345572],[15.237477590592716,40.09156037183655],[15.204158657302438,40.121380044181684],[15.177278136103123,40.12521540493392],[15.130305335112716,40.16957585841743],[15.112818477213413,40.17471451376428],[15.10078262216448,40.170954171573115],[15.08616027818012,40.171384386323474],[15.065757930866921,40.161703992019845],[15.05265476829617,40.16877112848106],[15.038838353652517,40.1682239510048],[15.02217267000143,40.18091690928861],[15.007297972230264,40.20289398659644],[14.989481204707065,40.21685487119909],[14.967415070570935,40.21992757200662],[14.95048459317669,40.23114341579299],[14.941421027192042,40.23101439442613],[14.935831760104596,40.225495947918496],[14.906541665860495,40.241904544943985],[14.903978967655735,40.24807705876023],[14.895928308171133,40.247932757626145],[14.896981965086903,40.25582436025194],[14.905148898057808,40.25501254295021],[14.94065451518808,40.276868074241825],[14.94356823017382,40.303855598891786],[14.936258238568692,40.319222545761946],[14.942405851530559,40.337408615777406],[14.966510710906586,40.342360422775094],[14.989161177977484,40.36503508056286],[14.992754675774027,40.363103029922534],[14.986909578843393,40.355832467678596],[14.9946593736867,40.3585009172059],[14.998371843096866,40.37634766599132],[14.996197270727128,40.389170171430834],[14.977662359921581,40.42813910733024],[14.936622969739348,40.48541776996957],[14.904114148116165,40.54592458237144],[14.880393753563997,40.5788121885909],[14.81857376386961,40.640925180643045],[14.794069161233978,40.65927061467472],[14.770258689665166,40.67137123181649],[14.757693524458816,40.67528927926005],[14.756232831373369,40.67457486832683],[14.765832539963348,40.6644127098749],[14.76306293392552,40.66261011842357],[14.748344283155314,40.67404529400807],[14.743694122510263,40.66739456121563],[14.720426477737789,40.66450902622555],[14.689878689424214,40.631418686321815],[14.677967508064109,40.63064282587227],[14.637049499007004,40.64634830224088],[14.62509559050259,40.645388563880225],[14.609729383656589,40.63256457446589],[14.58654401233505,40.62301183334036],[14.571622562670514,40.60700108672259],[14.567658035820365,40.61331340067131],[14.5403807472605,40.611131210124654],[14.528441619078738,40.604340940855884],[14.509286298873784,40.618087932456376],[14.486502576129622,40.625050042223535],[14.464484235877046,40.61562786421149],[14.452331184676662,40.61695143657344],[14.438995986548028,40.610646706841],[14.42054115574415,40.60821881704245],[14.412878429334722,40.600536826961736],[14.431705705411792,40.58507923637277],[14.443307362233599,40.584534642951574],[14.430307212351849,40.576012614077726],[14.405723870641449,40.596516536024296],[14.379797659360506,40.58833507580332],[14.379596373663766,40.58547197106541],[14.353501564600359,40.57999287460481],[14.32653433448886,40.56713423587177],[14.267803763617296,40.553401131652734],[14.2558239691625,40.536357957382336],[14.243711401843266,40.54418359405614],[14.19472208547196,40.53378088914038],[14.197532487202066,40.56339907132384],[14.223171552055984,40.56314223373166],[14.243663015966789,40.558199149070575],[14.260809749323817,40.564126513013846],[14.266343361113293,40.56014281115444],[14.319998206195256,40.57269006565514],[14.317419031628798,40.58824421793663],[14.338718614393125,40.61888736883232],[14.335688543502277,40.63110818584211],[14.345098353065227,40.629573244042646],[14.34981486682111,40.637491352979744],[14.370974633697305,40.63030286926937],[14.397497478662258,40.63968330271783],[14.404580434295681,40.651368835218186],[14.399193782109872,40.65719841206129],[14.427753754162069,40.6676040204529],[14.436197774835911,40.682770361074795],[14.446375028356652,40.689309177204954],[14.472760827541277,40.69887909382844],[14.47430667316499,40.69615096556141],[14.478567598260625,40.70091730675918],[14.467235869839097,40.72849543024548],[14.447639899129546,40.728226249172145],[14.464244903303697,40.73396587204669],[14.463724489628966,40.734829492308826],[14.445822685925659,40.75232017461557],[14.412915627757293,40.750011560916306],[14.393698960211252,40.7575709229395],[14.362928770493745,40.78353706668934],[14.356659300661418,40.779668308979254],[14.354263915204514,40.79029670604222],[14.332975891871806,40.804622326804584],[14.330066606776674,40.812336331816745],[14.303437721746661,40.829787844361526],[14.273373060749451,40.84239093860434],[14.265750151796327,40.842389388654404],[14.254517091227546,40.83297222713354],[14.225451420284465,40.826852567066275],[14.226052743945703,40.82288675756937],[14.218317322321255,40.82020398761503],[14.209148154511263,40.80854470195176],[14.210365519406727,40.79963808821371],[14.188072104453799,40.78822871732929],[14.174213116335617,40.79647074479651],[14.158290976138447,40.789736982840985],[14.156381592358551,40.7999918619942],[14.166770784274577,40.79948784713456],[14.169782761352772,40.802431754318945],[14.164896681564471,40.808130597817204],[14.147447901585492,40.798679153287935],[14.144380797135794,40.80181740198399],[14.161292657526639,40.812048394978],[14.156440751018849,40.81538896711715],[14.11864929288187,40.818482679948865],[14.115048546932014,40.826134886277934],[14.107098303692302,40.82928372071255],[14.08863429278204,40.82815828544183],[14.076001656279693,40.81871727755757],[14.084633907880407,40.81302357956046],[14.094164251139944,40.77109375661604],[14.076381301463474,40.785205012762454],[14.044376266194728,40.78835217161535],[14.020903898754833,40.76868327558431],[14.025280635629235,40.75786872316853],[14.016133586539617,40.748245797389174],[14.025130934099622,40.729969445170035],[14.007019004810894,40.74425653384433],[14.006627941546071,40.742227133729],[13.999547149775237,40.74369809650393],[14.00198992286428,40.73635319643247],[13.991124487656691,40.73974207563733],[13.960496631786096,40.73366309981399],[13.968811754450066,40.71143340051195],[13.957379380494174,40.70751283290604],[13.95679410678468,40.69696115420688],[13.939968709590998,40.70398217351693],[13.923777304816921,40.69480411936106],[13.905043517418402,40.69946137913956],[13.87300741319633,40.69450802100991],[13.85494337621655,40.70436313340634],[13.846579517205525,40.711471999428625],[13.857702716895757,40.717149937950815],[13.855574851100526,40.738564914575015],[13.864924232528878,40.75165067879692],[13.85724918189105,40.7579348592739],[13.871638353544267,40.764473576607166],[13.877600537593311,40.75969052831697],[13.884075964836912,40.762511032418125],[13.891711021475562,40.75465156268761],[13.946192939901604,40.7482596362157],[13.943776163578699,40.74568592939945],[13.955594382261442,40.74426898217861],[13.957826588370141,40.74013009845537],[13.988820632134036,40.7462818793997],[13.993361453419874,40.75182046980186],[14.000455614235813,40.75018474457485],[14.006774599548459,40.76017919293639],[14.007081773956289,40.769598706616044],[14.039058278122024,40.7936225819407],[14.044954591648704,40.83243304363004],[14.04270865087152,40.86048935250555],[14.029791455531289,40.898221701201635],[13.996772290518697,40.95190677432382],[13.919860343605114,41.02543385341089],[13.887414025299146,41.095857118631976],[13.824296313041913,41.171114001512095],[13.758614896719768,41.22210019158343],[13.771191809280845,41.244574373840884]]]}},{"type":"Feature","bbox":[14.934096354177731,39.79146331586641,18.520381599098922,42.22655307189329],"properties":{"reg_name":"Puglia","reg_istat_code_num":16,"reg_istat_code":"16"},"geometry":{"type":"Polygon","coordinates":[[[14.959424382094916,41.649156079574496],[14.970238221014096,41.64286050967025],[14.991267774672341,41.63968141105352],[14.993136119599718,41.631092550016206],[15.009066176588357,41.624516623295996],[15.022644332035762,41.62453800568236],[15.023100960609188,41.63588517862053],[15.03347391217097,41.64035063815143],[15.042801067743937,41.63942379738097],[15.04772865090605,41.65921468028639],[15.068311125295187,41.66214983567113],[15.085504320122068,41.672204991051544],[15.082317111250026,41.674581381733184],[15.08988982637749,41.68711472559422],[15.096803523887845,41.67595321903048],[15.100244566780134,41.67501696202211],[15.103368455826738,41.686724949665546],[15.115360156359907,41.69560353619659],[15.151216635387616,41.70822561378528],[15.14247455988362,41.7091403497673],[15.118844826357538,41.71871135745662],[15.098792999968364,41.74229403765422],[15.100785116931403,41.75127201327734],[15.1104023892824,41.751219244100305],[15.0938639294472,41.766837869897664],[15.098354108500867,41.78331943106356],[15.11229158216395,41.79076698023726],[15.113050890886337,41.7991741135155],[15.113481095069858,41.81403714645199],[15.097879162381862,41.83719556874975],[15.10117645628058,41.848379694493374],[15.116194532531662,41.85572100885535],[15.127550490629217,41.874603229289],[15.135785909326836,41.880227749951416],[15.135147717318699,41.89017497774795],[15.128144934127056,41.900536710830984],[15.135690749989697,41.92913531361291],[15.207975054005109,41.92142750946437],[15.292996761618117,41.92246392129064],[15.336990079640536,41.91887329585277],[15.360578884249811,41.906319023006624],[15.391824088130592,41.90285476697959],[15.45791758102221,41.90590284580614],[15.529859919290455,41.914997171060804],[15.473084554031187,42.11216635095349],[15.489954983506642,42.128585116050516],[15.502559130536754,42.12371188525047],[15.506428234383561,42.1264931412062],[15.503366133848623,42.12892579912944],[15.508721267760516,42.14068780801622],[15.743174428305252,42.228830437498445],[15.761711011287419,42.22728654189743],[15.519169955871238,42.13526904070585],[15.51405288125799,42.1305834665494],[15.522104901689046,42.12571661684828],[15.50540694787407,42.116337256133725],[15.498873454676257,42.11745995465368],[15.499380943413188,42.11480541686084],[15.48689456362484,42.10363348529023],[15.538621947256452,41.91626975948752],[15.623909869380645,41.929738746743716],[15.667657914004055,41.923546718013476],[15.678708295018629,41.91731413712272],[15.7497261888666,41.91873531845729],[15.924050031343665,41.935327997006375],[15.982739266502422,41.94491062129939],[15.993282596121464,41.949694212945644],[16.003361773171328,41.94830187637047],[16.011794819611147,41.953017534983175],[16.026389162754967,41.94782461097393],[16.05694460135069,41.947647287389145],[16.060622320707218,41.95375389291746],[16.0673533282571,41.94573520426248],[16.09134542028201,41.94063409698895],[16.104984974341836,41.92954697358726],[16.109372255310586,41.93290154218999],[16.116320871057177,41.92822310141447],[16.111406276198608,41.92474767785301],[16.122381842193086,41.91710674176614],[16.156000235845816,41.9102678503395],[16.157505549020144,41.899580899695536],[16.166936178205102,41.89036182149332],[16.174027102566264,41.88795801598858],[16.18144461097256,41.89392257189402],[16.19049961844126,41.88833994621612],[16.179686864416514,41.882431535027884],[16.179634822353712,41.85549114135587],[16.18398787760781,41.84646659726842],[16.202071036632788,41.84743286569284],[16.187044253618875,41.84112765586234],[16.187338828767047,41.840642938994314],[16.20296702727451,41.82697990236787],[16.19851074125977,41.81784693559283],[16.215930583722585,41.817834632983626],[16.215935876106258,41.81781547742973],[16.197497901231912,41.811929794563625],[16.198730715359115,41.79205344661797],[16.18895908750967,41.77043943665106],[16.170098976191312,41.76471644696344],[16.16640138676393,41.753408165746045],[16.150507893637112,41.74865839869652],[16.14199623436564,41.73912034824318],[16.10676490091293,41.72791602997173],[16.091140335745433,41.71291334800516],[16.076031362524812,41.709149663468374],[16.067807695523168,41.694323700299506],[16.03648048420737,41.67533722307987],[15.946947731799453,41.64149505838436],[15.905240595078757,41.61587720774698],[15.897450251211923,41.58465366060943],[15.90196604978237,41.54833409345127],[15.921543489339317,41.50527198703081],[15.947605179639277,41.47271165420279],[15.982357093346206,41.4475020622208],[16.019838128164956,41.43005803961262],[16.106095502129357,41.399519622500485],[16.169891833498852,41.37143197136085],[16.20837892003078,41.361417712353195],[16.267847944642238,41.32892908605452],[16.360331664315737,41.306729192995675],[16.388469947517407,41.2922175870115],[16.423270298779144,41.28214118031157],[16.454665433655773,41.26173090098989],[16.467976937696914,41.25800840555718],[16.483257753860837,41.25893109625424],[16.487272407521427,41.25350414391485],[16.507598568307927,41.24898696375704],[16.507733004185255,41.24507740229495],[16.53334714117716,41.24076170655002],[16.54597481497776,41.23035335658703],[16.55709973976612,41.228751249561135],[16.57414913331734,41.21981799896962],[16.584022050850635,41.20999330932131],[16.62684260990354,41.19700415754418],[16.6640521028523,41.193791479186004],[16.700175372926314,41.17887582868632],[16.778189341650673,41.162479885195104],[16.810938984387754,41.14236926438101],[16.830637303579064,41.13877802035411],[16.84065449812887,41.141305356152145],[16.85523540387064,41.13114231447958],[16.863980879095685,41.13233988327884],[16.86759859294814,41.13657417750076],[16.86477880071902,41.141003893146056],[16.840629605543036,41.14285752174584],[16.841096239517643,41.147074208632745],[16.86954593689584,41.145296691404035],[16.87545674806662,41.14060585952074],[16.875623819095313,41.127055079393514],[16.880289558982657,41.12463301336323],[16.929940460762772,41.113819393995655],[16.96166676322327,41.09999220138292],[16.98582558189713,41.09621636645992],[16.998724544181187,41.09021253804491],[17.05572553668987,41.08005508772612],[17.143602859730517,41.0389735892593],[17.176956597180947,41.03105476693182],[17.20348310454202,41.010542447881704],[17.2053129337094,41.004524127281194],[17.23857519677279,40.99505300334607],[17.26593023880099,40.97576591071894],[17.272251072249524,40.97741423221317],[17.28368524878633,40.97164369157484],[17.330588015877495,40.93654553270879],[17.352156269363253,40.907472676527476],[17.389791473018295,40.894903020964065],[17.416723523661958,40.87237456043318],[17.459161544134293,40.850872784152294],[17.4803200442896,40.831346542499205],[17.55788453644232,40.80097110998002],[17.63514915387677,40.78278933263124],[17.708701883637985,40.760124522722705],[17.74784580686774,40.73571572390002],[17.799060873234694,40.71540230693256],[17.80032723904903,40.71337403677892],[17.803971300942184,40.71751073062984],[17.816816652691475,40.71437373191392],[17.80715153243084,40.70789264709165],[17.818745103303886,40.70214786711255],[17.82234658272339,40.70810898066808],[17.83062915959287,40.703653931111845],[17.82658892345428,40.698569602500896],[17.839467686842934,40.69339781230521],[17.92569432324651,40.68173249345476],[17.93152082432674,40.68284574818966],[17.93452800193904,40.69184570555635],[17.95462889275328,40.666324133216655],[17.99832919758653,40.6656550918509],[17.998547292312,40.662742151318504],[17.989875465901086,40.6619525550402],[18.007678268688895,40.65616097824716],[18.003338768152236,40.64829315086402],[18.0138857664655,40.640236368839936],[18.037474980714965,40.65246755499003],[18.038555257414398,40.651562805429556],[18.017401588287367,40.63156626681221],[18.024474591602615,40.61871632845938],[18.04839216688201,40.59778886142368],[18.0376770294633,40.57166593938993],[18.044595291679826,40.559983958022684],[18.077193239446284,40.540872870957365],[18.08323501765312,40.52678001347884],[18.10930358979927,40.511773741589856],[18.127271512097085,40.49616705615427],[18.17119110968804,40.4825651865305],[18.184994728338093,40.47210484877037],[18.2042423395855,40.46916295065851],[18.242916053898846,40.445509188485275],[18.280972816494323,40.408916625980304],[18.309472138082274,40.39244527415501],[18.308355236570986,40.38424974179854],[18.31808047188034,40.37434740811449],[18.364868195088256,40.342999332532266],[18.388155553599734,40.315931600642415],[18.403193659968885,40.30584360085832],[18.40394106437431,40.31195039865104],[18.41137991005211,40.300106474536335],[18.42475034280797,40.29597124988006],[18.4346992114158,40.28389495206175],[18.432952461985707,40.27453079055391],[18.443542841687147,40.270065898705006],[18.450972350297107,40.248178455834115],[18.467498223494015,40.22539914956979],[18.46169234965793,40.203769210732716],[18.481771016257618,40.1788156563516],[18.482843235835283,40.168299710686085],[18.495195586104515,40.153200230860556],[18.49133624339687,40.1490038620228],[18.494171220148484,40.14765257946265],[18.505190840335064,40.14948623390411],[18.5101661101724,40.140742326028736],[18.52141084579869,40.13619136909634],[18.509919611269268,40.12581683738189],[18.522280656461866,40.10415390814299],[18.48573532180037,40.07607024030221],[18.47731922817816,40.04240612470468],[18.438438987311308,40.02341039623418],[18.43416465255418,39.99829755634089],[18.42648751793499,39.99853633141181],[18.419489830189896,39.99332821776872],[18.40992262290763,39.97473512681698],[18.393178967412272,39.907529265900436],[18.40191789587292,39.88941505614265],[18.400850961614317,39.871514491674624],[18.395745831519548,39.86725734122087],[18.388237567817992,39.841631816963805],[18.392313646434737,39.815026801897446],[18.369646494472505,39.79065808780789],[18.36139609019414,39.79532661627246],[18.346247584253582,39.78895962277199],[18.330590847693664,39.795021886421715],[18.325114792576084,39.80527116255199],[18.313597792089006,39.80603118128641],[18.301673435670104,39.816701479145294],[18.268230797038008,39.83252154297229],[18.203848735440175,39.83637045786152],[18.16232576158091,39.856512056905316],[18.14772961048476,39.860000502846],[18.124696275555046,39.87858899247467],[18.119058504614504,39.87756136235585],[18.115980049625175,39.8740244203436],[18.116161834753036,39.884421154304825],[18.09879573230043,39.89355925746668],[18.087651508469534,39.89037564692979],[18.092752298941733,39.896600571743036],[18.074876610562768,39.905457975091515],[18.06617326647383,39.91718745838012],[18.04512018071559,39.927358881682586],[18.04246543273146,39.93457602936904],[18.027059334491916,39.947875643525165],[18.02336188222588,39.96107809331884],[18.010693009734936,39.96942124222193],[17.98692598274618,40.004570337815714],[18.00534366785451,39.99843815915489],[18.014909694563727,40.00793101881359],[18.017394505778658,40.02172448774605],[18.009956191332172,40.03841559948381],[18.00234886040807,40.04554957718435],[17.98217038299684,40.05254225601463],[17.956275479979467,40.04736555060147],[17.9491526107574,40.04242200702842],[17.940916141020452,40.04598212794398],[17.947398970555447,40.05631051632059],[17.954517423007474,40.053536922851194],[17.96765422464904,40.05616281199663],[17.993090407118295,40.06945737617519],[17.99496453341965,40.06771305515576],[17.98536545801866,40.06016105050042],[17.988546810285534,40.06054113743815],[17.998638287262594,40.06822557538339],[18.008121427293062,40.086468928064356],[18.007077469431376,40.10845696882096],[17.985182727493587,40.13857593960429],[17.961291913230173,40.14602806061138],[17.95645672541788,40.1571644303344],[17.93668528013038,40.169224944692026],[17.9170929277442,40.19128705095091],[17.914887279925196,40.200817190516744],[17.921231295196744,40.217604542119126],[17.918897415619867,40.225038809195375],[17.90814586192422,40.23300498166831],[17.908451863162302,40.23588592569187],[17.905595375990366,40.23522094001943],[17.894465905166737,40.24757858613786],[17.895757954016464,40.24426327834762],[17.879864777878478,40.256717069390284],[17.877776090246112,40.2651991240862],[17.883397480616992,40.2640016701483],[17.882155738861552,40.26575306699949],[17.875584970851772,40.27063896406484],[17.865926197341718,40.26553921319069],[17.860263452924276,40.27232823733976],[17.8685825340868,40.27555654306649],[17.858044195015562,40.28245909421089],[17.847846664858363,40.28352038021713],[17.84034424277996,40.27778419378284],[17.815498601097904,40.28745039317674],[17.771695438090962,40.29263671444068],[17.76139886753974,40.288467530819226],[17.75859763747485,40.29504005508884],[17.74210862407413,40.29310460559841],[17.729693091564574,40.29812776522194],[17.678465634378657,40.30248348402126],[17.50617715602022,40.29266045979089],[17.493011655843038,40.307993006387676],[17.45878723809546,40.314105081665005],[17.441557817703405,40.32765664787044],[17.401475115539892,40.33012025210727],[17.384217159774295,40.335559388741885],[17.372895154536778,40.34689762277109],[17.348299105351536,40.35236055006103],[17.338946326122777,40.359598101247215],[17.325681556529755,40.35874176740614],[17.308626168648292,40.36487162593676],[17.302850478250356,40.37207469036842],[17.2776077020683,40.37718430735244],[17.265893346631636,40.38875500263345],[17.231053906529493,40.39918153363983],[17.22162913674215,40.40641555390447],[17.20100089801085,40.405999800012154],[17.19887878936243,40.41370892067566],[17.204096908126438,40.41970423571634],[17.171310263879977,40.437385022557585],[17.16445679700316,40.445024921313966],[17.153031005150524,40.44245321777979],[17.135577736743684,40.45202162415763],[17.151674904699796,40.4535406783993],[17.164243060641866,40.464182765333376],[17.16359262360357,40.45398044936085],[17.179335154971923,40.43954290583545],[17.21073988307001,40.42422824895802],[17.226316677259152,40.425669711196925],[17.25230104328349,40.44341436652621],[17.24427974917298,40.46083281980766],[17.219044636101977,40.477176316309254],[17.179151245774815,40.479361293352504],[17.178320278434253,40.48754349289425],[17.1767377680828,40.4860578340691],[17.165015668006475,40.49816082647659],[17.143993701829917,40.48948562000524],[17.14277681562729,40.49080330203913],[17.138771795644544,40.488295162131735],[17.146162495981933,40.50503184026072],[17.143999664119555,40.50812408325654],[17.112526249016366,40.51751563522715],[17.068426342440453,40.51532664503193],[17.0270132287724,40.5049206566476],[16.99683027274177,40.49304972072176],[16.924106849272384,40.449772845369],[16.90383443725234,40.43403754908408],[16.86769693574757,40.39552640802165],[16.84759021946253,40.39980261396802],[16.84380141895562,40.40873412517085],[16.834656183074813,40.40811990685537],[16.806480359539368,40.432249650977866],[16.806798241848284,40.446442411216346],[16.80073618692729,40.45570450563908],[16.784936287362548,40.460656494663986],[16.759300072624757,40.46052955637845],[16.752090771006692,40.46274083535478],[16.752670528764774,40.4647456103499],[16.743244614083235,40.46217174933034],[16.716668478386385,40.47922208935991],[16.73406291590389,40.50813815390714],[16.733649046683112,40.510224309962204],[16.722467419862543,40.512692978759276],[16.712402529867305,40.524189196302366],[16.72075619086454,40.53496938063779],[16.703762319180445,40.54826399117692],[16.702407505106937,40.55524008568461],[16.713545063819943,40.582222470948345],[16.708312621816262,40.59371908386562],[16.723977743141095,40.60188192118448],[16.709861782948124,40.61471139562148],[16.70682342372529,40.63297277701629],[16.72360953947138,40.68643705773572],[16.714264583179204,40.687192679134874],[16.692642640785905,40.7023060124026],[16.704770452465755,40.71540067292746],[16.709695648018158,40.70862204567788],[16.719591183644674,40.71376273998282],[16.6712073385841,40.73683441336048],[16.6653764793859,40.74297832006868],[16.664120211472984,40.73476123877684],[16.65213231398842,40.734022845209665],[16.645597474939166,40.73725509580161],[16.649393057882524,40.74309451045202],[16.632135502553773,40.75129082410515],[16.607341176702104,40.74955754047899],[16.58015438940094,40.76093956576358],[16.570746028157068,40.75413066211051],[16.5816090002026,40.74184019778681],[16.57329906016313,40.73425588262692],[16.56143013395142,40.73808354746648],[16.552853225659486,40.75476015693654],[16.53794961587623,40.750192129436165],[16.53531019686506,40.74583958230527],[16.543248615388045,40.74344918109139],[16.54733513530927,40.723640391433925],[16.537476231129848,40.72261300369498],[16.517952290834028,40.73969338602327],[16.51934190361179,40.74539222098349],[16.506338693501807,40.75175489688292],[16.501044105784793,40.75815993640804],[16.481887868535363,40.73531325447962],[16.431854601599753,40.702706477615294],[16.413388049020853,40.69951248205555],[16.398008590867217,40.70576993321446],[16.378235586372195,40.7347763577175],[16.346877401003276,40.747921647982615],[16.314229197094985,40.781454068286244],[16.27604131704277,40.80004678290072],[16.26674012756865,40.8132961926785],[16.25362330852587,40.82178463185567],[16.24976901691198,40.83144629306959],[16.239361596826182,40.83858698886609],[16.238937337230386,40.84635182892022],[16.228955788480203,40.85287231440782],[16.221030256299102,40.88586172388545],[16.200423142431937,40.915742511482186],[16.16412279493023,40.92589780092625],[16.16045467116665,40.92172710588932],[16.14762117333928,40.92172474953489],[16.140671776067485,40.917129875394956],[16.13692087733755,40.9053372172369],[16.120887374746285,40.89464040892245],[16.091186775356,40.91870107361705],[16.057594025620038,40.926908831426886],[16.044244777477893,40.93509501805179],[15.974200664527498,40.95681321141635],[15.968021853909482,40.97435619817479],[16.00688582433927,40.974314723713796],[16.02456886639261,40.992411450095396],[16.028988727030644,40.998819156732935],[16.024790732391242,41.02544625937612],[16.03760776732784,41.02982314191586],[16.037791613496605,41.03503243944129],[16.00714712762343,41.05619194908673],[15.997912842596707,41.05056152265871],[15.977063103689442,41.08131957000777],[15.979385331153503,41.088539197897575],[15.975112032622418,41.09188682359045],[15.948584099838925,41.090631353832066],[15.956640007434537,41.10023329629412],[15.951351268027263,41.10888944284223],[15.938539688337517,41.11112861049257],[15.932822626911458,41.10647308164581],[15.919481767425781,41.10915666873034],[15.90042482941595,41.12356552120164],[15.89275875008785,41.11972682182934],[15.87878562989757,41.13501396039739],[15.871795093962247,41.13708641148292],[15.866873339305753,41.12866479864066],[15.857910849640438,41.129028293463655],[15.846951557537837,41.12305193812958],[15.834907473787514,41.127177609117496],[15.826935909546034,41.11585873238658],[15.813474943166998,41.11450311424968],[15.808003152859508,41.10979377143108],[15.80096585015349,41.09015376779879],[15.790997939949486,41.085431674408326],[15.782436278144742,41.08734872425114],[15.76739287166942,41.08035951738027],[15.750955036703399,41.09538160501956],[15.74243061796092,41.09716833969404],[15.732266043029446,41.09686329655347],[15.72716198182597,41.08867751131871],[15.678390948202901,41.084476998732086],[15.674156828909794,41.08759534730862],[15.645963187448968,41.087397108075784],[15.618395748794958,41.09677379746079],[15.606992372428238,41.09387727039538],[15.586267629215472,41.09596818103934],[15.561836918256972,41.08652487492048],[15.55130593935539,41.072190165586534],[15.543305983439984,41.07055132323448],[15.544952611322385,41.05247651426362],[15.487889626806918,41.06811386296577],[15.477390028532517,41.076247273540524],[15.460973814089094,41.073725362386526],[15.444663679651013,41.075956498019856],[15.425621522887962,41.09110776668667],[15.400131903418519,41.103903080291595],[15.39758212197652,41.1043375310723],[15.38447571740652,41.09108215524917],[15.366356389056973,41.08199662410711],[15.350405013562334,41.09263092278255],[15.33102755489715,41.09419310778692],[15.314703019343186,41.10119512095035],[15.298376324272294,41.0906962430157],[15.261538128013365,41.10386323456827],[15.26051681397449,41.11391376065803],[15.234046017675071,41.13790625012221],[15.218930411889275,41.14082058607908],[15.207714687118441,41.147836324650235],[15.206378611370836,41.168427751846956],[15.225636035701294,41.18671600204117],[15.258539346155763,41.198683687072894],[15.243168857879139,41.22344783923735],[15.24278502467659,41.23617625381395],[15.252238430169658,41.24120157944954],[15.261373032248466,41.23927146029497],[15.276018146074149,41.24230711785787],[15.273123477947893,41.2483515644448],[15.247604091622007,41.2688921244287],[15.236345445018971,41.27001106461983],[15.218835526803675,41.26182407360882],[15.21346113909006,41.27413293689496],[15.196583227704949,41.27783285507068],[15.19742151348193,41.283921651119854],[15.154617381211127,41.28124921357186],[15.149470528136229,41.27763539022248],[15.132580641374211,41.286084822916976],[15.1363889996885,41.29231969371761],[15.123598747253503,41.30224753181443],[15.127085679719993,41.31534756765334],[15.111322525545537,41.31719325371446],[15.09856452836428,41.32567043348776],[15.069594487937435,41.33084561737028],[15.055186782974864,41.37289787854618],[15.080164220716131,41.38977365331043],[15.093930088560473,41.39210436656979],[15.08344806469834,41.40706309757521],[15.089436053994259,41.419679195406566],[15.099889918791565,41.422404377304716],[15.098029355146787,41.4289968016289],[15.096488740881647,41.43169481870855],[15.075344343364817,41.43049930194235],[15.061876648635897,41.438555446331826],[15.044310339181623,41.44148264254991],[15.041066924146074,41.45335412122011],[15.032823840356274,41.44989055333601],[15.027605206670339,41.45435289020867],[15.021248594496926,41.4757484382017],[14.97791803763776,41.50392199905538],[14.96465329732848,41.51708371730117],[14.935716842675044,41.52352010484117],[14.934517043737797,41.54788054888876],[14.94563501460479,41.57418442445545],[14.947326175378166,41.592240318587955],[14.942151120157323,41.60037134553801],[14.94458514964757,41.608033077808514],[14.930330507729817,41.6200455901756],[14.959424382094916,41.649156079574496]],[[17.891316658880953,40.25565796431172],[17.905084246580397,40.24763109324203],[17.90227291614113,40.2543632728253],[17.891821043384947,40.2564618066881],[17.89112332340319,40.25615390240021],[17.891316658880953,40.25565796431172]],[[17.989230857124543,40.66189382985628],[17.973690197021725,40.66047672078193],[17.96760981310243,40.64991607378428],[17.982141928241557,40.64675554079469],[17.98962027532537,40.64842700535588],[17.99500349172188,40.6518795689151],[17.986019552648695,40.655465235272],[17.989230857124543,40.66189382985628]],[[17.964390519714104,40.649848264231686],[17.964514105218864,40.66024287284607],[17.963966041508602,40.66026391185851],[17.954367256073173,40.646509512160314],[17.944587566908687,40.643245692925845],[17.946920654332953,40.64339525356373],[17.964390519714104,40.649848264231686]]]}},{"type":"Feature","bbox":[15.334971175904862,39.894802042781656,16.86688530999867,41.13992129764297],"properties":{"reg_name":"Basilicata","reg_istat_code_num":17,"reg_istat_code":"17"},"geometry":{"type":"Polygon","coordinates":[[[15.320351268719648,40.83933759130794],[15.37069634755047,40.83929298436217],[15.372526848500423,40.841895119162075],[15.372544733772965,40.863963752557254],[15.34977048577276,40.867142307905816],[15.34801088567024,40.88625860939624],[15.377188883912666,40.89066989068818],[15.389218068877103,40.881129399803534],[15.401508867072254,40.88616456693925],[15.431588351522251,40.883974386248795],[15.460201596033784,40.87241649465237],[15.466400151844674,40.87606707181208],[15.460678711511088,40.892273113257914],[15.522470594654738,40.91117330906431],[15.536930213091411,40.94825185519789],[15.56348276819723,40.981064696311414],[15.55765591103186,41.02866730300135],[15.545886147672748,41.03701245793259],[15.532821285538416,41.07149182022524],[15.556062656656554,41.091784237817606],[15.584204345796614,41.102662193119144],[15.618020312349515,41.103727550471575],[15.67981162985281,41.09131364322101],[15.722664843145449,41.095004673016085],[15.736098736140104,41.1043417117987],[15.755698726461851,41.10139740196236],[15.770223476223695,41.08839459076662],[15.792995694722984,41.09446454242867],[15.800504238497629,41.114070759823385],[15.82063445594306,41.1212514916404],[15.828544329540827,41.1345423188764],[15.84536288053127,41.13054495873696],[15.870109872447717,41.14552803620283],[15.922909610036712,41.11557665747152],[15.957111680625326,41.11521521695357],[15.966594769565708,41.09969090713889],[15.963755882288991,41.09630854892392],[15.986962590299024,41.09310609157664],[16.001614479646456,41.06137867632877],[16.0074415404905,41.064930798074116],[16.04648781236242,41.038180182550995],[16.046235858258143,41.02544811225574],[16.03368085992293,41.02116171072582],[16.032819473562565,40.98967393335094],[16.01128908870536,40.967641670657635],[15.979396654290115,40.967678207009975],[15.981504944842609,40.961689533307855],[16.09615070997484,40.92436213251818],[16.1201263260783,40.90494073553914],[16.133951655939292,40.92172349857618],[16.162484031182164,40.933440331917836],[16.206550251429306,40.92111262839209],[16.229359242353958,40.888033874123856],[16.237141210308675,40.855624768122986],[16.260918405153824,40.82557407720999],[16.282160899701786,40.80494493489784],[16.320223542404023,40.786411488819375],[16.35268898017373,40.75306432624624],[16.38470136420283,40.73964335668699],[16.403846039060713,40.711555782952274],[16.428638513891073,40.709390779484195],[16.475257238355326,40.73977318714648],[16.50059528357647,40.76999102493537],[16.53128297832279,40.73951645840945],[16.529680348474482,40.75485548814355],[16.556667391965334,40.76312688285697],[16.561988333163796,40.756993782924944],[16.578729977287942,40.76911023208672],[16.6090606825629,40.75641342164333],[16.67367227532762,40.762200863336574],[16.675105065980635,40.7566945361928],[16.663530175736117,40.75428647474163],[16.73492386396621,40.7136456702381],[16.71084571004579,40.70113921553628],[16.733833790695563,40.69048248299337],[16.715636365746995,40.632555106830445],[16.718142943724086,40.617477665862474],[16.736827637634722,40.60049152691826],[16.71869867360141,40.59104757419483],[16.72268808861728,40.58227863518767],[16.711769367544722,40.555837073023916],[16.7313161130803,40.5355307942552],[16.723083004441786,40.52490954191358],[16.743982156304714,40.50870900172413],[16.727328294372814,40.48103400374701],[16.744946562143237,40.46972977127181],[16.756441061678956,40.47286768023485],[16.807765946492886,40.46092969515472],[16.814745199141132,40.43501428970399],[16.82758986911521,40.42281799911363],[16.87485698596025,40.39858382784673],[16.790049696282566,40.29868817507649],[16.754890860677662,40.24418297276815],[16.74264430935871,40.20883759984373],[16.696337294644856,40.1488372190262],[16.645708836608964,40.112349491381636],[16.619210057069903,40.127579144721224],[16.56332889461282,40.125478369709526],[16.528582118869675,40.112619501418855],[16.515834765542177,40.12393427205442],[16.49250304292783,40.120552954991076],[16.4700212161389,40.12939950971563],[16.431307642457167,40.123006931344804],[16.425781616489203,40.12982745996203],[16.425516406389047,40.126400414849925],[16.414957645684133,40.11912301160028],[16.420101412041873,40.079945818213695],[16.39870950354087,40.04184909738279],[16.404388882365044,40.01602759979547],[16.366095904997046,39.96704938075604],[16.363535685033384,39.952150516034166],[16.34569505552807,39.93638771998494],[16.366175494388482,39.92086009566187],[16.35394832392872,39.89036522165001],[16.30698054814324,39.92971183360204],[16.26995439097253,39.93147515184401],[16.239066601524556,39.92096091931656],[16.220064849408953,39.92186392183324],[16.220513897818563,39.88848312506509],[16.16021075797607,39.91383222949532],[16.140048947741874,39.89654492214076],[16.104518609774733,39.90219386226124],[16.084279590259715,39.89187120757987],[16.045274602947934,39.89017880903565],[16.033389271905403,39.91292851377891],[16.009008132349273,39.92403420842429],[16.015510905870286,39.93414280246221],[15.999992265379058,39.95792455607242],[16.02743057203867,39.98357830029285],[16.025874491919282,39.98952345933833],[16.012606328170165,39.9913974243119],[16.010505210134546,39.98603288611238],[15.977485272800596,39.977225942925394],[15.965340462601645,39.987832872743105],[15.929346193968698,39.99613207803155],[15.895545192137154,39.974450977789765],[15.88669839182659,39.99042733398869],[15.87857216187005,39.99171726773856],[15.867129728947509,39.98376468592385],[15.848024785582403,40.00120299823378],[15.823534242520221,39.99782443695139],[15.798952674308012,39.968134858774135],[15.77818249925957,39.95779370019264],[15.77113365814358,39.928304130993546],[15.755445081977376,39.91717850240526],[15.729465219267723,39.94065448235652],[15.726408133941067,39.96238592679271],[15.723684367843102,39.96515660679199],[15.692550077661288,39.952747079214426],[15.690079195509869,39.955541500732515],[15.715222194728897,39.972865330109],[15.67588937377098,40.00397797626597],[15.669229116610603,40.02759767396755],[15.6614065501524,40.035400539834875],[15.626131690125984,40.03892980788918],[15.669651816381089,40.057237197373304],[15.666822825857881,40.06738549160831],[15.63649984959462,40.07972073224758],[15.673350635127722,40.088279528477855],[15.700290636042359,40.119346452223894],[15.703352057684867,40.139362534487226],[15.693789932211816,40.15957058791983],[15.709825611017468,40.17091822713579],[15.705563127359987,40.180441330315084],[15.724722426989812,40.189207634612984],[15.72991725736255,40.20609277628467],[15.74899039624447,40.20623397255103],[15.771319977865243,40.22140518338755],[15.787430509990436,40.22448657567985],[15.78065568248264,40.237645876573886],[15.798976344139128,40.252671367975076],[15.793212306665673,40.26906747799975],[15.799035269014354,40.27377086918444],[15.788686956021827,40.285935764982256],[15.74465154147708,40.2952467743792],[15.719991806988086,40.31451945481494],[15.723935686946112,40.321218013075054],[15.698696151710108,40.34063542203045],[15.703988561284987,40.37518339643072],[15.67183855491674,40.392374554728775],[15.660902688753461,40.38567241187777],[15.643613825032986,40.41088158764478],[15.58168779873087,40.44080425631448],[15.573685337661463,40.466090759595964],[15.533801677746641,40.485248841418866],[15.5287613646688,40.50133156020055],[15.542134905328803,40.50976112652584],[15.527702715130728,40.522148339134745],[15.538333317653805,40.532148897141425],[15.519490684580065,40.557983460369876],[15.527828508641441,40.564997376491945],[15.516032037645422,40.56646692105966],[15.506137605209215,40.58193384166309],[15.47129213740638,40.58859897075435],[15.442394280213868,40.60796026025437],[15.463105162661275,40.64231659528834],[15.487935876367835,40.650940887784884],[15.49567004789637,40.66178503192686],[15.42512838492506,40.68909858981799],[15.405243775884285,40.70957953896682],[15.37591924039498,40.721375547111315],[15.373152520451095,40.751979868084874],[15.384371774517993,40.76717562302734],[15.37391774084301,40.78019661349539],[15.38018554090697,40.79197316158732],[15.355712996132585,40.79526791914018],[15.369059753474096,40.80744700628288],[15.36391154199029,40.807882343300676],[15.320351268719648,40.83933759130794]],[[16.65817143819486,40.75317110121218],[16.648809859291667,40.7512217639912],[16.657255077615126,40.74717455224721],[16.65817143819486,40.75317110121218]]]}},{"type":"Feature","bbox":[15.63006171806162,37.91575437594164,17.20652649203476,40.143925890892994],"properties":{"reg_name":"Calabria","reg_istat_code_num":18,"reg_istat_code":"18"},"geometry":{"type":"Polygon","coordinates":[[[15.75249443230126,39.92411781613007],[15.763188317734825,39.931759710415896],[15.770386638574045,39.9618882763045],[15.792701551298956,39.97299990466148],[15.818291720424309,40.003909520223154],[15.851347353774056,40.008469446980534],[15.86792869472831,39.993335767084446],[15.876007573907277,39.99894994858943],[15.892819027992182,39.99628129480732],[15.898892301642755,39.98531322808647],[15.927350016329848,40.00356369806677],[15.970117573019218,39.993703130500464],[15.980070031569834,39.98501105508476],[16.003526702791973,39.99126719280345],[16.006573164388072,39.99904661573208],[16.03315086850738,39.99529304246851],[16.0368012859905,39.98133942693111],[16.022070897059074,39.973379943936386],[16.00995489178416,39.957047484771294],[16.016544530975654,39.94181290594964],[16.025409888338327,39.93451704875259],[16.02032648745429,39.926617696690705],[16.04025289401368,39.91753925467535],[16.050198612826716,39.898500048423614],[16.053790063691032,39.90083004719548],[16.081654522193404,39.89856612428025],[16.10247180231611,39.90918314310962],[16.12991920832589,39.908659563626344],[16.137548140650125,39.90440366246397],[16.15832134335016,39.92221362588334],[16.212509446250287,39.899441893811094],[16.216378459857033,39.917311402241666],[16.209736588103837,39.92905925243348],[16.237459724365028,39.92774359738469],[16.268928243682804,39.93845471709942],[16.282851507322288,39.933219709100726],[16.310681409995293,39.9364432113401],[16.351050878895308,39.90168130585874],[16.352543289686803,39.9024575502],[16.356430875113432,39.91841897049523],[16.345894712685297,39.92285325978883],[16.334433302937914,39.936055071780196],[16.34475085245827,39.951032131672285],[16.355921918232216,39.95574905895171],[16.35913838612114,39.96057886721242],[16.357567622896124,39.9690792466537],[16.395345297171453,40.01740888206204],[16.389791021164797,40.042644901535695],[16.403566553333135,40.07342199741043],[16.4113337720667,40.081435770929914],[16.410916857320363,40.10938098977385],[16.405594490914474,40.121660618292005],[16.417103768373174,40.12959457609896],[16.41876130154415,40.15103830633869],[16.435069310721637,40.13091532555718],[16.451364977813945,40.137073012181986],[16.47151536092844,40.1362979798075],[16.493165827928173,40.127779208434895],[16.50237599909603,40.13220785488218],[16.519386991561102,40.13092411784373],[16.5306520560258,40.12092552252586],[16.55413899575675,40.1307903886758],[16.57172461173994,40.12878275605429],[16.586745829752882,40.13550931219771],[16.609976722967765,40.131216919790404],[16.621278571574425,40.134613602881224],[16.641218261835817,40.12439137009874],[16.648923994777896,40.118149275027655],[16.60853702010542,40.07920816198434],[16.606963439696624,40.05500415863288],[16.601773880916912,40.043051816734064],[16.61642181953066,39.98673154601751],[16.632653065889986,39.966260194695785],[16.629668737577553,39.95599658762859],[16.606848592844578,39.929630289024814],[16.54059137854751,39.86941223045753],[16.50388698211006,39.823882540753935],[16.492493676430247,39.79910486456058],[16.48909323033859,39.782459484640285],[16.494720301563486,39.752901665770885],[16.508065799910877,39.73770292002019],[16.53238711834203,39.72560371767671],[16.52842037876107,39.67926571105519],[16.521152593452253,39.668336035751025],[16.523914329873758,39.663762521313316],[16.528478179590053,39.670006040860706],[16.5657063758651,39.644125243681245],[16.619288842996973,39.624190586250336],[16.688759327967677,39.623774717696676],[16.732463150032995,39.618613791484044],[16.755046406592644,39.626886915356685],[16.771827664192752,39.62279348461955],[16.818562150576795,39.59076299312539],[16.83571168143085,39.56274323534045],[16.868273136756056,39.54044279597453],[16.95799669384168,39.49893983908815],[17.02664061904186,39.48574323451153],[17.041541046048362,39.45478367707406],[17.054245533510326,39.441030221947614],[17.082132680342504,39.4238769478127],[17.116780842488048,39.40853974418321],[17.161339411315453,39.40280869859888],[17.137503957388265,39.37143247569784],[17.112122894103937,39.30726831151013],[17.114249671445936,39.28873994263315],[17.10769342442326,39.26619654921666],[17.109130150038055,39.25393754035252],[17.128928171497805,39.22682492037195],[17.15172958376213,39.20653204303435],[17.12035230681637,39.1448768122229],[17.111008497187466,39.10731669450021],[17.11339119169664,39.097376759245925],[17.12063013554186,39.089312041416584],[17.129641588484514,39.08726233667132],[17.116177024623454,39.10468128293542],[17.119541529471594,39.106495716611825],[17.137656146623048,39.088088679538544],[17.141843362836887,39.07969352185274],[17.135801764016477,39.071089514323056],[17.134542787926378,39.07604578577597],[17.133340914181996,39.07467639554699],[17.133918941930393,39.06888549064074],[17.148876891321635,39.04806125243316],[17.174328655659515,39.035115638979086],[17.198067385696962,39.0289768909578],[17.21000919708532,39.03153810058258],[17.207481263877526,39.0184791685218],[17.190138276602884,39.018051247441534],[17.166769216713522,38.993776026019866],[17.16344226613287,38.96969405100512],[17.173758192385385,38.956417674707374],[17.10333854702928,38.90334789714099],[17.095109924172487,38.888777170353194],[17.086336730047755,38.89547691604934],[17.0901976845163,38.904989782958296],[17.08374739740897,38.91011900779315],[17.042304309972792,38.91659031337014],[17.033419277835193,38.91422969103646],[17.03162131118684,38.906522524026535],[17.021169098833585,38.903278761664744],[17.003669992584154,38.9138279668405],[16.99541780342317,38.92842186245272],[16.979828838655326,38.93592473721642],[16.95834796701991,38.93642392266359],[16.891295835922598,38.925811225902834],[16.831475300415892,38.91157230759673],[16.77716302082235,38.89341224940701],[16.638547811924276,38.824484496310276],[16.6263254175128,38.8236017840936],[16.60803683151974,38.81046924476244],[16.57022559604271,38.766015354371305],[16.570668876091624,38.753054373777914],[16.54506497792679,38.72587699626216],[16.537678515704712,38.71102140095192],[16.538455513268097,38.704546453681544],[16.548817947675627,38.69369520555183],[16.556985917067028,38.693009190276356],[16.561443423896808,38.68086301188704],[16.56000413801352,38.64779560358251],[16.570856568963023,38.60085645264828],[16.5759535502878,38.564235327872275],[16.57471361988342,38.53510113430245],[16.58501939232097,38.46925200669908],[16.58471197288865,38.451558194472916],[16.573412981017782,38.4257681560307],[16.5049487735954,38.363213191667825],[16.466911402771508,38.33743328050666],[16.338281742576445,38.29904259296549],[16.320432541080887,38.286912119352515],[16.194641558785985,38.15642573440817],[16.166562555277117,38.1329078842052],[16.145882634551246,38.04323918140754],[16.147048360042973,38.030806493521496],[16.108989076602118,37.96630639129263],[16.065896943540704,37.9234713868633],[16.020478458314653,37.92040491914896],[15.998239088052,37.913454900665506],[15.954767212221103,37.917441206211066],[15.92095497707787,37.927417899441956],[15.875707616834589,37.923967004146114],[15.83992092092583,37.91689250868072],[15.760368420611135,37.914366014176935],[15.745354503831384,37.923089559663644],[15.731865187504425,37.92314331034693],[15.709393355446661,37.93452717888999],[15.694710816531591,37.94738047371658],[15.676246119051548,37.952163025650805],[15.638523398963017,37.99725613002714],[15.630287882807732,38.01933213625225],[15.65010796923174,38.030360388828825],[15.654034213455628,38.03952180073539],[15.644763689877658,38.05419387846712],[15.648689047096621,38.06525782923548],[15.63232703906358,38.074199293238],[15.627407145020017,38.09306049048267],[15.627947605914324,38.10321704585079],[15.645496546260988,38.115576031231676],[15.652443665014632,38.1341768024382],[15.652258232746506,38.151773746395754],[15.637720840435643,38.16815789954757],[15.637893013229304,38.177966827003324],[15.631153198515364,38.185146451289015],[15.633776191255059,38.233910710063824],[15.667511349142908,38.241529572976646],[15.69082164636503,38.253206970224234],[15.713105427174309,38.256699435357206],[15.734343698255469,38.25528114340058],[15.747923644382672,38.25914665482646],[15.792362175067206,38.28199830532568],[15.814663701027303,38.30194376029429],[15.826852653729269,38.325369667158704],[15.830248080533943,38.35684960189579],[15.855607617295693,38.381322692287455],[15.86913403422512,38.414728448274055],[15.895754859987516,38.45240393357399],[15.926344351439962,38.532653328373456],[15.925984513143545,38.5487561526947],[15.89896512710735,38.56289865487974],[15.890924764085426,38.57602655034375],[15.864570641109022,38.5909863332143],[15.843852273004911,38.61103978091323],[15.823472252257542,38.617916938802956],[15.83397613351657,38.646767027363374],[15.84608690356949,38.66079552301282],[15.87109285182084,38.67546084111466],[15.88363609527637,38.67568652884629],[15.905736859280099,38.686194473636085],[15.90933099994776,38.68369582924786],[15.922802876490701,38.68961504291959],[15.946975204211684,38.69340443155843],[15.984666429151982,38.72516971066867],[16.04318843439148,38.73003457700387],[16.048075745703514,38.72602049361903],[16.104030832141095,38.714213929227874],[16.11906979186804,38.72090427652116],[16.127911977733408,38.718332982095134],[16.13546982463454,38.72071162003055],[16.157956091686234,38.73914990936037],[16.180113340787237,38.749321389314744],[16.18562309077754,38.75701833614757],[16.210767563212908,38.81183663174052],[16.21793894129437,38.847552310342],[16.21755768251878,38.90672765084308],[16.213800625388807,38.92348804350796],[16.20914959839633,38.928428092227506],[16.196413995418524,38.92963062466155],[16.153852968195714,38.94994651317134],[16.128930101702206,38.99754526762964],[16.112516180457824,39.00920985780296],[16.095681968078754,39.03166799700374],[16.08038112247134,39.09327397058044],[16.06404709742223,39.13304726305844],[16.048113184527228,39.29835736431262],[16.033928941633338,39.347801001275975],[15.994150630737273,39.43848265884135],[15.978550418484522,39.459677929934664],[15.95639014111498,39.47672152116584],[15.942689890255846,39.501708767594536],[15.923149449833073,39.524892631326615],[15.901524687931433,39.535509428959486],[15.884149267005544,39.5393731647884],[15.873084180688346,39.55050273685076],[15.829192569061075,39.66701491568973],[15.814748173691429,39.6761792465606],[15.809660406134507,39.6969485857295],[15.786528437909146,39.69434942176146],[15.785906729022367,39.6961102448992],[15.808351359848563,39.70317150542536],[15.805512430331305,39.73026512546466],[15.782923241915524,39.81564478844907],[15.772521900956944,39.82171559832184],[15.774181642880697,39.83096565430237],[15.765040116389637,39.834794101031605],[15.77722360323685,39.85148163184454],[15.786561025823413,39.851789479120725],[15.788609053252587,39.86291272413624],[15.784539074972717,39.8714238022408],[15.762825324318088,39.86901474031313],[15.76962598757703,39.877411034383805],[15.78172123820086,39.878088445183934],[15.776307402861006,39.89278807267757],[15.75249443230126,39.92411781613007]]]}},{"type":"Feature","bbox":[11.92617912842132,35.493691935511414,15.652935490080754,38.81212646006353],"properties":{"reg_name":"Sicilia","reg_istat_code_num":19,"reg_istat_code":"19"},"geometry":{"type":"Polygon","coordinates":[[[11.911280326591285,36.79977771667733],[11.922803679410912,36.839952780392416],[11.954770001362906,36.85237327183105],[12.00030031854272,36.83315886238247],[12.001968839803371,36.834088639658276],[12.652438719289682,37.559070948413094],[12.637568758352394,37.56969991379154],[12.595718945848152,37.63287888747144],[12.556176943540429,37.65101528855056],[12.51153715357119,37.64888029706754],[12.457536329127748,37.69888143925081],[12.455772440330545,37.74428731202691],[12.43882941102526,37.77297219005698],[12.402166713020726,37.80421215903038],[12.440038739726727,37.820974576876374],[12.418536113536808,37.87884002959536],[12.410220733960825,37.883095185897425],[12.342850608527325,37.89729908694538],[12.331124276528412,37.90791723992701],[12.31280314600383,37.90712773409178],[12.288514844542723,37.85323756484037],[12.279071865974664,37.85490531110123],[12.283708401833293,37.90188799117175],[12.269159059404496,37.91253233971381],[12.264345811702904,37.923875510172856],[12.080120453123515,37.93361109549514],[12.03325351904804,37.949773429699974],[12.006982271566612,38.00237190493965],[12.079020047084418,38.005111041315644],[12.079305410901084,37.9812101276269],[12.098355607703832,37.96057083452438],[12.264913240253756,37.94951478749211],[12.269803608155174,37.96024447555616],[12.28556737420747,37.95533072776799],[12.295368803815272,37.9624602714167],[12.313247040020833,37.98934591726348],[12.306159706508407,38.01007670204823],[12.33824065222263,38.04156311406195],[12.361815978512702,38.00505738625378],[12.487392264164622,37.99635288885657],[12.491836997641263,38.00059272282482],[12.422097337810749,38.00800041655799],[12.509865242009683,38.030993503390896],[12.534222737501695,38.05135316458931],[12.457227565069271,38.0777234440734],[12.464873556783008,38.09433217065019],[12.554352191061263,38.07140933368326],[12.572514595474498,38.08281802191887],[12.608697831513181,38.077774125352086],[12.6369748644138,38.08776887390511],[12.646025750088725,38.09589281765998],[12.64582005832705,38.12042301892597],[12.674673547840738,38.12732067097373],[12.691847581141237,38.118021281170314],[12.702513848947657,38.120030525730556],[12.72064616329429,38.140560603034054],[12.699071258246873,38.173704337738585],[12.731721436260425,38.21197911176912],[12.746678260374216,38.188641365554574],[12.781871273578828,38.19299165265831],[12.783642832379027,38.162366797325376],[12.788014988135782,38.16218472749742],[12.805505316053107,38.138090718448446],[12.804758336402502,38.11479822683997],[12.822720411188216,38.088208964703526],[12.846392985168627,38.06867287412164],[12.881574502565874,38.060289051180035],[12.88476513173737,38.04317583886028],[12.89601198274372,38.036751980019076],[12.97064637184963,38.050563541011],[13.061306263244958,38.093416161381334],[13.05479875815247,38.11578829425665],[13.032346842232531,38.1415532735204],[13.0663959542719,38.160930665507124],[13.066177910599592,38.17924911056969],[13.100986447363328,38.20304747856189],[13.172564086260167,38.19629180081378],[13.175535038526526,38.18178657849216],[13.186681706774744,38.18094781611266],[13.223923703701345,38.19504613279102],[13.21260480629592,38.25677502217068],[13.255336815201117,38.210446702280954],[13.269781592483994,38.2102484364768],[13.29889038623561,38.228679517796024],[13.160376640928746,38.6811447742956],[13.13407405427069,38.68359060027789],[13.146810720829311,38.71939396330901],[13.16999146748293,38.73113509984668],[13.228671274517847,38.71534361859728],[13.191111260488102,38.68837195945057],[13.331982520776776,38.22746971621269],[13.340783548788522,38.20762596082915],[13.378320899548477,38.18957200015298],[13.389947810766893,38.15377860685498],[13.381300609603132,38.12922379874691],[13.400130280220345,38.11519193716188],[13.441733465221729,38.10672089965705],[13.486955884425548,38.113983315447385],[13.49262555126319,38.11629011554054],[13.498197702326111,38.1341965873439],[13.552618480435575,38.12108973676275],[13.551085214501054,38.07117718235993],[13.575862914099886,38.047717694931244],[13.657346186905551,38.00876340859977],[13.714232163697066,37.99996682736358],[13.720352813565151,37.987437215029445],[13.744341046440134,37.982063796381624],[13.829454983578856,37.99375233691153],[13.941704292373252,38.039553292093736],[14.002759568580476,38.04384831998094],[14.065975202431469,38.06301703652749],[14.051348547022291,38.04016394921606],[14.069780631760148,38.029976891053046],[14.12114338956665,38.02854267340407],[14.145426806238108,38.04411992500348],[14.174413919133343,38.02942303869124],[14.287191210699033,38.01879633062244],[14.340442089734962,38.03101517181912],[14.369839214331979,38.027855920795666],[14.424296087536694,38.05271956046375],[14.475761536556016,38.04520464448548],[14.523017242975525,38.054126902246814],[14.551708246366806,38.07189190134807],[14.58354276089659,38.07073523947512],[14.626948440282403,38.082368567355864],[14.667802332679727,38.1074945889206],[14.744841570605116,38.179989004123485],[14.787718837745308,38.163578896507225],[14.883315025708484,38.18291271748166],[14.902153836942466,38.197673484401655],[14.964941643500135,38.362360127437604],[14.94021501510145,38.375281566408084],[14.92043031804051,38.39996260205133],[14.940443568357894,38.43091603663903],[14.924626375295704,38.45045638493847],[14.903817773508843,38.45509468259136],[14.884223624060285,38.476082130778444],[14.889808827304709,38.507686987640156],[14.864242411853006,38.524825885302285],[14.844668211965004,38.52499919550176],[14.792645231362052,38.54957374977248],[14.58475956652654,38.541590751497104],[14.547156550538663,38.547284007294905],[14.533231911015461,38.56357443011689],[14.376537044360646,38.53825456923059],[14.364263001858783,38.51719961744289],[14.329399110846849,38.52382306566294],[14.32418201272429,38.55757748031512],[14.53403183111986,38.58971202051547],[14.55069957292906,38.598444921770415],[14.587826549935569,38.58998439209812],[14.597451979779915,38.570381951138664],[14.786668206746386,38.574952718193764],[14.797927912226463,38.59465084396822],[14.880545041383511,38.59471370469186],[14.884149493891215,38.545291796745396],[14.908726002076186,38.5283268751412],[14.922146463386872,38.534582138862525],[14.951242843293947,38.53462427740408],[15.041829264452542,38.632536793771955],[15.05310257791673,38.66092857271272],[15.099151248017069,38.65033034865414],[15.09972931963913,38.65437004139147],[15.08604727500017,38.659800124548916],[15.182705803894763,38.779122445961036],[15.170855133886105,38.79925802797273],[15.215587603898374,38.82559393972763],[15.262261392791482,38.804650670535246],[15.237380608494783,38.76864363572417],[15.21572431737099,38.75819512863494],[15.207262840132723,38.76169330068316],[15.131003048099544,38.661757538345],[15.12987768692344,38.633226057767104],[15.110861879382197,38.62123298508821],[15.087216297957285,38.625550728588635],[15.084557857150903,38.619388877159],[15.065635520407572,38.61519764181834],[14.976084564279915,38.51872038113931],[14.97689759507835,38.497992512865665],[15.012265218459977,38.48313578795481],[14.97219730450493,38.46682315615478],[14.97805477618089,38.45249809806546],[14.972954049941965,38.441612456712605],[14.984938355656679,38.42715697634294],[14.981060227664196,38.41733468970369],[15.009121000760056,38.404005434654515],[15.023875330472528,38.370016020270654],[14.996935917453499,38.35869122334745],[14.93391118893395,38.19480586918595],[14.974573850947966,38.16434722390269],[15.054254344664784,38.16337599139053],[15.067011552125436,38.140443796141575],[15.090020806533754,38.13285985299194],[15.164963432339578,38.16284268559334],[15.197155882803322,38.18999773910405],[15.225664468863535,38.24342476376019],[15.198659667884266,38.323534764820835],[15.202092841940674,38.32480226631552],[15.268909573727694,38.24866182486978],[15.258540396016192,38.22210923255689],[15.26360055265991,38.21968938947765],[15.290926120452838,38.2181051984662],[15.419265888406317,38.25175922402443],[15.513081869026324,38.30798479011527],[15.543075278550425,38.31369457635165],[15.61381261281031,38.285536511569],[15.704535411089404,38.272958320643006],[15.593687523149738,38.23658092099161],[15.5797780404987,38.20549792095906],[15.597691136949562,38.19865642140782],[15.542782168948573,38.135343298046884],[15.506158455605986,38.06861724168027],[15.362831963912031,37.91841101467741],[15.359236561428112,37.90438378498632],[15.317903218681694,37.87101995569563],[15.312094522649243,37.86141367111271],[15.320276393739574,37.84088292285992],[15.293704370854506,37.8369538264875],[15.286019092214133,37.82999382106072],[15.278691529863766,37.80991366038668],[15.22672698409906,37.75103806993468],[15.22026727872756,37.73643166541103],[15.234034067747599,37.70776274216721],[15.213559919753152,37.67392468920293],[15.213536532801319,37.64963468800381],[15.188910464733903,37.627766965595086],[15.191870891963374,37.56916447169937],[15.180454851706733,37.564607210001746],[15.179247317744016,37.53031454832275],[15.159910802911144,37.54680452549279],[15.154622256814589,37.53555058948966],[15.126373743388152,37.52235505443694],[15.112854373063843,37.49923938125458],[15.113591270512526,37.48993618949684],[15.104636992923766,37.48918751246829],[15.104879857756483,37.363103817193526],[15.113079231545813,37.322041211588825],[15.113880646042103,37.32097851658393],[15.14565947870039,37.317868758630894],[15.166930874725404,37.30136090296878],[15.185705337955548,37.303748331667315],[15.190303499814167,37.2973319766663],[15.208102897626887,37.30976057633142],[15.253901524334564,37.26613759133811],[15.25771601874898,37.25550969417465],[15.281458377083194,37.25004798573368],[15.251344451317792,37.21733761743914],[15.239062453627794,37.22233876837445],[15.23755516071591,37.18743608328804],[15.204427393067306,37.21693138739674],[15.198137114929931,37.21159821957169],[15.200170438560276,37.196453246441024],[15.214777027406596,37.18339821901144],[15.218469955164494,37.16382573435172],[15.236241549432345,37.17649711413737],[15.272841918831775,37.13294001432937],[15.310172451211614,37.15589059927263],[15.286379711102771,37.118177400416435],[15.309305036634518,37.11861788979664],[15.312988935125315,37.05802880633448],[15.310835555282077,37.0517325729706],[15.321991722930132,37.047930363016995],[15.351742942367943,37.00991536456435],[15.34716542431103,36.98892615548586],[15.308199732336206,36.99268299242168],[15.298007938059316,37.001593430234216],[15.283456272793535,36.99690129275755],[15.278668623025153,36.992648665694],[15.276000932695982,36.965935707864226],[15.216259861149936,36.953163158569176],[15.166204608891604,36.90858918868355],[15.14870336542873,36.85832209852197],[15.131034189624042,36.85202258524943],[15.121002812736693,36.837211491911816],[15.124650932629871,36.81374483811069],[15.113564524593082,36.8013045287284],[15.127068393894662,36.79226050747917],[15.110553221746008,36.777775127020725],[15.120068755787557,36.75757216595816],[15.133030672218965,36.7520472319233],[15.137450942063184,36.70601616714477],[15.144495592189706,36.69911115239452],[15.219248230195666,36.71237326837954],[15.223776064632244,36.7011200694505],[15.151031417091088,36.67508956579514],[15.1391756692802,36.64962236289377],[15.11787966538469,36.66029756939555],[15.074568332024906,36.62772546725979],[15.061169536693395,36.6486765702859],[15.046067115762924,36.6522376974834],[15.032368347024278,36.68011170233253],[15.015391589110651,36.68947785340964],[14.9722371505022,36.68048099293102],[14.953001893300666,36.68570561214659],[14.894848070017204,36.63511419142531],[14.87930717273757,36.6458043663895],[14.927188500034063,36.69857684839911],[14.903941350802437,36.71365251877759],[14.87702095961787,36.71911660069132],[14.853708113300948,36.714165694163476],[14.905984905359336,36.685293778508495],[14.897200778689296,36.67260952039363],[14.81660794849442,36.704090035592],[14.780332920829611,36.690624962201106],[14.742672797797104,36.70853865913938],[14.68405269587133,36.70973685068703],[14.631422952567513,36.75106340145856],[14.584910566462412,36.76564232488159],[14.486881823852665,36.77551903609422],[14.44711286202669,36.808937411727776],[14.430800203864552,36.865751769688906],[14.37141913395532,36.94940855248978],[14.290710489820068,37.025317405127296],[14.24963847132175,37.04858841085677],[14.154130598799986,37.08353396491669],[14.077388682899706,37.09803272751999],[13.98427465492769,37.09766885575],[13.94872360334895,37.0859223515243],[13.89237041979761,37.08580494831062],[13.843851382737945,37.10238129758019],[13.838998997535287,37.11948121210054],[13.818520454337227,37.1332137807814],[13.744973015139562,37.138034727480225],[13.717857444458035,37.16059079795999],[13.653065031790108,37.184483060028526],[13.630490029634576,37.2198107097329],[13.551822076994123,37.2728842257797],[13.536256040084945,37.27010725076508],[13.508430552250893,37.27980720254313],[13.481573779218238,37.27632098537657],[13.44279470790866,37.2852189811951],[13.4166260100796,37.29803782789031],[13.392046016195922,37.32437060312239],[13.345847536021925,37.34796321507372],[13.314273794723064,37.353117559724744],[13.28669959424974,37.378135484409604],[13.261696795031947,37.38116654125572],[13.241848352274562,37.417864232161186],[13.161341512702645,37.4817799146373],[13.148625236322808,37.4850670074317],[13.130809684323367,37.48029269354127],[13.077483935508427,37.49374981857309],[13.012540401510645,37.48238332869494],[12.981129504857662,37.529707029336734],[12.955794874624848,37.55186545065565],[12.918546178318818,37.56429303226254],[12.908505734470314,37.55997347424688],[12.85664459377239,37.570989134016926],[12.782964897998294,37.56927235696454],[12.6830187420747,37.54960236038445],[12.03275108478267,36.825308284692824],[12.067515023374886,36.79530834485833],[12.068875964845,36.757584679983594],[12.04995135943111,36.73803496127761],[12.857314710110307,35.883546326733644],[12.891190759726184,35.884392261767125],[12.899572130579323,35.846769131477814],[12.868486040660958,35.844087858296895],[12.643454742119717,35.51729328887988],[12.648481846710803,35.48102964282708],[12.607186344216773,35.48363124357832],[12.604187855370732,35.47925921256352],[12.56361399462304,35.500439182622635],[12.249005819203584,35.55152753239968],[12.253824427407553,35.57360004259628],[12.514374685926498,35.534541958622796],[12.525062191943906,35.542254703039234],[12.619049044035476,35.533259058358254],[12.840687183213396,35.85528812551705],[12.02260107294849,36.72528918716805],[11.98426683017606,36.726510795398916],[11.961289258454604,36.75546485722479],[11.948575232330384,36.757703213424804],[11.911280326591285,36.79977771667733]],[[15.261038746302143,37.12567696933607],[15.234671637902508,37.137130969166876],[15.234803928962595,37.13413199223245],[15.244731761031295,37.125580519790695],[15.256099473234963,37.12263667215715],[15.261038746302143,37.12567696933607]],[[12.481843872178377,37.975180547968826],[12.3545552436675,37.98009683964773],[12.338680598148576,37.97602490993449],[12.323797200188995,37.9540630011564],[12.329019826131857,37.943718726304226],[12.345903732272442,37.94997671125767],[12.384419907198064,37.927865281247065],[12.38301576520162,37.917225570603776],[12.426662606803834,37.90622268989659],[12.45626475938138,37.92362105236663],[12.483475585689254,37.96783551480476],[12.481843872178377,37.975180547968826]]]}},{"type":"Feature","bbox":[8.133825271143182,38.8591910621176,9.828420166045603,41.31332055942893],"properties":{"reg_name":"Sardegna","reg_istat_code_num":20,"reg_istat_code":"20"},"geometry":{"type":"Polygon","coordinates":[[[8.140493848124757,40.60635227572217],[8.145534583918309,40.607286330798914],[8.141911353699886,40.615474323052126],[8.145226670040005,40.6269815395182],[8.1625871117651,40.6305927494566],[8.185367028855993,40.63990516922876],[8.187952305949239,40.65757091749816],[8.197001968958466,40.67292898965928],[8.19496862957992,40.67408429584068],[8.194979425619703,40.67880968182839],[8.202875573924501,40.68049581126154],[8.20352774461363,40.68270816565334],[8.201900006193286,40.687656427485344],[8.193262367745968,40.69063045156348],[8.186740520245797,40.690013204277115],[8.173217757354863,40.69396029853562],[8.173913189915123,40.70117995857621],[8.168417783822973,40.707937438784676],[8.153946164346747,40.715354863632115],[8.14724992572014,40.724135902412485],[8.142083946450231,40.72680471595329],[8.138710544349925,40.72628035849958],[8.132255964860848,40.730997894470775],[8.133832460455942,40.738249183910526],[8.150574398270308,40.74959576946035],[8.164477073307397,40.76610763855444],[8.1660289394712,40.779988427458356],[8.158630423342366,40.79071858540323],[8.15946708904777,40.793994813773466],[8.161160722393406,40.79720040289083],[8.168618543297493,40.79763966233577],[8.174588195712223,40.80166571895663],[8.187403039607581,40.82090103282548],[8.19055452778079,40.82231776917473],[8.193937417762715,40.828314990877445],[8.193870589472525,40.835310031257336],[8.216822295166931,40.868808617733215],[8.21765732302027,40.878520395069465],[8.209152293987927,40.8792098890305],[8.21269939777306,40.88323263035353],[8.21873462541824,40.882936875678304],[8.222210888679085,40.88661481546279],[8.218018232699901,40.899437078894366],[8.203032391516123,40.908262581020715],[8.191286916589162,40.91196017222815],[8.186985896349015,40.91812905040618],[8.190224330400254,40.9213852291152],[8.189472258284312,40.923762965340835],[8.175359957598777,40.932052658957964],[8.175061457054573,40.93655452959205],[8.170505960336428,40.93788422490144],[8.172614015741942,40.9420937747991],[8.176913886307373,40.940838687732125],[8.197302450260409,40.970136318762584],[8.202075400571916,40.97113166160723],[8.20210591483838,40.97276964074011],[8.211864436565424,40.974046637851266],[8.211135868323314,40.98351384089686],[8.208495092834651,40.98420040320131],[8.207167711221752,40.990157986817415],[8.209498835832633,41.00365981274675],[8.21174986164323,41.00833995341782],[8.222700819382302,41.013791956509394],[8.227625621904302,41.02306298933441],[8.22630119389731,41.024528504727655],[8.216431052457978,41.027529739338334],[8.218929778680215,41.041402423477045],[8.222626135109126,41.04442565415958],[8.243065382221205,41.04773721582952],[8.247765363063094,41.04990092345178],[8.254431329734288,41.056588733719444],[8.257465609350827,41.06537193362378],[8.265709738054843,41.07413867695464],[8.277105846594651,41.07768812554308],[8.283318027359249,41.07657358205428],[8.283705631281402,41.07698116486214],[8.28050479003107,41.08732553669539],[8.271166307013905,41.09576191697707],[8.270266070598836,41.099720357839296],[8.275340856997023,41.10615575165543],[8.300499720265911,41.106065338804704],[8.30958935676204,41.10928096900822],[8.310355911025114,41.11808446505718],[8.318631483640896,41.12226849671022],[8.330638996869546,41.11101322890678],[8.326941608098847,41.10536887873967],[8.32758513606547,41.102771391683795],[8.331362069258823,41.10070037011738],[8.34574305793734,41.098355003951006],[8.352369866630506,41.087881601532146],[8.342151343296822,41.08396839129092],[8.337716658832367,41.079963723744726],[8.336468619782254,41.07437321478892],[8.342336705381683,41.07181470055516],[8.333330545146476,41.04853973217057],[8.326941482649692,41.05013165471364],[8.321148761593994,41.05485929778621],[8.283896871509867,41.06315669538887],[8.273346181375732,41.05322669647109],[8.265895349497761,41.05342617083224],[8.260175588579049,41.051135234358426],[8.26950087821765,41.04629041838744],[8.251735628841717,41.03228983421261],[8.244478113307848,41.03065943691149],[8.237381991491526,41.024979021060844],[8.238210424227002,41.02480733661948],[8.257974110870846,41.032771530610276],[8.250990514488482,41.025503780026426],[8.250496629757368,41.0180649332333],[8.26515038812046,41.00294335878204],[8.262519894690243,40.99263166759363],[8.256612966747712,40.98367106269994],[8.233040404937237,40.98811225945316],[8.230821670279862,40.98636727736012],[8.21536443088834,40.98623690816126],[8.217040040946115,40.98336160065665],[8.228673603160908,40.975930771727256],[8.225464547474987,40.969910722909894],[8.227779391434765,40.96675632039921],[8.222640593885483,40.964546256245725],[8.220554177141107,40.96738908409819],[8.215697744916078,40.96614539964184],[8.213325662292283,40.96963964985453],[8.208746450146847,40.968888196701904],[8.212819893971554,40.96403597689003],[8.22705755353411,40.95424824710709],[8.240484647204182,40.95398695268722],[8.230693668900578,40.93418201977391],[8.237564534655656,40.91695311636184],[8.234104119773601,40.91147640661837],[8.239380222056926,40.90398565426046],[8.251270797299394,40.890978211823494],[8.280170040684066,40.86661405559386],[8.31527585822947,40.84559320021846],[8.327113766621379,40.845203044007135],[8.342604149641566,40.84203544063835],[8.34915936811394,40.85130909047816],[8.36239558740763,40.85405251884827],[8.392150801892143,40.85171485863091],[8.3918720583781,40.849546340145224],[8.362482607473257,40.8515897614267],[8.352541430581168,40.84941137394697],[8.349734331343678,40.84075399110964],[8.368675381663694,40.83908205001321],[8.399167548847153,40.83951680358947],[8.403489605166207,40.841260572877914],[8.407939648436555,40.83904865172949],[8.413918003710142,40.84020973406741],[8.449841882594082,40.82233509411548],[8.468971410336318,40.82021400465632],[8.495777739047142,40.82170035496428],[8.545999402756609,40.82880846662803],[8.571150801701364,40.835906511618354],[8.590131113322943,40.843605684355666],[8.606744132094525,40.85211835392504],[8.623193680223213,40.86444872848921],[8.631140555543098,40.88204421615494],[8.657040066708781,40.89580866158696],[8.669730164564477,40.89831991180844],[8.683632812460425,40.9044838494465],[8.698107164260762,40.91551084181357],[8.703443537183146,40.91706371302019],[8.707277256010284,40.91551048550802],[8.707882217879673,40.921402724156906],[8.71375102715085,40.92105554926968],[8.713085684790672,40.914581042532554],[8.725571864655883,40.91387618825893],[8.732054179251637,40.91793467866003],[8.743154375406029,40.91973785666796],[8.746270583765881,40.91816357053175],[8.768227123327955,40.91702182690094],[8.789128371375025,40.92314392507497],[8.817111867980515,40.942181333186966],[8.835405152692623,40.95791916647297],[8.871688954136172,40.99599132425036],[8.875516358006346,41.00432462031338],[8.875286648883218,41.009552260362454],[8.861120587576735,41.01118418556457],[8.85906257959563,41.01720819979306],[8.875913656419673,41.01413878906859],[8.878606940082578,41.02986049236582],[8.892097247791952,41.02907953042385],[8.905599243096768,41.03768090498272],[8.915498514379436,41.036957182311895],[8.928004042731184,41.04447789894011],[8.974873234793465,41.08460040269022],[8.990101718447994,41.10495965140779],[8.996476433190734,41.10545121054501],[8.995002910824851,41.10686566477713],[9.012383227587394,41.12644160761314],[9.021257153980669,41.12765983006625],[9.04110952259176,41.13839574871839],[9.046218793096992,41.13905100559402],[9.052213291751343,41.13840266120759],[9.052573239495995,41.13477310459014],[9.058926308076368,41.129149776642116],[9.085959730824555,41.129115359282196],[9.108507034181795,41.13545548260706],[9.119534931694186,41.1452942519659],[9.12129469768092,41.14848544617612],[9.117378483308848,41.1508289933098],[9.118484395084353,41.15464761805651],[9.115715293362841,41.16042365095697],[9.121779017629136,41.16047744848815],[9.123408342973669,41.157291549465086],[9.125059211148336,41.157601166438596],[9.129750991807295,41.15380851690603],[9.151751892321627,41.1564678888471],[9.166494006959036,41.16872816451461],[9.169630495133411,41.174184161952255],[9.169598241237033,41.17643142030054],[9.156913487012927,41.182872458308815],[9.152600408378223,41.19721446311867],[9.15445623702603,41.20318571845611],[9.159234873634505,41.205385280046094],[9.165673581439773,41.22909346452488],[9.159295601646141,41.23470360638071],[9.1569974728961,41.2347030524681],[9.148476593368057,41.229524168786924],[9.14020845883109,41.23144878197341],[9.136432844504665,41.23847688359857],[9.143566964288517,41.24834224087016],[9.16296666320267,41.24272511353476],[9.16011429517217,41.2394910444716],[9.162716915791044,41.23729886662575],[9.168622726639436,41.24249785636397],[9.181878724537324,41.24916536252822],[9.18264846785808,41.256357329005674],[9.187227301523512,41.249356144519986],[9.194740108326458,41.24850869864871],[9.195937379231474,41.24458248315931],[9.206165552420732,41.25165269957501],[9.224832881544447,41.2603609692987],[9.236714871804889,41.260252774871056],[9.236191811246659,41.2566561371041],[9.241653517058051,41.25999805239822],[9.244144153426841,41.25606173480355],[9.238792390958482,41.25085739241959],[9.23649028442549,41.250773446190614],[9.238148665738022,41.24700017116981],[9.26037865634913,41.24309735356922],[9.276001135390207,41.23376870515394],[9.278978271847159,41.23584306054115],[9.282970888087412,41.23252154360887],[9.280005456583059,41.23045543920406],[9.281972079720958,41.228215205407764],[9.282915788782876,41.21679772792001],[9.271425736361218,41.197352264778345],[9.273077769593748,41.1954894878118],[9.277943293767816,41.19510579977885],[9.27702712419795,41.19767140705514],[9.279242214755087,41.20648222547911],[9.287462166897491,41.22166128895106],[9.3029891083822,41.201591913446],[9.2898103054628,41.19676558135865],[9.289062924665743,41.19604296003664],[9.29070806666341,41.19414379138664],[9.30198286798123,41.1917734499463],[9.31478059463513,41.193082129412765],[9.316755334886778,41.19482035734249],[9.31452261538402,41.19983777617304],[9.31616236882357,41.20407737239366],[9.321350469068822,41.204215454056076],[9.32421108620551,41.19836125078324],[9.320878732368119,41.19412992317023],[9.332530487133335,41.18690186388023],[9.334554586608814,41.18848011876215],[9.329127562393836,41.189295934159155],[9.331677928098664,41.19239826028618],[9.328205387747714,41.19500471215211],[9.336999218150188,41.20142281894527],[9.336662239039738,41.205476740202776],[9.349651980136061,41.20883128847033],[9.352655800636034,41.204108316810405],[9.353885504768114,41.20386125209302],[9.364176186325317,41.20941752765108],[9.367795580130348,41.19941834067407],[9.366803443750008,41.19338018407499],[9.371062646554426,41.184522228856935],[9.373977821344592,41.18460694508799],[9.375347131753392,41.187905289860396],[9.381658984586101,41.18898655036751],[9.38646708300117,41.181627962057114],[9.406237515718514,41.1776013088416],[9.409157583249945,41.17851334615805],[9.407360393971123,41.18591598235186],[9.395515152249763,41.18957016506383],[9.393965332673833,41.19761364999114],[9.407050541061688,41.20278382958084],[9.41405995534154,41.20821846134043],[9.413677334967023,41.21345929719598],[9.401693309199732,41.20909487297196],[9.380677047895249,41.20910532075404],[9.374451733507627,41.217862323019176],[9.373513561728796,41.2287638877793],[9.357325396870655,41.234198929051566],[9.34816303184665,41.228146947930185],[9.340851964051812,41.22864435513705],[9.33722343261252,41.22645453915454],[9.33402807275563,41.228942287489986],[9.336126178870925,41.23109308614],[9.331382949837636,41.235217006973045],[9.33155530102464,41.24591931526085],[9.321287662899815,41.24714350634177],[9.319449588271702,41.25057834355011],[9.323864027841458,41.254447566070105],[9.326255928516323,41.25151680896936],[9.333546104671605,41.250259120806405],[9.340104679677378,41.25546710065099],[9.341927224435166,41.25252209750079],[9.350601815296704,41.2529653087458],[9.359430935095775,41.248234628743404],[9.362183563079679,41.24252898003742],[9.360409684077212,41.23808714634871],[9.375383380608413,41.23305976434772],[9.377049714566052,41.23564183879966],[9.389430455268,41.23761303446197],[9.399250810324085,41.243557348014626],[9.401745034675947,41.25048051855034],[9.400941714850298,41.250622475711694],[9.400212971017398,41.2477235443116],[9.394400717773612,41.248567138472204],[9.396011166640372,41.254975485845414],[9.403090399136337,41.254682495521635],[9.40408984492666,41.25794968900092],[9.40861591327673,41.252553096860254],[9.412343027241132,41.25201502372826],[9.414311484212568,41.25645781449568],[9.4109856209111,41.25864048796262],[9.412478052021921,41.266298829379494],[9.400031579648392,41.27542674120119],[9.397381564733864,41.280823202929156],[9.398693015252851,41.28493151486003],[9.39594230150108,41.2867636758506],[9.397329287021808,41.29238991011801],[9.396597170243224,41.29272067869801],[9.383922151892932,41.296143759680135],[9.368498063111817,41.287492614048645],[9.367166583075614,41.28111230610027],[9.360845916100034,41.28133333919648],[9.362161354402257,41.28550929921201],[9.359476849036383,41.28460510604274],[9.359079876235088,41.278660469564535],[9.35591551538445,41.275602324660866],[9.34866657468878,41.27471299738321],[9.3340368616844,41.28167023444819],[9.3333602308673,41.28735078846272],[9.33864098376099,41.288761566109564],[9.339656346479018,41.286559097683785],[9.347045444432027,41.29042538117094],[9.356985294584236,41.28868151150613],[9.361386219781302,41.29019807127034],[9.360040690412182,41.29208164763798],[9.353885586526562,41.291898203059894],[9.346376948494667,41.29601272564975],[9.346564336867539,41.298615042624256],[9.340727596895295,41.30050358000746],[9.338795167713494,41.30021675035511],[9.338640276595696,41.29626272798026],[9.342395371746084,41.29299084500782],[9.33222285875896,41.29225519104391],[9.328863019898886,41.29430453234477],[9.331354368281826,41.298026802625365],[9.33269547513135,41.29764408721129],[9.332634807065249,41.30639619976437],[9.34136536662014,41.310678120517224],[9.350315231658143,41.30455161658828],[9.354023977545804,41.30461407538397],[9.360621241764013,41.29748908766061],[9.366005626887189,41.30321039844811],[9.373798529896531,41.30662349368347],[9.364954668458013,41.30816118655666],[9.368158806121926,41.310513174269744],[9.365993091822004,41.313634252342844],[9.37123310749828,41.315737473966784],[9.373103781348982,41.31304128096486],[9.37624080701952,41.31402023047005],[9.381207417792943,41.31184888682127],[9.385997814722284,41.300363343230046],[9.396275071911745,41.29758792914184],[9.3983790733709,41.303736271167885],[9.40383956914315,41.30261047480983],[9.403442454572254,41.297245595054314],[9.406046244437112,41.297971529722595],[9.409114063274032,41.293561612338046],[9.403507693692534,41.292416757617474],[9.403576609926274,41.28128654409019],[9.405952230599468,41.27734258172575],[9.416393729385838,41.26968445081112],[9.42258876789904,41.269170873168],[9.432826756338775,41.2603585127184],[9.428484879161697,41.256440407110546],[9.430827027852226,41.250185902670324],[9.43225817471124,41.251257851972476],[9.437070337101385,41.249817033512514],[9.439517469454183,41.23709534954582],[9.44307042732557,41.23853797343244],[9.449471144171493,41.23352497637904],[9.444281591129174,41.22672708103339],[9.448314087059408,41.22504745083652],[9.45004084622891,41.22649737383052],[9.45272746124543,41.225876211963005],[9.452142379607798,41.23030621335612],[9.4571556516045,41.2304532914261],[9.458957035652455,41.23502989435988],[9.457891349776071,41.2432849759879],[9.463342929726359,41.24521988799261],[9.46842583667577,41.244523604139154],[9.471810381797697,41.24805274863393],[9.475037889606963,41.24020386432253],[9.483102262715077,41.23679265566334],[9.48380281859896,41.225172766380226],[9.488814681186701,41.222363070134],[9.51575789529242,41.21950548518355],[9.518072147845366,41.22244494072298],[9.52287650719178,41.21999512815342],[9.519222299828165,41.214070090453454],[9.48899933654637,41.21778141803981],[9.48176596734189,41.210441406924254],[9.480237358950758,41.19899431312467],[9.46615256885716,41.18891699711574],[9.465412319695053,41.185071959136764],[9.466855259529792,41.184580165790734],[9.468970317424672,41.18709937657148],[9.48052937967431,41.18841815725065],[9.48251043260815,41.18557824340799],[9.488922882559987,41.186421325414706],[9.490984880058296,41.18295546583768],[9.4866708047693,41.17874226892947],[9.483544979156468,41.18091678792921],[9.467755724274241,41.18019388179084],[9.461928666399125,41.17138301386822],[9.457206792626712,41.172205415130215],[9.45616118690325,41.17557511342952],[9.462095279484096,41.18201068722466],[9.454062917362688,41.18544679186322],[9.452448644607195,41.19086646992416],[9.448438742089802,41.189937951920555],[9.44493194917046,41.18533761907414],[9.44628207981191,41.18326841486841],[9.436085725747649,41.17890089024798],[9.435038982378304,41.186689125421786],[9.431601530037355,41.18926471726663],[9.434737657378058,41.1930613376448],[9.43906361139481,41.19076669451338],[9.441476961753756,41.191243235457456],[9.439181452929455,41.19533483536944],[9.440828054978713,41.204313285357756],[9.451601951635638,41.200574283887285],[9.45469130240809,41.200946954375475],[9.45404854157441,41.20434034810197],[9.450333763764263,41.204733728335405],[9.44945620516458,41.20652109571419],[9.445311671655803,41.20533906407871],[9.443240301059973,41.20955690376718],[9.447539064264467,41.21078293154269],[9.445895651828234,41.21590215388025],[9.450310546408298,41.218434479418995],[9.450305490014255,41.219527811871906],[9.44179418858792,41.22270036631743],[9.43833568066685,41.212568930548755],[9.420607778794613,41.21199699494399],[9.424002350365901,41.193303692382926],[9.419772159286293,41.18761044732011],[9.413363851664135,41.18595386185223],[9.414937065762146,41.179471222630006],[9.42049407099753,41.17997243927959],[9.424698505918466,41.17737751434274],[9.425156213537038,41.1728669048852],[9.42302579662435,41.165378815156245],[9.410370149645503,41.16173722354993],[9.407133868477182,41.15817293738159],[9.409067563230197,41.15704616568056],[9.43060313190571,41.15583618094213],[9.433582497735728,41.15189148437285],[9.43451886794237,41.1463850973072],[9.431415033459528,41.14628071748984],[9.430641932597405,41.1449676081938],[9.443738864218792,41.13124631826929],[9.441598421783395,41.123372997398796],[9.442028056089914,41.10414831483052],[9.446698373903116,41.10294167035946],[9.46068742060757,41.12152153199188],[9.470298459493769,41.126342580515704],[9.470994132934205,41.13336132070932],[9.461908651499892,41.13614606755972],[9.466006242229904,41.144862467200525],[9.480393603447741,41.14179187039977],[9.485003210242429,41.14776286072723],[9.509944887568802,41.1419545756798],[9.516153206556547,41.14492311562256],[9.513485022895587,41.15222311026951],[9.502234138789127,41.1512050419663],[9.496306756968623,41.15416129898783],[9.519374564881412,41.15779967529595],[9.519435525621489,41.161766439799145],[9.514382992792884,41.163646061585226],[9.516380914572924,41.165197796090624],[9.513480696794975,41.16787107054909],[9.52550472659302,41.167528828204176],[9.530304495612528,41.16313205112489],[9.525336687799348,41.16120592892749],[9.525286614745497,41.157967554571634],[9.526942845946728,41.15795326414372],[9.53076123640028,41.153609143199205],[9.538365426149161,41.13706761116033],[9.539720207176213,41.13731882010955],[9.547422510335759,41.1343101957494],[9.546043803064233,41.1281208337686],[9.540422239856527,41.122391702688226],[9.541747385900688,41.11526807771062],[9.546666400154782,41.11390146949128],[9.552962996479831,41.12017060721743],[9.559316369782456,41.120806014017546],[9.565063242873169,41.1281938302935],[9.563508357569571,41.13082417639096],[9.567758671840629,41.134396456073816],[9.573858232534505,41.12627511489623],[9.567645613812589,41.123923766755915],[9.564752218682187,41.11911578357627],[9.566066386559319,41.11820880817318],[9.571358639313303,41.120956216328125],[9.573454514370013,41.11669121668739],[9.568973217975648,41.11428362844762],[9.572154310203311,41.1003845533655],[9.570669460556955,41.09769978855123],[9.585154807330971,41.094393755348946],[9.582609803937455,41.09199213688055],[9.58929009790935,41.07725171838346],[9.598248830790384,41.07852920478364],[9.599528330234113,41.07790662372712],[9.600452181714399,41.0825732571475],[9.603996504026599,41.0807874020323],[9.611718237191043,41.08492650654788],[9.608245016320947,41.07032531704778],[9.600506394860602,41.07047349746768],[9.596798725254038,41.07374029246903],[9.589952010319502,41.07276386866921],[9.589853853252214,41.067867219366924],[9.580517363922507,41.06555034449804],[9.58015386748413,41.06158180049034],[9.574115280390014,41.05979816830184],[9.567155395005217,41.0641670447703],[9.574587973936472,41.07080269053869],[9.582246168103229,41.07009211076009],[9.584195688954566,41.0747120433278],[9.576975208698242,41.09064153755657],[9.568228080085921,41.09345616360207],[9.561866157533576,41.08366566306515],[9.55187717020381,41.07798756967342],[9.543464725091342,41.08081359062093],[9.541486210255687,41.08433175522153],[9.543076193914251,41.087464845866194],[9.540994769680111,41.08827884653371],[9.530557088398439,41.07197693609008],[9.534104876392869,41.061512640823175],[9.524547650750451,41.05240732279453],[9.525682167574972,41.04621331046104],[9.532290304827589,41.04100130319897],[9.527019281542495,41.040389090367526],[9.515026167904523,41.0168425912144],[9.50905761159014,41.01476374218866],[9.507876632193529,41.0100445677786],[9.513240831364813,41.009046154940954],[9.523928861149733,41.012011357820555],[9.528254152203072,41.018835417796645],[9.525841786331714,41.02202909309884],[9.526159248304902,41.03081392335177],[9.53965479295414,41.03090947089359],[9.561892020763114,41.03921487590702],[9.56462695207233,41.034924921235124],[9.564337405586134,41.02483157331083],[9.557906652973813,41.01856509673038],[9.552610129481803,41.0072678698768],[9.556001526204458,41.00492422258863],[9.570408050830427,41.00568649680992],[9.573373141103481,41.009711739410974],[9.577652207338938,41.00821436888021],[9.575308573553226,41.00470798219634],[9.576542108252937,41.00422983887673],[9.590206696915486,41.01493551421206],[9.594406469722985,41.02477336644763],[9.600864719769866,41.02007812674307],[9.60898936922327,41.01924279753934],[9.622410409980816,41.00700929596207],[9.631386299462138,41.00321337274793],[9.642121677293188,41.002047053377645],[9.646408044085373,41.00458773778038],[9.65664440895096,41.005719609017845],[9.666751589368817,40.995405826362706],[9.653239118024167,40.98311989563474],[9.647846309389267,40.98377620419528],[9.647698354128739,40.978210943062926],[9.642233290204143,40.97625976900773],[9.637716803583116,40.983705751679764],[9.641225587619852,40.98404772106332],[9.64179781415733,40.9852680178337],[9.629646758315083,40.98963996591027],[9.622244690916746,40.99550431678783],[9.61945607964996,41.001052272908076],[9.611366109047475,41.002036574408024],[9.586538441980519,40.98731004193959],[9.584018900272156,40.98279417807969],[9.584324176623625,40.976483804786035],[9.595764116456397,40.968695212714124],[9.589404383063552,40.96061113082195],[9.592446476199683,40.957524767401075],[9.586669133162234,40.957570885453066],[9.582843275988091,40.95346834653667],[9.579205948810529,40.95320763154536],[9.569622058664004,40.94210316018785],[9.56967983066447,40.93650024952449],[9.57678397952382,40.93475168455982],[9.576248807084518,40.92723479446729],[9.563119518374716,40.92284470055193],[9.53818847435983,40.92482101276796],[9.533583671272625,40.9316011374592],[9.528592432423244,40.93240837154529],[9.526452983708271,40.92747329286079],[9.523344519916513,40.93188610944488],[9.518507331367527,40.92931831836194],[9.503815026754673,40.92658433714407],[9.503620380671526,40.91835668997882],[9.50849606230422,40.92001531599514],[9.508958791557275,40.92295642165003],[9.514803500904996,40.922419873636244],[9.513828935690624,40.916228871989354],[9.50488499091432,40.913782760711314],[9.505040838461673,40.91342294163991],[9.506904881086662,40.91250141038178],[9.522927132779754,40.914339118890645],[9.522135074783645,40.91840054963023],[9.527559827587822,40.91934831540483],[9.528682421303142,40.914998575161626],[9.529044471171858,40.91504004814378],[9.546073969118089,40.920519881937054],[9.56113235575974,40.92022836562754],[9.566593354831467,40.923352024634255],[9.569749312107664,40.91942482826058],[9.565792388677426,40.917561388332324],[9.566994825381306,40.91494080696064],[9.57469698775718,40.90681126121814],[9.578568489511968,40.90422649332601],[9.580545947168073,40.90694887472114],[9.586080710285879,40.90662882419951],[9.58353349019074,40.90206679487941],[9.588352093167329,40.90087103977595],[9.604649724548874,40.9110923649767],[9.607875912294476,40.918626647192646],[9.619849930513105,40.92128894548331],[9.629361872855075,40.91948220437761],[9.628970737930006,40.92104257241057],[9.634460893783164,40.926352594502866],[9.638929529467406,40.92382922018927],[9.638074553248321,40.92237224788844],[9.644892349985264,40.923442472637575],[9.644504405950588,40.920855043969055],[9.649539702836245,40.91944198797662],[9.648975271925071,40.91520905990069],[9.644989141478947,40.91551925359691],[9.62395784197284,40.89408006130623],[9.620082338658136,40.89493082558047],[9.616467829522957,40.89260637589018],[9.617390946758617,40.89032863368441],[9.633782248051867,40.88577495619947],[9.650307889712234,40.89138901893711],[9.653292326104866,40.89053991077127],[9.667903381330543,40.89644360564143],[9.672260299651022,40.89477867725778],[9.670994253315662,40.8972915053383],[9.67572228836898,40.899612093446585],[9.678942557424042,40.8957645054292],[9.719137215034195,40.91577925426841],[9.741555238399261,40.932302043405414],[9.741892006868499,40.93211356953016],[9.735758237404054,40.9226097733175],[9.736663423953251,40.92116884802807],[9.741084942584909,40.920805668317946],[9.743267498990738,40.91035683986993],[9.721550136701666,40.90401868046179],[9.692810859213177,40.88642775850371],[9.685930287121955,40.89037765346884],[9.676073774823179,40.88841572689361],[9.672856516805577,40.875093278732265],[9.667968839045374,40.87727449387804],[9.671607393846479,40.88999203332938],[9.668201609565992,40.891293602728325],[9.655062037426717,40.88616648064867],[9.637084666232635,40.88262647683513],[9.637497680263689,40.880172419505],[9.641483827937925,40.87536616622427],[9.643638409377012,40.875321310680675],[9.646039702958287,40.87708227652255],[9.643335634902826,40.87958333487778],[9.648021675498883,40.88225411985885],[9.658258494979119,40.87541898069525],[9.653950598044718,40.861430586835574],[9.658240351182574,40.85758064515684],[9.664450534960626,40.85687496246287],[9.66749000289694,40.85470924111842],[9.674317613063328,40.861546554157066],[9.674277000500423,40.86619845288054],[9.68015854022098,40.86622992957576],[9.680194492908758,40.862067319383826],[9.685821736659973,40.8604826852576],[9.694036125189289,40.84758585370388],[9.716154161170603,40.84352543699194],[9.721810839310981,40.84473809217241],[9.720191032436928,40.84668198660309],[9.728430636503457,40.85934902782046],[9.70962730605205,40.86680984822514],[9.71039452629925,40.87163490525066],[9.704059262316806,40.874439320868646],[9.707003848669643,40.8783404599523],[9.713120443228993,40.875632793859175],[9.715140571340353,40.87744913908698],[9.736878114463078,40.877355551094],[9.741752264938475,40.872907583974474],[9.780343025135187,40.87644060844028],[9.780028531057324,40.87240747729849],[9.743264324513829,40.868530409814625],[9.742364310171654,40.863616724863725],[9.737337754447623,40.85847637557224],[9.734237678501566,40.858159124498],[9.727355298156247,40.84670088557624],[9.729685307645958,40.84440061316544],[9.725428705403687,40.83745176061587],[9.72081563945663,40.834046144452536],[9.71205247433729,40.83179651998247],[9.709353753095185,40.82477203610919],[9.704947932486126,40.82762874587006],[9.706200235013249,40.832134211854616],[9.690726885783743,40.83590860784093],[9.68790323735805,40.83479421746681],[9.682370703675693,40.82345404564188],[9.690426856277215,40.81845662101118],[9.693473963505838,40.81107773851325],[9.689156441139986,40.80520888691654],[9.68442420648313,40.80481980117182],[9.683781029888156,40.8072704778753],[9.681566029025293,40.80781802956137],[9.6763343615838,40.805470020546444],[9.67258524867487,40.79918340803572],[9.6718677068578,40.78835951204006],[9.673828407657535,40.78328940620779],[9.687792485832345,40.7672558997307],[9.704290111349147,40.756629066943184],[9.715996624784975,40.75407043648679],[9.71984291669646,40.74786464179262],[9.714776109611355,40.74554178935958],[9.713028485522075,40.740223676165044],[9.713533073881521,40.73754003932155],[9.722160114548895,40.7383490635354],[9.717605351119783,40.733463992011224],[9.714366968003235,40.73310447482291],[9.715813860929307,40.72540675529473],[9.713876542335937,40.721272959945495],[9.716369739079504,40.71024441462346],[9.721344596285359,40.70276403856758],[9.73282402068951,40.695732623380785],[9.73854663066547,40.695631267271736],[9.747286898344187,40.68776478493469],[9.749948647465512,40.682507930976925],[9.774153516165866,40.68816661337821],[9.774813918408164,40.68686064271133],[9.751757246322718,40.67837936330134],[9.753236814911943,40.673929646847476],[9.750124607084492,40.66304723092329],[9.751363748828618,40.655158899072404],[9.745781323753576,40.651044374942835],[9.743680868074469,40.64530336224266],[9.74442529597915,40.62631655734659],[9.754991660140034,40.61527575096696],[9.752191882883679,40.61196570039106],[9.753183913896365,40.60124345099313],[9.764795522814488,40.587821226730675],[9.783432103966666,40.57851268245854],[9.789672107333853,40.57335028916242],[9.795463586089708,40.5571506951879],[9.793215754808708,40.550648201396214],[9.797283413238087,40.545092259346575],[9.810294106602825,40.538045606400246],[9.82577738762554,40.54388929388961],[9.818810755212317,40.53647274403924],[9.830014511833369,40.52878763735236],[9.821352548840014,40.49586074604724],[9.793766080840054,40.44229791527618],[9.784400728161275,40.43794292947205],[9.778125943509231,40.42820859557528],[9.775264830464222,40.421619847662896],[9.774516101214777,40.40699267244075],[9.76513737059343,40.39015963568539],[9.75545523050265,40.380148930405866],[9.74217637914958,40.38026830017843],[9.731433505191395,40.37461111254454],[9.68507734784877,40.33792129306468],[9.666915263435115,40.31917999626264],[9.65561707344513,40.300416370792796],[9.632965592048139,40.27604508348802],[9.625374991797305,40.25265218092722],[9.62565633977987,40.23555835828842],[9.63016306667686,40.22463051930904],[9.627173195156338,40.207944441539844],[9.63036786679432,40.19203868883601],[9.635360058143588,40.18045144421352],[9.644794627436962,40.174447707248945],[9.662677743578156,40.13963760383214],[9.685025268343624,40.11717365070532],[9.686319525722054,40.1122797911202],[9.701289701281773,40.103205152192956],[9.708864441724407,40.10167955201682],[9.729880239169567,40.09169009901641],[9.735178064525988,40.08670940060822],[9.737173322721707,40.07738162466245],[9.73520161683427,40.073207405981705],[9.728896128267374,40.06987546390055],[9.727999013900474,40.062153833507686],[9.721822363315278,40.048460449635655],[9.706808735385788,40.03306181914307],[9.701324803132863,40.01749997328376],[9.703161449510512,40.01223237183278],[9.701379668923312,40.000352046558355],[9.688061918629927,39.983823945278615],[9.687658218800179,39.97768034626177],[9.703601182903505,39.97613365113008],[9.709057124136024,39.97945762344134],[9.711645985550188,39.97540478056429],[9.706226373981385,39.97186545188494],[9.687375683449181,39.97320853259116],[9.686525388845304,39.958046968347105],[9.6882214379891,39.94888448673918],[9.700331902095584,39.93713233652774],[9.704680909106981,39.93771808323522],[9.707165536620245,39.94245887067574],[9.714013548254313,39.93972709137631],[9.717580687127887,39.930229115627725],[9.714131842579457,39.920197988327594],[9.705737316019476,39.92338095776671],[9.69443605872122,39.9184516398909],[9.684587581739564,39.905180776037604],[9.682236994903555,39.885884739843526],[9.683981410067975,39.87039544079613],[9.69823631286536,39.85370060584873],[9.697558621258995,39.849998231348],[9.68663946671568,39.84150297114609],[9.68425573452248,39.83646118707427],[9.675633100168195,39.810160529041184],[9.669873600309307,39.77666442315977],[9.669706567967213,39.76746494405496],[9.672886041908402,39.76424382709484],[9.674811132258686,39.75458932564227],[9.673599836327604,39.75375200771396],[9.6761202544,39.75207205819898],[9.6767383387097,39.72592773386517],[9.675058282592332,39.72058182471043],[9.677467040357596,39.7106821409875],[9.66954690810713,39.700088467662],[9.664534916836976,39.699592959557805],[9.661374487109972,39.696952846423336],[9.660880682322198,39.69234338079797],[9.665741145988987,39.682656875879026],[9.6605481070496,39.671596041313514],[9.652532184107855,39.66355241403892],[9.648657835140174,39.651645488074756],[9.659200533529232,39.59856798023067],[9.65692744011201,39.57020098631834],[9.651229742822256,39.56068810592084],[9.652883608679621,39.548669028616814],[9.64257984393591,39.5436143088132],[9.63825162220722,39.53049540537299],[9.6599784015724,39.5273196474593],[9.662511148441293,39.523964999275236],[9.658222501930144,39.521977327964336],[9.637116798672483,39.52600380798328],[9.632938453629663,39.50128923404938],[9.633900072112203,39.4974129199865],[9.638292020264087,39.49465168352358],[9.644303600817118,39.494356994565095],[9.646245725436946,39.49032319985861],[9.642732575237956,39.48250818369599],[9.647434447127779,39.46125924979682],[9.642834425795257,39.4526599498323],[9.640160039366283,39.438445858667095],[9.63237910618173,39.43282341664163],[9.60924830470415,39.38784314604568],[9.602377263311078,39.3684896660966],[9.598846595221367,39.34721449630423],[9.600406078771966,39.331188092637234],[9.606131657928954,39.31860093062128],[9.613840170843956,39.31253170497133],[9.61865057497244,39.313073348456264],[9.625381135561774,39.30945016194662],[9.626881733745043,39.311067789147515],[9.631519991751416,39.308409665144914],[9.629763825709187,39.30651667415642],[9.635493826230366,39.299126614388065],[9.63326860078074,39.29391560724244],[9.62124769757182,39.297333406457966],[9.613324589743804,39.296196211534976],[9.607936946681464,39.293403898068085],[9.589545731578063,39.274101195405734],[9.573060596944831,39.24390413588591],[9.56917224791553,39.214653636274164],[9.564328552742351,39.19796374958772],[9.565733204157457,39.18983782644205],[9.576625204600779,39.18723972914787],[9.58055430045702,39.17837034162874],[9.580282024138608,39.17500534276605],[9.571346742089455,39.169609096243285],[9.568804680734875,39.15518572598569],[9.601902857156334,39.1502035152726],[9.601842318859324,39.151845992526226],[9.606318652387476,39.1538650054576],[9.609371392556621,39.14965857575658],[9.607169975677447,39.147208326402975],[9.60987213352134,39.142628773777126],[9.609273318813594,39.137467115497316],[9.6036322806144,39.129141267650844],[9.603249640731107,39.143552887407736],[9.60180145876162,39.145629735655824],[9.568579804887554,39.15094298902893],[9.565271406819033,39.14112509934661],[9.558097226426899,39.133482614866594],[9.54912054394957,39.131226709671715],[9.539387189802202,39.13188782270674],[9.530228134519259,39.12599079230656],[9.520713199999133,39.114678621351665],[9.51977189612165,39.10521716397606],[9.524681759610383,39.09676027031426],[9.535927220312157,39.08971356212825],[9.535846810348419,39.086928195561995],[9.5368584375748,39.08744166348137],[9.54468164789602,39.08381443800038],[9.540566462052043,39.08025789258685],[9.539200693533967,39.08088807124754],[9.53542911234313,39.07910294904873],[9.52503726408619,39.08417996686527],[9.527045111779612,39.088827093375485],[9.521411275735915,39.09443203990595],[9.501291190866452,39.10770180098684],[9.503848919451263,39.11103290265296],[9.503526640498878,39.123926671864155],[9.507049484686794,39.11930434813009],[9.50815001156642,39.12153840537082],[9.506669300101306,39.126391310832545],[9.50212032186998,39.130173290256856],[9.484357579792585,39.13450764932125],[9.453205151811547,39.12888687459102],[9.447033774133871,39.12433232951205],[9.442793378964318,39.12558563465263],[9.437705618568776,39.12018421504251],[9.432603489578522,39.12512479388537],[9.432495944129734,39.12997950544233],[9.407333781812719,39.142809927550736],[9.404229735208073,39.143330272142755],[9.401457787447754,39.1394069122739],[9.390681672497402,39.14398414673263],[9.393076821490354,39.15452848850192],[9.38391874886355,39.15939092186618],[9.383260695718045,39.16258180946276],[9.370181848461437,39.17287403987734],[9.362836265212486,39.176187479148425],[9.349287961688686,39.17732163790167],[9.340257526397135,39.185663688699286],[9.337510339323776,39.19285971466165],[9.322327686668258,39.20009831350292],[9.319875669652745,39.203524590831286],[9.311730210557009,39.204718751422064],[9.303694256189262,39.20358085577398],[9.29666589550727,39.21217610143763],[9.246976602178107,39.21533370280002],[9.242067756121761,39.217343268167475],[9.236811234364628,39.22393597855447],[9.231095812698323,39.22651470121039],[9.21018993898401,39.22570611313738],[9.182623728363746,39.21571713451311],[9.166052707146848,39.203758573500416],[9.161645148171537,39.19423456820703],[9.168356240627196,39.19164466353186],[9.170541480349721,39.18811896143321],[9.165330348271457,39.181063415190295],[9.158605487375022,39.18016709477198],[9.145217865762724,39.1829514769074],[9.114548797785059,39.21078743599468],[9.109636151776787,39.21291851068259],[9.096398649139816,39.21298839841381],[9.062174278419093,39.192559498761035],[9.031380201616503,39.16289646393031],[9.019558841601832,39.14700059038988],[9.015675270947117,39.13110222460768],[9.010450987471037,39.12125201149168],[9.017639527725192,39.105739361475855],[9.015731754749499,39.098511987482546],[9.017872990846536,39.08711264283139],[9.047347907799498,39.05637778212842],[9.042176429309857,39.04129865423773],[9.030757370474623,39.02887058998246],[9.025793536862638,39.019929595223346],[9.02557291722803,39.00603312720253],[9.033955642021969,39.00613983214001],[9.034314122895024,39.00179787370818],[9.024034248705249,39.00151043277344],[9.015736665319212,38.99047260016959],[9.02651580861394,38.98599752004773],[9.023853602772913,38.98200047562622],[9.012197913725734,38.986839296272464],[8.997195827327825,38.98441935485909],[8.991300895885935,38.97425503730985],[8.939116755147413,38.93425350731878],[8.921850125567211,38.92427872636511],[8.911805428153201,38.9149068711079],[8.904218259877881,38.90431006806849],[8.892635939705587,38.89839727299698],[8.891942899302208,38.89473325363671],[8.888372560662452,38.89704044364988],[8.8806508717229,38.89440980480045],[8.866172820033457,38.88463625898946],[8.868691249167155,38.88232592945536],[8.864370170793366,38.87937358084803],[8.861815864345168,38.88171668020325],[8.855254796738292,38.87752652922442],[8.846176091856128,38.87560983083673],[8.83902940043393,38.87913936056665],[8.834301581314952,38.87567299351728],[8.828483564867684,38.87978512496065],[8.823609249586315,38.87874181655536],[8.822010479268354,38.883099126759],[8.82588320988169,38.88386181620597],[8.825324751651905,38.886612279254166],[8.818807924557703,38.89362056704522],[8.817288360525177,38.89418898915607],[8.809975899603915,38.88422339295928],[8.809420194770968,38.88439191075305],[8.81250658559342,38.895976239229924],[8.805702169417719,38.89851831573308],[8.803241447176957,38.898403749508695],[8.79975214050574,38.89361084537778],[8.793793243702174,38.89352274256522],[8.782280136355064,38.89762156632699],[8.778915698465374,38.912590890730975],[8.776259375369351,38.914168950492076],[8.774927275115335,38.91302698704008],[8.768421925581146,38.91421216678289],[8.7676271357528,38.912131801956036],[8.76216432390319,38.913431930220185],[8.76302688993642,38.915690179883974],[8.732236068935695,38.929600918615854],[8.722062911492566,38.936298351785005],[8.721596335567908,38.93605173185759],[8.721255519504405,38.930635222741216],[8.713467137643274,38.923643453709325],[8.720873008515643,38.91521974802188],[8.716061219721862,38.91012552013481],[8.708454134041217,38.92128374566384],[8.694147870968427,38.91764416436641],[8.682380446224416,38.9083009471034],[8.670989270905553,38.90696239618055],[8.6658386497713,38.91168857668942],[8.665488218323565,38.91161937269821],[8.66529100321499,38.908207137674815],[8.669123751097302,38.90543388459392],[8.67187228379898,38.89668414351742],[8.664855074367386,38.892796282570416],[8.658350685752417,38.89390413214693],[8.655754158185735,38.896754954738896],[8.650987852593985,38.89423905126909],[8.649762100109204,38.887295743362024],[8.654567306620494,38.8836750324638],[8.658230315493444,38.87007547501936],[8.644775829478025,38.864038794951185],[8.639324405955152,38.86379217650881],[8.634694174867205,38.867926378961464],[8.643799045201463,38.87604501515061],[8.63895401419906,38.87978759008478],[8.646376781206904,38.892199231109835],[8.645570282513766,38.89316216645499],[8.632324867392782,38.89429387724328],[8.621759967990089,38.88916512517294],[8.609095206233011,38.890039484349685],[8.605223418458179,38.89227094481809],[8.605559638688188,38.905717149663346],[8.617010228163934,38.9163972784719],[8.622118507667704,38.937460307517654],[8.614446400675371,38.95351497828693],[8.606593121635132,38.96057542937412],[8.59827180822915,38.961299395930546],[8.586606208156207,38.9536400522058],[8.58383243117658,38.95815427620485],[8.587235515560167,38.964417005353525],[8.563545754866151,38.999540579179296],[8.565370227511538,39.01247964724258],[8.572687910608103,39.016410342312945],[8.574937625510472,39.021956659083415],[8.573540688242957,39.031734528478566],[8.5678503360118,39.04080176531344],[8.560380361905006,39.04559418068907],[8.548162337813736,39.04320437605886],[8.526522266172753,39.05809747733918],[8.498704475410218,39.062235633699736],[8.467821878597585,39.05618545940123],[8.469966529632746,39.04904137090574],[8.45443959795859,39.025114476010955],[8.452458746940707,39.01817301541255],[8.452843211316766,38.989180427170595],[8.448398232994094,38.98250045452932],[8.442279432694095,38.97811299593019],[8.44650302198209,38.96946659663257],[8.438396472195786,38.96540492061728],[8.45368820311992,38.94178434547859],[8.453018320660076,38.93597120322163],[8.413256114798925,38.859827165733954],[8.407167855992615,38.85739615729801],[8.406900837280734,38.86356784041069],[8.446698303300408,38.93559633107221],[8.447269820968677,38.941650841973726],[8.434139682479664,38.960448378451154],[8.430598809337091,38.95890644418779],[8.419294258757587,38.95961059308756],[8.414576544754942,38.95378092600366],[8.405833258477168,38.95748725771856],[8.401770666170618,38.96196556833865],[8.402240448837441,38.973199567707304],[8.395839978159682,38.97505981453065],[8.392253244544433,38.983468256999224],[8.392833760941224,38.988779523845274],[8.387988043352248,38.99113115649344],[8.381162643566643,39.00282216111952],[8.38222865793197,39.005734201841086],[8.374227423846099,39.01136586979987],[8.36945575025592,39.018752039608465],[8.370801080424632,39.02063963051011],[8.36976563772302,39.02029338520468],[8.35902925860442,39.03736847455616],[8.35587798406645,39.06320395109854],[8.34836020854599,39.07614995373278],[8.34828334672571,39.086454541410845],[8.352485273255251,39.08200046143984],[8.353058008879556,39.082101560928045],[8.356625276054709,39.08710191167098],[8.35177488175858,39.09070378746765],[8.349920133438816,39.09534263306721],[8.307540144369256,39.103050859081726],[8.290523228847103,39.09434999738252],[8.28090803623071,39.095126183902046],[8.26165652737716,39.102019826175656],[8.254073179748104,39.1028006044078],[8.245321416719804,39.11084741868042],[8.251348117259525,39.11567607682311],[8.248968077230286,39.13280885741137],[8.233989079698013,39.14207401692207],[8.223683068113026,39.13947173134052],[8.218030051651162,39.14772768277584],[8.225415669958128,39.16153518656265],[8.229674216738749,39.165302716660285],[8.249357745034779,39.171594087629416],[8.256048248479079,39.17014451324131],[8.261110254592547,39.173383684645785],[8.259090496376333,39.175009386872226],[8.263189624278585,39.17816982660184],[8.265288375615892,39.17648045480147],[8.271084657361698,39.180904337711254],[8.289503721369691,39.18149956338692],[8.295986884279035,39.18020903258356],[8.30640040371613,39.189510342241995],[8.316116494762921,39.19250912608918],[8.31966525406976,39.197187580076594],[8.326883480489546,39.19154766923865],[8.325098845228426,39.18825535379285],[8.321640471378222,39.18798066012224],[8.320495656516439,39.18374561659225],[8.314611667094765,39.185101132535245],[8.315445170867562,39.18745764153533],[8.310373446858877,39.1858922895842],[8.310069042618263,39.16577670357848],[8.307441925915864,39.16022952958505],[8.311569184869136,39.14954324532416],[8.309036608954438,39.13015080831933],[8.311625325202966,39.113118519035815],[8.309980860221607,39.107241711177664],[8.351208888034822,39.09974270864543],[8.35887661749333,39.105364330009095],[8.358909018293907,39.110727384895085],[8.374575437989346,39.11534891472716],[8.381328634974162,39.10084393813231],[8.408908386859082,39.10293035774298],[8.42649205441644,39.11052854444394],[8.428569206444372,39.106234968754585],[8.439340312610236,39.10783434706356],[8.440388741455575,39.103398313907434],[8.430277564031883,39.10189697146654],[8.43264979642257,39.0967644475795],[8.4437736960638,39.09304041888915],[8.457514636071675,39.083547356112206],[8.465585318541338,39.083693966093826],[8.46570612851078,39.079181059141135],[8.458281843125489,39.07904621762532],[8.457890928936731,39.07718148050606],[8.460452778754203,39.06615403410154],[8.465349605044645,39.05922219199788],[8.47407083407789,39.060228500509126],[8.477196474681788,39.06258311623878],[8.47609585552484,39.06959286373662],[8.486131030095901,39.0836488344549],[8.484043404511647,39.08385122421065],[8.485416370158458,39.08701131857747],[8.485092912998443,39.08692074757249],[8.477919481984365,39.092803271603515],[8.467206396622778,39.11648989800826],[8.460787630673037,39.11995488983683],[8.450778982560793,39.11618309343125],[8.439386302570314,39.11637473089044],[8.434479101565529,39.12187067507923],[8.432048535483073,39.12990872751516],[8.437133675328417,39.141277557897105],[8.43574432132289,39.15544188243878],[8.413465665557544,39.1720200982641],[8.40931304446122,39.16365369756781],[8.415335713147648,39.160466747481095],[8.418033927537614,39.154826846824136],[8.41550529257593,39.148906899800735],[8.411600872039646,39.15032087121532],[8.40544155431818,39.1582758990173],[8.40001063618482,39.1789214623254],[8.39796743759332,39.1901939210328],[8.399817128113808,39.19359354814174],[8.395498916844414,39.19828609282759],[8.392483185434187,39.19877617958266],[8.389445939058039,39.19696711755738],[8.37111740779202,39.208822548996686],[8.366869366406311,39.215188375212406],[8.365595358362643,39.22460355751331],[8.355207728854845,39.223716239067016],[8.352017990102315,39.22687185857405],[8.354937273090549,39.23044588192342],[8.358390881778421,39.2285271639183],[8.366019228847096,39.229178591632774],[8.39983721380285,39.25343309714469],[8.410046399005463,39.265342824645394],[8.422071112366892,39.26845939464304],[8.435282721341421,39.290364151857915],[8.430323758796893,39.311325637744986],[8.425361475117775,39.31778890347663],[8.418789567190112,39.3199840900755],[8.416338417097295,39.3235280016034],[8.41880813775131,39.332233045064726],[8.415188413172475,39.33508752371501],[8.411689059902214,39.335601765996934],[8.403485509027977,39.33591347366881],[8.403276292491839,39.33230315340045],[8.396016182945319,39.332632949530655],[8.397586500267838,39.33682080985645],[8.393567892846695,39.33906347094229],[8.386567972126697,39.35210567442941],[8.384241793850354,39.364765966114945],[8.375245284118904,39.3677641098753],[8.371274291543278,39.375054707066404],[8.375970803062101,39.37853068258856],[8.378635155856177,39.376228713717964],[8.384807082802869,39.394419803520684],[8.391378328129447,39.396883028548295],[8.401210676249663,39.40533424414252],[8.410670964724345,39.42270669350942],[8.409515831573522,39.4404028570081],[8.391736305367589,39.44588113114545],[8.381753601331402,39.4570886116614],[8.385675802905713,39.47579821233176],[8.396426685538971,39.48557227039542],[8.403199079995373,39.487629488713495],[8.405662361075105,39.49019068904467],[8.44271523325679,39.53558507088094],[8.452340922862287,39.552028812791775],[8.453509822115173,39.56389368570868],[8.462801060319874,39.5768886860493],[8.462042751553055,39.587880982423684],[8.469059469330892,39.59907338980168],[8.464250765963392,39.61557868279198],[8.458798703113354,39.619259679410796],[8.45281755346434,39.619351397414235],[8.448101171094718,39.634156222738966],[8.452485807377034,39.66017095607191],[8.457396665042433,39.66792445629258],[8.449723855488394,39.67426210835216],[8.44495158276563,39.67447567463984],[8.44292160779679,39.678131914502686],[8.443409468126788,39.68616111023429],[8.44727168951448,39.68689958964166],[8.450706760724566,39.69342681303791],[8.453788640951725,39.71054584003346],[8.44596159058073,39.7143344613428],[8.444944499296513,39.718335344384286],[8.447510266453511,39.7210209637727],[8.447720624535538,39.73988799742505],[8.443818744398568,39.74809784334053],[8.44258682645054,39.758368365877864],[8.450485152501194,39.770839534691],[8.460705195925783,39.76946681249091],[8.470189761528276,39.758510501448896],[8.47357553797996,39.74908865529464],[8.500531793752817,39.71787272891982],[8.496060373668048,39.71625784461957],[8.50142662506755,39.71451055486928],[8.506413152167442,39.724224962682015],[8.50201226481165,39.728895904420526],[8.508805899461338,39.733383827861424],[8.519287790306329,39.74592608925268],[8.511219275178268,39.75336707678733],[8.529694586695118,39.770340911214944],[8.543975993147235,39.79551393680021],[8.553149627768716,39.83737970927182],[8.552432854004604,39.858440121585296],[8.56414971430678,39.86067564068666],[8.567106906911631,39.863390155464884],[8.551807583338096,39.86284796376022],[8.543497853249935,39.86502069434415],[8.537862565145927,39.86897822012913],[8.543936361376838,39.876049871387266],[8.538495328852557,39.884237312985086],[8.54215301949982,39.88520100282961],[8.53067228134947,39.89665217659287],[8.523492420522155,39.901630993635266],[8.509497361508119,39.90657683716797],[8.48775997357441,39.903863923692185],[8.491985585454758,39.908273239184034],[8.491804274558605,39.90835311942755],[8.479522106649789,39.903674529258],[8.468433075898593,39.902668835604764],[8.469998446842812,39.8992854020348],[8.457101580522005,39.8919652243774],[8.443334468455628,39.87956197356481],[8.441810062801494,39.86451620338871],[8.43683885596732,39.85601775963613],[8.430221321622028,39.861847631490804],[8.431002733219549,39.86582677097749],[8.4370758053806,39.869151514975194],[8.43694859544953,39.87590873997702],[8.43292638175559,39.884148420472116],[8.419496731619725,39.895026473314374],[8.410926167723307,39.89946335177162],[8.40142888308939,39.89716103237718],[8.398516214657068,39.901379192239624],[8.274115593931224,39.879493145157234],[8.2728448373071,39.88389137430472],[8.397338167257058,39.9057938068302],[8.399913592267565,39.95688881926132],[8.396321733565383,39.96977563809633],[8.389797951564274,39.97523769079047],[8.391389158456615,39.979727665555565],[8.409640578176184,39.99968469580989],[8.408992220486777,40.01074055020006],[8.411968362640305,40.01253889652517],[8.412599276682855,40.01679764323789],[8.404857628904445,40.029021965528095],[8.3995640533555,40.03184978275717],[8.39703722197603,40.03160703754414],[8.393721229361173,40.028288720802074],[8.38038022710978,40.027876660008346],[8.313907978322968,39.994857340899856],[8.313783409891599,39.98979748622298],[8.31014674341169,39.987299575721885],[8.301128063887669,39.98411956426255],[8.29943270832824,39.99136529010618],[8.305469787823522,39.99508756202485],[8.308856447748433,39.995289899547764],[8.30887775712687,39.997715450248926],[8.376278513526835,40.03063073947161],[8.37471880970991,40.035987061736854],[8.378140792086038,40.04001999302034],[8.38793303864523,40.0460754645024],[8.39076823744099,40.04357462777996],[8.395606583423275,40.044901286105905],[8.39798114162772,40.04790261876345],[8.396616751008105,40.05064220108203],[8.402392716428432,40.056164762502966],[8.407353255766319,40.05432516516637],[8.40518379299105,40.050808367772476],[8.408163616618827,40.04426213922869],[8.41215523123636,40.04235392985788],[8.42324981292353,40.04445783192356],[8.432438138210323,40.051210735395486],[8.44090611095798,40.05164491739934],[8.443971552593172,40.04904751011073],[8.45287645441318,40.05176090810964],[8.48796594076977,40.08024985755134],[8.491348246969808,40.08662379393138],[8.489044529049496,40.0905331541648],[8.48750628784971,40.08881800111207],[8.481448407789522,40.09553500336916],[8.486803113532003,40.09616964114],[8.487461284823622,40.10088049101983],[8.483544142428228,40.11729547018972],[8.470436958368984,40.12984207367476],[8.458047845921469,40.151476851072],[8.459969899074395,40.17165889051161],[8.45902119785672,40.17364112867993],[8.455861991624579,40.173793689956916],[8.454187366515733,40.17664736908726],[8.466090832240749,40.199814803289314],[8.462346793070852,40.20865418878114],[8.454449131174355,40.20723465037508],[8.451819765368409,40.21102639115823],[8.461380819531621,40.213075367775204],[8.464560594470735,40.227611742122626],[8.475331214362562,40.25499167469639],[8.477748095445971,40.26829040434065],[8.482361976864572,40.27395884162523],[8.481549564408905,40.28487497271893],[8.463057360978183,40.29969558164683],[8.462782954726874,40.30670933455421],[8.465971799911593,40.30727357142083],[8.462733929622678,40.31444390194147],[8.457843512534957,40.31865800616316],[8.454704203271296,40.31991046401796],[8.442520719960566,40.3175656937278],[8.437225977518084,40.32177697957335],[8.431470191426536,40.33219887434704],[8.42692690970515,40.33452186009821],[8.420065442648632,40.33600355608913],[8.416565908257553,40.33445480242869],[8.389514024369745,40.33652098280669],[8.382960367768215,40.34311176345278],[8.377943577047848,40.35848062918364],[8.373590031602387,40.36118218711992],[8.386543604500314,40.364589537884456],[8.387795880498246,40.36632818204735],[8.400052586302094,40.40914804653567],[8.396776266881524,40.429706175069406],[8.38273338680168,40.457599734299606],[8.372599898705417,40.490309608771454],[8.367380067160967,40.495139849109044],[8.361878912552452,40.493822470951976],[8.344957235405593,40.50407732147156],[8.33711574578557,40.49679802540264],[8.332618945218258,40.49967315167543],[8.340436031650032,40.50693028472739],[8.33803186919612,40.50846736480202],[8.325010918488644,40.530013007068],[8.320602435460135,40.54330635046124],[8.311220939850857,40.559935206623656],[8.316517378627125,40.56745324899077],[8.316324475520473,40.57113363936132],[8.312389535041108,40.57638063930744],[8.300096600016877,40.57021621464203],[8.295676397243536,40.573768837926806],[8.30931672149326,40.58024651946563],[8.304676945396006,40.58582062336884],[8.298153836247634,40.59034528462968],[8.286744204045798,40.59397838630825],[8.269452501314936,40.58919798775216],[8.258921919632918,40.583122563643315],[8.251350226193322,40.58330219448677],[8.248497729377277,40.58178905042987],[8.244995613397705,40.56871157744741],[8.196781386674195,40.57011027537292],[8.19626328761022,40.576111321916386],[8.199270286746215,40.580676053570095],[8.216172710983308,40.59530030284477],[8.217957048452467,40.60085428146472],[8.208674932520813,40.6139405298507],[8.203083257032285,40.616338689045435],[8.194343909289119,40.61714225916475],[8.19043747253839,40.61510766523108],[8.188094614222331,40.60597497646399],[8.182746333518951,40.59726122554903],[8.169046998425856,40.583006369936484],[8.166328814460924,40.58296997150537],[8.164424283426618,40.580930322853575],[8.162942273191641,40.5773610411813],[8.167333819231356,40.56686256289818],[8.163276505186893,40.55696915524899],[8.156567472528353,40.568309993915406],[8.148896827703357,40.56764756180688],[8.150818616453606,40.573931114287895],[8.157594354493336,40.572941906536286],[8.157694424495114,40.573094574060356],[8.154557720209526,40.577163474368405],[8.149564621571141,40.57861396778967],[8.14596539623544,40.597432726866195],[8.146584146254034,40.60255324988529],[8.1403077646526,40.6005208769196],[8.13531263603082,40.60222226443942],[8.140493848124757,40.60635227572217]],[[9.536753147012883,41.13676862909972],[9.530531825358905,41.13702614557218],[9.527682531210642,41.13575965556536],[9.527821080287406,41.13511173381461],[9.536753147012883,41.13676862909972]]]}}]}