{"type":"FeatureCollection","features":[{"type":"Feature","bbox":[6.626621368537682,44.0601191083047,9.214240428380995,46.464102424246335],"properties":{"reg_name":"Piemonte","reg_istat_code_num":1,"reg_istat_code":"01"},"geometry":{"type":"Polygon","coordinates":[[[7.109400589924703,45.327702815777144],[7.134535792696125,45.33169880806658],[7.185854265096374,45.403231187153786],[7.114426605764368,45.4334613804391],[7.100335119697336,45.45618093013485],[7.134301303058954,45.51545557756293],[7.14358351361838,45.47783297227383],[7.160329923962459,45.4865881680998],[7.222660368741054,45.47047611198943],[7.269497278219064,45.51467703977741],[7.359301557404464,45.52586778938179],[7.377239199518127,45.51689797129239],[7.489317404046953,45.583108066143254],[7.531770891144576,45.57679079566835],[7.566472482468351,45.59162234442639],[7.609065934816606,45.56287677966814],[7.634040622663322,45.57078631863816],[7.676792735028635,45.552093720485594],[7.732703534982386,45.55033519845902],[7.8488713225408375,45.602262234740124],[7.900765623144239,45.59171991154444],[7.8974611906754015,45.61252492867324],[7.939504004237186,45.64369738709016],[7.90479465495253,45.684728750950896],[7.936624515996284,45.72434258890682],[7.862638952384991,45.79216361711206],[7.878064236445253,45.97340200336181],[7.908819617839211,45.99731676366588],[7.988913566381118,45.99648743353061],[8.034587525257429,46.043341922492374],[8.033286525022497,46.09937524083418],[8.108052276867834,46.11159336475885],[8.11497135581224,46.13031341150507],[8.150258414326366,46.14130031397453],[8.165448078657327,46.1822635107821],[8.139002741167104,46.22607736375655],[8.080427855582359,46.26076596255615],[8.137708932817825,46.301612823174665],[8.203162576115096,46.30426569706215],[8.223702324521657,46.333638382524306],[8.26169736622249,46.34518475291501],[8.26339764334027,46.36366320848139],[8.312347502442547,46.37683767976376],[8.316902520281257,46.39724028339118],[8.289692447824232,46.408585095179966],[8.300311653964764,46.419351146481425],[8.364499418299042,46.45114352561855],[8.44653859476327,46.46347640743375],[8.465821374578743,46.443490034418005],[8.468552434210414,46.36487274143376],[8.464441486676584,46.332985459351015],[8.427662002847088,46.29840102475385],[8.45624634957658,46.263513122880916],[8.44307670984231,46.25021987818624],[8.532580816421554,46.21805913941388],[8.57370754718129,46.16438196252677],[8.602709915596117,46.15525241218709],[8.611712590471022,46.12182108817744],[8.647690407030456,46.12316616287942],[8.714815174881682,46.09804278653571],[8.728763492242582,46.02923208302562],[8.570638301815313,45.900033525159714],[8.595200847790375,45.833614019226594],[8.555563698358705,45.80004307342318],[8.555665076912645,45.77499032440952],[8.593750066231088,45.73041148753417],[8.653434195153194,45.71397095071088],[8.640799341547066,45.67680827470134],[8.681201077218114,45.67640162174312],[8.66983446648258,45.66142350077528],[8.688184857255424,45.63699278685214],[8.658938966654565,45.63774629485763],[8.703148019933273,45.6000570058601],[8.713069324905309,45.52013118999234],[8.727892399133076,45.50239938920635],[8.787486741101102,45.486232352759686],[8.842896248692098,45.393838036855655],[8.801541731870653,45.37918114503858],[8.76543026981057,45.38893774138547],[8.76088603715716,45.37648390707933],[8.71907630030604,45.378079459841615],[8.762537629465939,45.34861936563725],[8.724767739554945,45.33570847873725],[8.71612124420766,45.3028811175899],[8.690645657993871,45.29252635927373],[8.666586878749547,45.29220662699266],[8.628834613232463,45.349856369656685],[8.578812417341547,45.34723450146499],[8.551754034266557,45.36131756352788],[8.52645059378941,45.34254675366422],[8.537899131124096,45.31724737050997],[8.498337449907513,45.292226423209435],[8.514077172805964,45.27432062329915],[8.535105949204628,45.27780169334966],[8.543383234986702,45.25327914803104],[8.52249488728397,45.24923983371279],[8.556180413198827,45.24139590364638],[8.529097375966732,45.23951414432257],[8.54365108711245,45.23400130521196],[8.523244916483161,45.22160388671498],[8.548048582255701,45.204124763485936],[8.524514530183682,45.19833425188276],[8.57779376455648,45.207915709658664],[8.542934603244777,45.17284198076765],[8.610978613935336,45.12363010591713],[8.645987642009215,45.0753328307849],[8.634737779035321,45.04096241797885],[8.659067925386122,45.01797500181454],[8.710058855599373,45.03829115021301],[8.771748251390589,45.006780692584734],[8.82389221998742,45.0465890217344],[8.884003906748518,45.06087069858873],[8.89806685315323,45.05065811343645],[8.910570827297466,44.995478403897295],[8.92560364566605,44.98215726789145],[8.960623873564188,44.98728493017082],[8.999687735608886,44.90931989821218],[9.055900393378613,44.888844634688006],[9.070066659213149,44.864684313822714],[9.049003773887875,44.84985985907856],[9.072639714856694,44.81708855710429],[9.108992328237122,44.805437848372456],[9.160976799610923,44.81473865973479],[9.171725568500907,44.77168354774491],[9.213550435359075,44.75234821484941],[9.203311799750404,44.5957661191287],[9.135192185405257,44.574477098143525],[9.075853438802273,44.62369903449081],[9.043908881050113,44.61442523593959],[9.01469073619008,44.66607066295126],[8.931140753894843,44.676133175020105],[8.882620678446731,44.63874749365375],[8.909367678556746,44.613326426463445],[8.917502849410628,44.56105501216087],[8.891337072465756,44.55063065569634],[8.868607360175517,44.566244204785114],[8.826840445761217,44.56179937591753],[8.782453626018143,44.48836102041068],[8.714075410169013,44.581450739352725],[8.623861375264601,44.58638071165961],[8.597816090775186,44.55655960183366],[8.612367117022192,44.543295118443595],[8.573756539666286,44.52332483363633],[8.576161594499707,44.50922667680751],[8.478073505968275,44.510648088374836],[8.47065675441548,44.522479406745454],[8.449498672110684,44.49738809012674],[8.418587256293682,44.51327760275474],[8.39243166209117,44.47704985081698],[8.359533754784334,44.46499556752473],[8.34917711337932,44.48555315074634],[8.271312522344424,44.50679727014652],[8.252777445079877,44.52874738686149],[8.224162881767995,44.51417494867912],[8.22326987092499,44.485612518658115],[8.197327511264577,44.47755581112722],[8.221835830597767,44.429556463279944],[8.203499648958617,44.40489303100776],[8.149519219361125,44.38479201805117],[8.144916340198211,44.345780062990265],[8.106436357607958,44.33237280731591],[8.10195677511945,44.300931020277794],[8.076021695437712,44.313958457100114],[8.059739808101252,44.300703822952705],[8.090698507924577,44.27479639876368],[8.063096634217187,44.253074189580246],[8.08110291672007,44.24004410542148],[8.065363260272331,44.21693657859265],[8.097171277680406,44.17870869240616],[8.06820484990933,44.14497537149492],[8.011840731819255,44.15589884619676],[7.9796333698314035,44.13845631950864],[8.011987518778774,44.120941636433116],[8.006878362966575,44.10258929151999],[7.971531404232713,44.11309520010244],[7.9423679073514615,44.10011657055158],[7.8839439559944795,44.10465856294033],[7.762738821337712,44.140882291331245],[7.724227464719307,44.12390185047776],[7.732016941487186,44.08425745458604],[7.759363737683788,44.084296629342944],[7.72710277922842,44.06011910325926],[7.6664306268789275,44.13066032270226],[7.673415966951554,44.17729229212092],[7.636032835254207,44.17708157226571],[7.617380267275576,44.14983900217695],[7.42817059965342,44.13041200670978],[7.423350308213668,44.11332065326495],[7.392652171315306,44.12556017275692],[7.3560628624307185,44.11672049982694],[7.340621262249232,44.14645055720347],[7.278804856555746,44.141277231308045],[7.1847551341973,44.20060059177326],[7.1427531542010065,44.20051041700307],[7.069629517168586,44.23363501091205],[7.034977901866653,44.22396901593394],[7.007279320639915,44.23598507769075],[6.995754189382293,44.28014267641375],[6.958344824470428,44.29548482117384],[6.9220106983971075,44.35172693164082],[6.887234061808004,44.36202701574677],[6.892794337492869,44.420233087806686],[6.94839512147737,44.42983427413465],[6.876169377317921,44.48149380179652],[6.855054526685089,44.53220636090447],[6.932589530627394,44.57288755165859],[6.937705544460784,44.60311568961682],[6.967336125731255,44.61928425069466],[6.947519868170627,44.653584258897894],[6.962680538182286,44.67773895850985],[7.029219938940312,44.691609267475506],[7.07111765199117,44.67986568811185],[7.075241746198261,44.69020691172688],[7.000079320674005,44.78904656187793],[7.023850184782194,44.8233310018392],[7.006086480747338,44.839968556381194],[6.931505434975124,44.863438205945556],[6.911291720707429,44.84456589019408],[6.862942563783794,44.85071958764243],[6.750836327468799,44.906169604578515],[6.759988341955369,44.93378773751288],[6.746224558805592,44.93858470212685],[6.765546143524104,44.96161337907723],[6.737557667028314,44.99075927301229],[6.745950112759414,45.01386202237501],[6.673602949380075,45.020043962122706],[6.662259031616326,45.0713834567422],[6.626636603255941,45.10331559914365],[6.680208224149359,45.14041469375606],[6.7401995478236865,45.13697326709477],[6.769156841737923,45.159839936673194],[6.848324290453199,45.12730636319736],[6.894490961781648,45.13746594490082],[6.893519542896275,45.16900777571114],[6.9474719187113125,45.17047215291227],[6.965756393848802,45.2077194607119],[7.0421031954241835,45.22569818597025],[7.0669907304964275,45.21029305294349],[7.0830898237904405,45.21634799822446],[7.136916881025264,45.255549530516966],[7.109400589924703,45.327702815777144]],[[8.047820645796836,45.10787386597953],[8.046805128884554,45.12815005516412],[8.028835459810248,45.1327161300374],[7.980277387338743,45.12383129766499],[8.011101402113118,45.10244432751602],[8.047820645796836,45.10787386597953]]]}},{"type":"Feature","bbox":[6.801326682921888,45.46695875661557,7.939504004237184,45.987575678850924],"properties":{"reg_name":"Valle d'Aosta/Vallée d'Aoste","reg_istat_code_num":2,"reg_istat_code":"02"},"geometry":{"type":"Polygon","coordinates":[[[7.73455490765377,45.923651520950564],[7.753688869228899,45.939612622366774],[7.80008678121237,45.91712213738789],[7.821402800814135,45.926857482703085],[7.864048284549529,45.916439360324276],[7.862638952384991,45.79216361711206],[7.8854803053991915,45.75970727922118],[7.929003239798807,45.74244267184797],[7.936624515996284,45.72434258890682],[7.90479465495253,45.684728750950896],[7.939504004237186,45.64369738709016],[7.8974611906754015,45.61252492867324],[7.900143154415812,45.591425887750376],[7.8488713225408375,45.602262234740124],[7.732703534982386,45.55033519845902],[7.676792735028635,45.552093720485594],[7.634040622663322,45.57078631863816],[7.609065934816606,45.56287677966814],[7.566472482468351,45.59162234442639],[7.531770891144576,45.57679079566835],[7.489317404046953,45.583108066143254],[7.377239199518127,45.51689797129239],[7.359301557404464,45.52586778938179],[7.269497278219064,45.51467703977741],[7.222660368741054,45.47047611198943],[7.160329923962459,45.4865881680998],[7.143208885363007,45.47802996811296],[7.137527154856714,45.516264339629636],[7.104329571840418,45.46695875210799],[7.047889034741583,45.47247963263101],[7.0531904055754495,45.49499208019477],[6.9996877129608155,45.50457167763176],[6.995032157698921,45.57614779587576],[6.977857290746677,45.58894145914261],[7.0008022252351365,45.64025512635903],[6.968566877963031,45.65451080571532],[6.915208801142719,45.652523029755194],[6.902801410039516,45.68026175540956],[6.854058095443439,45.6869619537365],[6.80918691488837,45.72475974661063],[6.8186450909531855,45.836208644717125],[6.940650336725504,45.84706933720983],[6.99767690884426,45.87261007376158],[7.0329205392246745,45.92142967860337],[7.061813125589483,45.91240994357501],[7.101645025802486,45.85903920666337],[7.156481931953498,45.879342716079435],[7.190261312552622,45.858596413340926],[7.21641273288181,45.88875472616372],[7.25970734262587,45.89036756013289],[7.292977979833159,45.9213634199335],[7.385859106387906,45.89728697517754],[7.474167887122021,45.9355916375761],[7.478126222470632,45.95262831908163],[7.541010351893064,45.95636477197544],[7.546248925760906,45.98450385000546],[7.5714365978586216,45.98757567453042],[7.588571924715553,45.970750853544004],[7.663708536922279,45.97555145985754],[7.73455490765377,45.923651520950564]]]}},{"type":"Feature","bbox":[8.498337449907517,44.67994448804671,11.427672760612367,46.63518701514531],"properties":{"reg_name":"Lombardia","reg_istat_code_num":3,"reg_istat_code":"03"},"geometry":{"type":"Polygon","coordinates":[[[8.55479426317361,45.79813642555055],[8.595200847790375,45.833614019226594],[8.570638301815313,45.900033525159714],[8.726429854200315,46.01796721162449],[8.705564916336034,46.08512888192662],[8.742687498164713,46.12214596694778],[8.760165028237497,46.10169973578257],[8.80614872026314,46.100913946600315],[8.852050539206358,46.075521191387494],[8.785902262352208,45.98901770113031],[8.831275503648497,45.987983166104456],[8.894274628167889,45.95846574702434],[8.893060909818571,45.93133752577802],[8.945600191889262,45.86719698121186],[8.9124485876644,45.83027876458453],[8.949537469933594,45.84347795457037],[8.997490449522903,45.83474055660776],[8.993282201936662,45.82263463618388],[9.033764070448429,45.82260284511674],[9.054006893561287,45.87289896935131],[9.088757575437452,45.90071567953612],[9.01939519407689,45.92857779096101],[9.013534886516732,45.96066944384971],[8.957879040959167,45.964735131617786],[8.966849045470859,45.98403027424319],[8.988733525968142,45.97275416856115],[9.02828708865455,45.9936618998418],[9.008971491909318,46.0369832613321],[9.077872439155033,46.06531672598913],[9.089842456701005,46.08848784180026],[9.07163493324736,46.11951509530276],[9.182627291562126,46.170520950897874],[9.221300739791339,46.22987040049184],[9.247615390950976,46.2336272429428],[9.251640605921533,46.265487716912396],[9.300050105433167,46.326587674506214],[9.276678018273076,46.3694178401618],[9.280637478609265,46.41235911486601],[9.247466783848747,46.43623516648658],[9.277816924592422,46.46159827124871],[9.283234752451458,46.49693962959995],[9.364683797619364,46.507728833794694],[9.410281964216102,46.46654553049172],[9.459859689603475,46.506620826891144],[9.461597073165176,46.376250179777124],[9.496042381822415,46.36403732125504],[9.54937730609881,46.3023430872081],[9.635082453781282,46.2862169408298],[9.675695812176013,46.303088339317185],[9.703056974430865,46.29071057790994],[9.737279078735098,46.35065871509459],[9.77747741275725,46.334962341521255],[9.906360621196159,46.3808841128173],[9.925360932004132,46.36600833036954],[9.95266197272651,46.37946825225253],[9.996352302176103,46.35093563467848],[9.980849437201803,46.32359777964044],[9.995486474364876,46.285455871451596],[10.0554562969121,46.26292215747159],[10.047448026923563,46.22874199673471],[10.070837217564158,46.21714029613775],[10.145676243466816,46.23038270905491],[10.176125624960743,46.25888240229229],[10.104315901582128,46.33354167940007],[10.166679402300192,46.407777998563134],[10.130673266121045,46.43186740117193],[10.079592783519214,46.42110696519757],[10.0405232569008,46.444130306839014],[10.043648958324344,46.537845929237236],[10.101094870693581,46.58277721678775],[10.102154325004422,46.61077324437287],[10.130171656553749,46.60559969243757],[10.190628325313035,46.62608552700344],[10.213537226637314,46.61758334037067],[10.240328217912204,46.635074304429125],[10.258217479224397,46.609856064613304],[10.244002741757662,46.578400943705624],[10.283535246529627,46.571223551695766],[10.29574875444625,46.55040044433911],[10.419340040355502,46.551052874129404],[10.476121560102179,46.49552620690462],[10.551960791889433,46.491456655742155],[10.621836982320527,46.44796063933775],[10.63046179164492,46.402550821356655],[10.607468950091787,46.3793780257516],[10.567043526296942,46.377928456673004],[10.515934154219078,46.34636263163988],[10.565620658695341,46.326343358635796],[10.579572506115131,46.29882843609753],[10.559721396663479,46.28305149885834],[10.585730953341058,46.24533910035925],[10.541399639511909,46.188619468267056],[10.565394906415648,46.16683863984275],[10.549498794956767,46.117394214869236],[10.480947249943894,46.05629472313982],[10.484705227565971,46.02461648534633],[10.452934531888019,45.98962212505567],[10.453407903185578,45.97655253696842],[10.488494978722512,45.96934582568037],[10.484706155456582,45.94511474359931],[10.508568119923448,45.92356616664726],[10.49004320091131,45.88461082545199],[10.50282759963151,45.82973396346142],[10.543627779013582,45.81764777041204],[10.532753208860093,45.788060208667986],[10.641409389169903,45.801885199903154],[10.654640146273259,45.8326276109595],[10.699505508055802,45.841664383524666],[10.840150465662775,45.83275599335157],[10.62846764890511,45.60205659865871],[10.647737046112768,45.448536612376984],[10.623645962452683,45.44361598802001],[10.649454958526679,45.440788777047715],[10.643865089392897,45.417817233696674],[10.698138959365147,45.422896323620854],[10.71936745914375,45.40596233588813],[10.697738069651116,45.38009222809268],[10.71462619736243,45.36793114457159],[10.6867630015376,45.342174744261854],[10.714970718949056,45.334076399068415],[10.706382653091984,45.316301302369226],[10.730482235632913,45.315857598347044],[10.737415803955814,45.287244805710564],[10.78281523396286,45.315421516458436],[10.84660806225848,45.256568802085994],[10.936790164805242,45.23293836729113],[10.934982178611678,45.21420230953548],[10.997118806445444,45.18693768011004],[10.994517318948215,45.150355581474436],[11.028365453922314,45.159237923739106],[11.050146526435894,45.149991232454695],[11.028395227972398,45.12673241939658],[11.039710554342937,45.113127296271976],[11.097572655299532,45.09524707941589],[11.100565319454066,45.112734891911145],[11.127404576990582,45.103227157969776],[11.145875512802675,45.12600679156705],[11.203434138946099,45.111667284910084],[11.177508738328164,45.09734496137458],[11.17527971678991,45.06006622964793],[11.240440854247375,45.04295374197836],[11.265902508319542,45.0562238837539],[11.274036959497298,45.01825904810318],[11.4161395910063,44.966769933887775],[11.426742032083624,44.950083520838795],[11.301583514420194,44.962358968470426],[11.272257162042974,44.93832264842206],[11.246205680020314,44.95143857161268],[11.152435626018162,44.933244539378265],[11.07347468785877,44.962950417377684],[11.059537564708664,44.94888766525326],[10.996755531603704,44.954892345940245],[10.9413734562945,44.92191384426673],[10.890308500835644,44.91243750053132],[10.897990948287429,44.921805465599235],[10.743719814603848,44.94907684931742],[10.727396616704343,44.99202560239709],[10.694740944789768,44.96194010047426],[10.686679995034302,44.98659263323919],[10.62788141470537,44.92420179049769],[10.569838567539145,44.908341305988],[10.519853032428268,44.912726448134265],[10.435668377437985,44.94313646989879],[10.405673992142162,44.984494282886956],[10.3552845779883,44.96615901319707],[10.30468758932544,44.999038096471736],[10.274466594177547,44.997930109555476],[10.254086172465684,45.018652961215444],[10.16477342652349,45.044322388575075],[10.092877615079251,45.02376202889466],[10.082307532363119,45.04660557342704],[10.050223568512001,45.041279035181425],[10.021649562604045,45.07588899114373],[10.028531941508184,45.09622513145378],[9.985465594886882,45.133430763317854],[9.918487227275323,45.09960271041354],[9.922605940935995,45.135936275094664],[9.881033418501286,45.1270018786383],[9.896772745435753,45.08053862586138],[9.880650024213416,45.07479496201579],[9.838357332967174,45.09564621112564],[9.82375865232362,45.05259059835807],[9.813262350118379,45.078103284752146],[9.757535687244033,45.1125385085046],[9.749593738614637,45.07783681227538],[9.714994991848627,45.05823682034349],[9.634935518918494,45.08397790407359],[9.62935161181942,45.13203282639712],[9.587447002472897,45.099624987883104],[9.548661307253253,45.132651517974345],[9.535754342409744,45.12200083515848],[9.550999981806749,45.09079144231668],[9.533417566471263,45.078902625635884],[9.49928606247426,45.10391966581507],[9.410777734733125,45.082754579570334],[9.370819944710396,45.04815366782845],[9.375605534196941,45.01991794074667],[9.321822117464704,44.94410018778491],[9.285027562694523,44.93176625227332],[9.27740952539125,44.89560889289786],[9.341675182676607,44.86981198527784],[9.363098237992226,44.82240383453025],[9.286974942700697,44.772496364237654],[9.286512745462446,44.758679098631106],[9.332580793519327,44.735040348693005],[9.30848064742613,44.70563445728094],[9.324637473044445,44.69001562724433],[9.259475772762514,44.679946579637765],[9.235083648179383,44.7163598246305],[9.237087756748828,44.685117592746465],[9.200319866508892,44.68640480129943],[9.213550435359075,44.75234821484941],[9.171725568500907,44.77168354774491],[9.160976799610923,44.81473865973479],[9.108992328237122,44.805437848372456],[9.072639714856694,44.81708855710429],[9.049003773887875,44.84985985907856],[9.070066659213149,44.864684313822714],[9.055900393378613,44.888844634688006],[8.999687735608886,44.90931989821218],[8.960623873564188,44.98728493017082],[8.92560364566605,44.98215726789145],[8.910570827297466,44.995478403897295],[8.887399006047021,45.05979536459953],[8.796212547714765,45.035812850495006],[8.771748251390589,45.006780692584734],[8.710058855599373,45.03829115021301],[8.659067925386122,45.01797500181454],[8.634737779035321,45.04096241797885],[8.645987642009215,45.0753328307849],[8.610978613935336,45.12363010591713],[8.542934603244777,45.17284198076765],[8.57779376455648,45.207915709658664],[8.524514530183682,45.19833425188276],[8.548048582255701,45.204124763485936],[8.523244916483161,45.22160388671498],[8.54365108711245,45.23400130521196],[8.529097375966732,45.23951414432257],[8.556180413198827,45.24139590364638],[8.52249488728397,45.24923983371279],[8.543383234986702,45.25327914803104],[8.535105949204628,45.27780169334966],[8.514077172805964,45.27432062329915],[8.498337449907513,45.292226423209435],[8.537899131124096,45.31724737050997],[8.52645059378941,45.34254675366422],[8.551754034266557,45.36131756352788],[8.578812417341547,45.34723450146499],[8.628834613232463,45.349856369656685],[8.666586878749547,45.29220662699266],[8.690645657993871,45.29252635927373],[8.71612124420766,45.3028811175899],[8.724767739554945,45.33570847873725],[8.762537629465939,45.34861936563725],[8.71907630030604,45.378079459841615],[8.76088603715716,45.37648390707933],[8.76543026981057,45.38893774138547],[8.801541731870653,45.37918114503858],[8.842896248692098,45.393838036855655],[8.787486741101102,45.486232352759686],[8.727892399133076,45.50239938920635],[8.713069324905309,45.52013118999234],[8.703148019933273,45.6000570058601],[8.658938966654565,45.63774629485763],[8.688184857255424,45.63699278685214],[8.66983446648258,45.66142350077528],[8.681201077218114,45.67640162174312],[8.640799341547066,45.67680827470134],[8.653434195153194,45.71397095071088],[8.593750066231088,45.73041148753417],[8.55479426317361,45.79813642555055]],[[8.658641576057832,45.82081084845689],[8.686118167162823,45.812051071745756],[8.716914388364646,45.83432691410085],[8.697524573651359,45.84474035504842],[8.658641576057832,45.82081084845689]]]}},{"type":"Feature","bbox":[10.386105190810296,45.67306257515287,12.477704031274008,47.09178374646217],"properties":{"reg_name":"Trentino-Alto Adige/Südtirol","reg_istat_code_num":4,"reg_istat_code":"04"},"geometry":{"type":"Polygon","coordinates":[[[11.998418896176524,46.53285571386193],[11.966147470771398,46.544677917439124],[11.815453512431443,46.50031750339749],[11.813409140310643,46.47793527912793],[11.877158098954164,46.471783298033664],[11.889108263464898,46.44274164678971],[11.850297729762607,46.434188980833355],[11.835394278529954,46.36622223801565],[11.82017320166327,46.37662105257022],[11.774378553466404,46.358241653955794],[11.831850611592182,46.3251465217394],[11.838022091296345,46.27034806660023],[11.885194688347571,46.27882468444162],[11.891986526191705,46.25262853932058],[11.929099454439866,46.248832884475405],[11.9095694545319,46.224427560931154],[11.962331732049666,46.18801105264595],[11.950903220928648,46.170268493650276],[11.928626243220473,46.17580118509985],[11.887569284714175,46.11869537425629],[11.685289243013395,46.09356891234251],[11.706441012288918,46.04599326159589],[11.666249485028741,46.03631781344681],[11.681865905867289,46.0284157882473],[11.666650287801602,46.017098886866],[11.685804477707393,45.96928584922115],[11.587592031352592,45.96899707482093],[11.577230068511545,46.00652028199491],[11.538910644294184,46.013303867783534],[11.491200756328805,46.00854961254723],[11.446781740879837,45.980893447728654],[11.373739917420469,45.98350283250133],[11.380749169633173,45.942673598516585],[11.358295873073077,45.94366346955512],[11.349315339041606,45.90953120604471],[11.313023732113757,45.92982345527069],[11.302888121773684,45.91802215493398],[11.258322548418718,45.920677935357716],[11.239323863122351,45.855981903535444],[11.188821250220089,45.813572541091915],[11.202787783381318,45.78337296449342],[11.173549247308896,45.78667054327877],[11.178430362538931,45.73806641228408],[11.122559725088495,45.689093438575476],[11.05640752992138,45.71847007152062],[11.016465929291718,45.70572738044589],[11.016575319178656,45.71942387995448],[10.986335727158105,45.68880685545286],[10.968319505533913,45.68012109284055],[10.972199918761856,45.701817488820275],[10.937459644557661,45.67341569364805],[10.889578631809837,45.71507464473654],[10.843832376572815,45.71859281468937],[10.884976455254083,45.77465488344036],[10.872797363143716,45.78856183638039],[10.887586263061646,45.811648430232275],[10.82578581255679,45.83769716079774],[10.772634352390561,45.84291458688625],[10.756350697267,45.83002636172593],[10.699505508055802,45.841664383524666],[10.654640146273259,45.8326276109595],[10.641409389169903,45.801885199903154],[10.532753208860093,45.788060208667986],[10.543627779013582,45.81764777041204],[10.50282759963151,45.82973396346142],[10.49004320091131,45.88461082545199],[10.508568119923448,45.92356616664726],[10.484706155456582,45.94511474359931],[10.488494978722512,45.96934582568037],[10.453407903185578,45.97655253696842],[10.452979620749097,45.98994042438911],[10.484705227565971,46.02461648534633],[10.480947249943894,46.05629472313982],[10.549498794956767,46.117394214869236],[10.565394906415648,46.16683863984275],[10.541399639511909,46.188619468267056],[10.585730953341058,46.24533910035925],[10.559721396663479,46.28305149885834],[10.579572506115131,46.29882843609753],[10.565620658695341,46.326343358635796],[10.515714815950894,46.34321786476749],[10.519241245559641,46.35531339068931],[10.607379470468398,46.37929735763415],[10.63046179164492,46.402550821356655],[10.600492368602502,46.46866427439992],[10.457940426074906,46.51058960839674],[10.492294059113245,46.615116388383186],[10.445953812902339,46.641103662317384],[10.402643684261763,46.63649972273925],[10.394139163610179,46.65475110385383],[10.387417994112505,46.687280237897966],[10.418273791549005,46.71781025677298],[10.400512943619477,46.73295896341053],[10.442105023595492,46.75285726453981],[10.42467327116607,46.78878929819525],[10.450966315644592,46.80491405139615],[10.471330120385616,46.855783027220234],[10.55263029219845,46.84978186224896],[10.550718005046082,46.83917072788757],[10.667933552062145,46.87588598789744],[10.763362481747825,46.82327206197256],[10.730494129755012,46.78790709256194],[10.788784393840283,46.79470057533571],[10.814115077222034,46.77541207446981],[10.840704950975482,46.78169191151703],[10.883195554351138,46.76310958080176],[10.923195699946639,46.77491734894379],[11.022135370312519,46.765174807194825],[11.039798522774968,46.80508423121923],[11.083452730605789,46.822219921546264],[11.071423958622393,46.85286074339836],[11.101546106138912,46.88985970615126],[11.095901354811785,46.91223352634891],[11.115012732548061,46.931005374347926],[11.16519482981577,46.94071307056381],[11.16452521123373,46.96556819114011],[11.206869301651977,46.96259967484308],[11.319305893763444,46.992427192857136],[11.358286501771763,46.99036168834062],[11.400908519190615,46.965244760185996],[11.442090680655228,46.976499940660496],[11.479315869910689,47.01090940519206],[11.538076938508823,46.98410808256332],[11.627210453739462,47.012577346967426],[11.664104053923316,46.992627606535066],[11.711231915465204,46.99302355524049],[11.747168164872114,46.96890271880678],[11.781782666582576,46.99205904992741],[11.836210497951647,46.992896200984006],[11.978281084476988,47.049754204828254],[12.020061028533313,47.04676017430571],[12.09366908470513,47.0766476403707],[12.185761111327635,47.09166535818262],[12.214890989327346,47.0860357850037],[12.240192643587916,47.06793919262804],[12.204790459886224,47.02788881172266],[12.14693260744751,47.02424366803175],[12.120988263371183,47.00665357361312],[12.131508216695195,46.96294703425126],[12.168205333581772,46.93788913189473],[12.144133320862387,46.91401100263354],[12.190163939062984,46.90623394486064],[12.21623032279695,46.873869373839355],[12.242186510084293,46.89108215977436],[12.274019671848931,46.88439727811943],[12.306921255409973,46.840943835661534],[12.282430622956191,46.8149916472956],[12.283843125406674,46.782902118802284],[12.357406561812837,46.77466334448093],[12.38369124637367,46.71655769296365],[12.477594353987703,46.67982125973841],[12.379773560307633,46.64290739156566],[12.385163313207316,46.622781704529466],[12.339704826308852,46.631377890368626],[12.283836514981516,46.617926054597206],[12.26121993611789,46.629124879830286],[12.192239785884182,46.594563858804506],[12.194264058122462,46.61933260951144],[12.068269659362675,46.67507128167226],[12.074224775676965,46.6426223932118],[11.998418896176524,46.53285571386193]]]}},{"type":"Feature","bbox":[10.623645962452686,44.79068397067831,13.10212941061474,46.680462190726836],"properties":{"reg_name":"Veneto","reg_istat_code_num":5,"reg_istat_code":"05"},"geometry":{"type":"Polygon","coordinates":[[[10.631043056919495,45.60950865746731],[10.840150465662775,45.83275599335157],[10.887586263061646,45.811648430232275],[10.872797363143716,45.78856183638039],[10.884976455254083,45.77465488344036],[10.843832376572815,45.71859281468937],[10.889578631809837,45.71507464473654],[10.937459644557661,45.67341569364805],[10.972199918761856,45.701817488820275],[10.968319505533913,45.68012109284055],[10.986335727158105,45.68880685545286],[11.016575319178656,45.71942387995448],[11.016465929291718,45.70572738044589],[11.05640752992138,45.71847007152062],[11.122559725088495,45.689093438575476],[11.178430362538931,45.73806641228408],[11.173549247308896,45.78667054327877],[11.202787783381318,45.78337296449342],[11.188821250220089,45.813572541091915],[11.239323863122351,45.855981903535444],[11.258322548418718,45.920677935357716],[11.302888121773684,45.91802215493398],[11.313023732113757,45.92982345527069],[11.349315339041606,45.90953120604471],[11.358295873073077,45.94366346955512],[11.380749169633173,45.942673598516585],[11.373739917420469,45.98350283250133],[11.446781740879837,45.980893447728654],[11.510704090596755,46.011998648975755],[11.577230068511545,46.00652028199491],[11.587592031352592,45.96899707482093],[11.673230085830337,45.96435139351288],[11.690004516380625,45.988807200282885],[11.666686493512902,46.03779005938974],[11.706441012288918,46.04599326159589],[11.685289243013395,46.09356891234251],[11.893414937041369,46.121146900335305],[11.962599312533705,46.19966060745863],[11.939358754295393,46.19882041233394],[11.9095694545319,46.224427560931154],[11.929099454439866,46.248832884475405],[11.891986526191705,46.25262853932058],[11.88524794800129,46.278808753281645],[11.838022091296345,46.27034806660023],[11.831850611592182,46.3251465217394],[11.774378553466404,46.358241653955794],[11.82017320166327,46.37662105257022],[11.835394278529954,46.36622223801565],[11.850297729762607,46.434188980833355],[11.889108263464898,46.44274164678971],[11.877158098954164,46.471783298033664],[11.810392863345792,46.48486540963392],[11.851350817996218,46.5178363896107],[11.945494693106058,46.529416945757326],[11.966147470771398,46.544677917439124],[11.998418896176524,46.53285571386193],[12.046693499834117,46.584724414120586],[12.074224775676965,46.6426223932118],[12.068269659362675,46.67507128167226],[12.194264058122462,46.61933260951144],[12.192239785884182,46.594563858804506],[12.26121993611789,46.629124879830286],[12.283836514981516,46.617926054597206],[12.339704826308852,46.631377890368626],[12.385163313207316,46.622781704529466],[12.379773560307633,46.64290739156566],[12.477594353987703,46.67982125973841],[12.521002879865755,46.67649167175108],[12.567032021737361,46.65080404863222],[12.690107827955675,46.65597243285643],[12.731981346929514,46.633812912923446],[12.70624211853812,46.62077640556703],[12.708575286744345,46.60202493304259],[12.637038891951722,46.572638935717485],[12.620204879423204,46.54376941881331],[12.630021099358673,46.50070664672035],[12.66236260245603,46.46796758684501],[12.569953967915163,46.47548561306833],[12.530842132006498,46.464933228040834],[12.498692154524955,46.41219951264498],[12.455047622009392,46.39166830818038],[12.46294262092892,46.369262686935656],[12.417374434686637,46.354854279873045],[12.41145700755108,46.33083200862546],[12.354654621268045,46.319682125303416],[12.322749851458058,46.273123195613955],[12.338327127229629,46.23895116996238],[12.376419789080604,46.22294136830613],[12.40168092486422,46.22899706339647],[12.406271364021265,46.20727447796735],[12.44645398853747,46.20776627468766],[12.447258707070311,46.17957972086947],[12.49581340895522,46.152552708282784],[12.484425216221593,46.104472455634046],[12.437487009762899,46.084833678774494],[12.39898766512725,46.041424221393065],[12.428183916001386,45.995763437714736],[12.422326171027533,45.95595424270849],[12.506000692905149,45.922710754321564],[12.529860586774252,45.863608514252306],[12.558984977651162,45.847064694526544],[12.55407622163231,45.82941576086075],[12.589335139674914,45.81500649898739],[12.605682994729666,45.838247026842176],[12.631420193705317,45.830002899070564],[12.669041936373777,45.79088681066711],[12.779824328660423,45.854443044703174],[12.804297392582294,45.8446243357182],[12.808583556374634,45.82017597500275],[12.86118257091315,45.85079001852327],[12.890058566370064,45.8204744102311],[12.920512749906726,45.83134056134979],[12.929495350166526,45.81735103563348],[12.952065058743777,45.822206120749414],[12.961429486155499,45.84687167033317],[12.993241733926071,45.815014206912174],[12.97390360219967,45.806638812401346],[13.012036104535328,45.762512263378106],[13.008307263675436,45.7248921210734],[13.02920606847909,45.73616798354645],[13.063373869768904,45.65677057482833],[13.102129410614745,45.64191268259192],[12.90836288106287,45.614435613653065],[12.736517030560218,45.531733624808616],[12.480266037536198,45.449391085867994],[12.426900474479593,45.417969128390226],[12.399570288683275,45.42979552235596],[12.360135237015308,45.396087798532655],[12.295898558485664,45.244463368431155],[12.314270552270518,45.23375026296137],[12.306253259096081,45.19438479033875],[12.334687779053036,45.163779680789375],[12.33723392618317,45.089522096644764],[12.444145243464884,45.013209168450615],[12.554085675648933,44.965409788579294],[12.509134299220877,44.92643963116122],[12.465007790125687,44.84373283266655],[12.429039622497273,44.83092967214921],[12.396763299630528,44.790683965918],[12.353281638907736,44.81702771228777],[12.34053375361276,44.85007006870363],[12.294108695908477,44.86035908788002],[12.28185396697242,44.94126176516135],[12.22497180621868,44.92298071458791],[12.170675930200384,44.94204737791095],[12.142424359394449,44.92790385409693],[12.11313408080053,44.960366558953474],[12.0474868445578,44.976963504627555],[11.96267886787357,44.98682770968829],[11.924583086031834,44.97467677422368],[11.804719119685783,44.97696125030213],[11.745631000401303,44.95733380886986],[11.734072551118395,44.92713532617685],[11.619590289705993,44.88806465469946],[11.593535832879473,44.890892166211714],[11.584686696649337,44.91318361886634],[11.534130503841567,44.936245906242824],[11.42749480244795,44.92956261870877],[11.421912204819751,44.96382999466549],[11.274036959497298,45.01825904810318],[11.265902508319542,45.0562238837539],[11.240440854247375,45.04295374197836],[11.17527971678991,45.06006622964793],[11.177508738328164,45.09734496137458],[11.203434138946099,45.111667284910084],[11.146437306916411,45.126068241880894],[11.127404576990582,45.103227157969776],[11.102143797937469,45.11313791267711],[11.097572655299532,45.09524707941589],[11.072942481278844,45.098748582693894],[11.028696816153287,45.12304537408107],[11.049459115810722,45.15068769801389],[10.994517318948215,45.150355581474436],[10.997118806445444,45.18693768011004],[10.934982178611678,45.21420230953548],[10.936790164805242,45.23293836729113],[10.84660806225848,45.256568802085994],[10.78281523396286,45.315421516458436],[10.728347992258387,45.2913005000321],[10.730482235632913,45.315857598347044],[10.706382653091984,45.316301302369226],[10.714970718949056,45.334076399068415],[10.68554425149894,45.35368446372003],[10.71462619736243,45.36793114457159],[10.697738069651116,45.38009222809268],[10.715793353770287,45.41663758586954],[10.665232922753924,45.427716381572864],[10.643865089392897,45.417817233696674],[10.649454958526679,45.440788777047715],[10.623645962452683,45.44361598802001],[10.647737046112768,45.448536612376984],[10.631043056919495,45.60950865746731]]]}},{"type":"Feature","bbox":[12.320935749464107,45.58092671755747,13.918853096650253,46.64780981108897],"properties":{"reg_name":"Friuli-Venezia Giulia","reg_istat_code_num":6,"reg_istat_code":"06"},"geometry":{"type":"Polygon","coordinates":[[[13.438988464540582,46.36020975906625],[13.439015322785792,46.322278457566696],[13.375547466288198,46.2982177050707],[13.422483037705991,46.23439068494416],[13.409652669298517,46.213865274292345],[13.423452394794005,46.206336663376796],[13.457028054782834,46.226422720487754],[13.529056136376209,46.21874629424901],[13.566947545905098,46.18566865536682],[13.632584106641788,46.1907449916095],[13.664165656060403,46.17089747262205],[13.595817465038973,46.10421388120852],[13.4964954331674,46.05861640180989],[13.507554618995893,46.03348054303827],[13.476190270924155,46.00625385538082],[13.540980050548978,45.96486631844807],[13.589911303292942,45.989668283356984],[13.64288619900265,45.98300061960014],[13.637545531807966,45.93538934708902],[13.590326960340027,45.888319134973294],[13.574458341214605,45.84308141858655],[13.603310467267423,45.804249384043906],[13.669400445009789,45.79963994679976],[13.796296436059464,45.74270302418674],[13.858129378922296,45.665668521302074],[13.918853096650249,45.63357077889964],[13.851321666692682,45.58491793232782],[13.722935892957484,45.594707870122505],[13.731744550640881,45.60887103513676],[13.808906291948308,45.606738769318845],[13.774047685405627,45.61277391317083],[13.775706131843837,45.63556230592679],[13.756847337880489,45.627889885112474],[13.74423917855291,45.63912960011798],[13.769104473509245,45.65299229186609],[13.753336827602231,45.68044345978886],[13.63201014045495,45.76821528083441],[13.561908807254222,45.77842270123143],[13.533451527270506,45.80472608661575],[13.548147757788657,45.7902426741601],[13.530034178480573,45.788110855469085],[13.54709668367152,45.78578134790392],[13.516438229011854,45.74426536649545],[13.552159775285288,45.723535105642895],[13.485633729923267,45.70443344000779],[13.461080214321466,45.71120908804436],[13.454152260253576,45.68991238018576],[13.389405347248003,45.67525141808515],[13.245795537611963,45.71950290974408],[13.185788887928554,45.711154244073505],[13.148820893111704,45.69883744333816],[13.10079185851302,45.64339198060966],[13.063373869768904,45.65677057482833],[13.02920606847909,45.73616798354645],[13.008307263675436,45.7248921210734],[13.012036104535328,45.762512263378106],[12.97390360219967,45.806638812401346],[12.993241733926071,45.815014206912174],[12.961429486155499,45.84687167033317],[12.952065058743777,45.822206120749414],[12.929495350166526,45.81735103563348],[12.920512749906726,45.83134056134979],[12.890058566370064,45.8204744102311],[12.86118257091315,45.85079001852327],[12.808583556374634,45.82017597500275],[12.804297392582294,45.8446243357182],[12.779824328660423,45.854443044703174],[12.669041936373777,45.79088681066711],[12.605682994729666,45.838247026842176],[12.593845436799164,45.81517923555244],[12.559299514513793,45.82592495932847],[12.506000692905149,45.922710754321564],[12.425841802918029,45.947352541058066],[12.428183916001386,45.995763437714736],[12.39898766512725,46.041424221393065],[12.437487009762899,46.084833678774494],[12.484425216221593,46.104472455634046],[12.49581340895522,46.152552708282784],[12.447258707070311,46.17957972086947],[12.44645398853747,46.20776627468766],[12.406271364021265,46.20727447796735],[12.40168092486422,46.22899706339647],[12.376419789080604,46.22294136830613],[12.338327127229629,46.23895116996238],[12.322749851458058,46.273123195613955],[12.354654621268045,46.319682125303416],[12.41145700755108,46.33083200862546],[12.417374434686637,46.354854279873045],[12.46294262092892,46.369262686935656],[12.455047622009392,46.39166830818038],[12.498692154524955,46.41219951264498],[12.530842132006498,46.464933228040834],[12.569953967915163,46.47548561306833],[12.66236260245603,46.46796758684501],[12.630021099358673,46.50070664672035],[12.623601782325679,46.550947527616835],[12.751583769501735,46.64547475034169],[12.83089868645869,46.630606651876136],[12.851989495938817,46.60507872840769],[12.92869855636547,46.61033647471624],[13.168416161239227,46.588833261784856],[13.23252521331079,46.553591006402485],[13.320184835235947,46.55288665005514],[13.372750478531831,46.57935960256728],[13.425433355584095,46.55791041387227],[13.504100254887016,46.56607595782774],[13.51816917820189,46.547297643708674],[13.56100328194771,46.55182287024636],[13.569900821573924,46.538883644501205],[13.597045850580477,46.545755021441906],[13.71385196417452,46.52308313896794],[13.688771639603775,46.43986611236969],[13.597543332349769,46.43925296683519],[13.566768688305658,46.39901631123734],[13.438988464540582,46.36020975906625]]]}},{"type":"Feature","bbox":[7.49479106932911,43.77603383110579,10.071019413563143,44.676442408258204],"properties":{"reg_name":"Liguria","reg_istat_code_num":7,"reg_istat_code":"07"},"geometry":{"type":"Polygon","coordinates":[[[9.8448854857052,44.0337935303598],[9.675578116235304,44.1394088156778],[9.648530868641396,44.14534561478103],[9.635464679204366,44.13352131359512],[9.607140367134713,44.170813484393676],[9.488156975646502,44.23910411413388],[9.40314289304875,44.255277753210365],[9.376938538231572,44.29051494941561],[9.234231650734797,44.34838606655093],[9.21373671019162,44.333602982732856],[9.21754714350842,44.29850458844432],[9.152255671546515,44.31712709603596],[9.140098110425624,44.36112746005393],[8.951967080571476,44.39126180388333],[8.924010860180518,44.41416083119577],[8.916505821030134,44.39856238738405],[8.821850567296753,44.41492080775555],[8.852366604990225,44.41899964020708],[8.83580568272425,44.4238930003753],[8.743775342748352,44.42698046844864],[8.509346068312823,44.32844688771655],[8.45105601067118,44.287972238151426],[8.440428115888443,44.270256810418616],[8.4563295903677,44.258401234039525],[8.415917670728092,44.22128025078466],[8.424758870450544,44.194978678592264],[8.269068025901214,44.1393201484989],[8.231705416500848,44.09232908630191],[8.226053366347175,44.044009597168795],[8.163118978459918,43.99259556691484],[8.173706632618622,43.95474786560497],[8.14029529044913,43.9465715436815],[8.073017870005259,43.89137052017996],[7.833044084253093,43.816432775717885],[7.8048562430228,43.82324530945574],[7.739080128183089,43.795556738693335],[7.699996775466548,43.79865047273343],[7.673216607070949,43.77603382594611],[7.575391315295706,43.79286117762842],[7.5557415599918105,43.77978205194794],[7.529601085691222,43.78425436397914],[7.494791069329106,43.85595588975829],[7.515170428409887,43.88383184983917],[7.562643523734295,43.90065874811616],[7.568820612064321,43.946397289395684],[7.655572667251943,43.9769102561244],[7.66302515467693,44.028766949472214],[7.759088406588811,44.08388399919912],[7.733673148225826,44.08331248180975],[7.72188403412852,44.0979554650624],[7.727927544261957,44.12731929915596],[7.7751431218628655,44.13997160833018],[7.8839439559944795,44.10465856294033],[7.9423679073514615,44.10011657055158],[7.971531404232713,44.11309520010244],[8.004633814641837,44.102326665847],[8.012887677351724,44.11965746152888],[7.97893154287454,44.13354203080187],[7.985408512115279,44.14276547352135],[8.011840731819255,44.15589884619676],[8.071187719826352,44.146926340569514],[8.097197063805666,44.17896548359679],[8.06546617279613,44.21656378881129],[8.08110291672007,44.24004410542148],[8.063096634217187,44.253074189580246],[8.090698507924577,44.27479639876368],[8.059739808101252,44.300703822952705],[8.076021695437712,44.313958457100114],[8.10195677511945,44.300931020277794],[8.106436357607958,44.33237280731591],[8.144916340198211,44.345780062990265],[8.149519219361125,44.38479201805117],[8.208046823060954,44.41034431968237],[8.221357640942191,44.432911217117585],[8.197327511264577,44.47755581112722],[8.223315457437085,44.48566935948618],[8.225770625692824,44.51539220271859],[8.252777445079877,44.52874738686149],[8.271312522344424,44.50679727014652],[8.34917711337932,44.48555315074634],[8.359533754784334,44.46499556752473],[8.39243166209117,44.47704985081698],[8.418587256293682,44.51327760275474],[8.449498672110684,44.49738809012674],[8.47065675441548,44.522479406745454],[8.478073505968275,44.510648088374836],[8.576161594499707,44.50922667680751],[8.573756539666286,44.52332483363633],[8.612367117022192,44.543295118443595],[8.597816090775186,44.55655960183366],[8.623861375264601,44.58638071165961],[8.72099803538532,44.579865411716824],[8.782453626018143,44.48836102041068],[8.826840445761217,44.56179937591753],[8.868607360175517,44.566244204785114],[8.891337072465756,44.55063065569634],[8.917502849410628,44.56105501216087],[8.909367678556746,44.613326426463445],[8.882620678446731,44.63874749365375],[8.931140753894843,44.676133175020105],[9.01469073619008,44.66607066295126],[9.043908881050113,44.61442523593959],[9.075853438802273,44.62369903449081],[9.103532255094537,44.60938587955057],[9.11070409946343,44.58197104899057],[9.137671707819377,44.57393398292578],[9.198954893237577,44.59277595725717],[9.204490820106942,44.61495730244468],[9.244809686287956,44.61972132603896],[9.246245271312734,44.599269116946346],[9.30041024509507,44.607777374788974],[9.34222419230443,44.577780430977164],[9.381080345567636,44.57674963804158],[9.405628924057886,44.60080680675928],[9.423076562701882,44.574612231714944],[9.490772117468321,44.55894555970789],[9.496803432387548,44.482730397845614],[9.46887309941641,44.48188067663821],[9.438393705470837,44.41854154898485],[9.472564803476835,44.42428409261311],[9.47903434845337,44.40925851726183],[9.493902292042117,44.42389672018459],[9.600031797185517,44.43691061522172],[9.655028200201599,44.41187787428897],[9.674979443495078,44.36471301704992],[9.706301260291493,44.366189150632806],[9.765416146396523,44.30432756433875],[9.852656948112894,44.270205120093436],[9.857027383161219,44.23402981904805],[9.875356733717789,44.223942457043506],[9.864956784626825,44.1807078200818],[9.908508545812083,44.20977386147475],[9.934010411227383,44.19662212718031],[9.89295306490963,44.166501535878986],[9.974028992795704,44.16692837089629],[9.995353698657143,44.11789334064251],[9.983451606983126,44.09887807865564],[9.993322038355128,44.09267571293746],[10.021952318205429,44.119621183423725],[10.0696025471621,44.09744669492121],[10.018772948617338,44.04447688467762],[9.994114131995637,44.05086923719599],[9.977587493633031,44.03548674393144],[9.906784864338888,44.08141693327938],[9.8809977601479,44.081077385234174],[9.85188791590156,44.11005005549322],[9.8211969468071,44.0955229760287],[9.813528362370597,44.10409491795389],[9.847278800551015,44.061229080796195],[9.835550692626578,44.047925518428556],[9.855305896785902,44.05091124291938],[9.8448854857052,44.0337935303598]]]}},{"type":"Feature","bbox":[9.1980365494465,43.73192431848447,12.755640592249431,45.13913153551511],"properties":{"reg_name":"Emilia-Romagna","reg_istat_code_num":8,"reg_istat_code":"08"},"geometry":{"type":"Polygon","coordinates":[[[9.330337973817748,44.735595992880704],[9.286512745462446,44.758679098631106],[9.286974942700697,44.772496364237654],[9.363098237992226,44.82240383453025],[9.341675182676607,44.86981198527784],[9.27740952539125,44.89560889289786],[9.285027562694523,44.93176625227332],[9.321822117464704,44.94410018778491],[9.375605534196941,45.01991794074667],[9.370819944710396,45.04815366782845],[9.410777734733125,45.082754579570334],[9.49928606247426,45.10391966581507],[9.533417566471263,45.078902625635884],[9.550999981806749,45.09079144231668],[9.535754342409744,45.12200083515848],[9.548661307253253,45.132651517974345],[9.587447002472897,45.099624987883104],[9.62935161181942,45.13203282639712],[9.634935518918494,45.08397790407359],[9.714994991848627,45.05823682034349],[9.749593738614637,45.07783681227538],[9.757535687244033,45.1125385085046],[9.813262350118379,45.078103284752146],[9.82375865232362,45.05259059835807],[9.838357332967174,45.09564621112564],[9.880650024213416,45.07479496201579],[9.896772745435753,45.08053862586138],[9.881033418501286,45.1270018786383],[9.922605940935995,45.135936275094664],[9.918487227275323,45.09960271041354],[9.985465594886882,45.133430763317854],[10.028531941508184,45.09622513145378],[10.021649562604045,45.07588899114373],[10.050223568512001,45.041279035181425],[10.082307532363119,45.04660557342704],[10.092877615079251,45.02376202889466],[10.161003396593577,45.044378783163936],[10.187295914886903,45.02821575338494],[10.21106755805249,45.0340318227064],[10.3552845779883,44.96615901319707],[10.407996488208031,44.98383527048703],[10.437757352597345,44.942047712273876],[10.567027913049772,44.90839790962661],[10.62788141470537,44.92420179049769],[10.686679995034302,44.98659263323919],[10.694740944789768,44.96194010047426],[10.727396616704343,44.99202560239709],[10.743719814603848,44.94907684931742],[10.897990948287429,44.921805465599235],[10.890308500835644,44.91243750053132],[10.9413734562945,44.92191384426673],[10.997472247978283,44.95508684337339],[11.059537564708664,44.94888766525326],[11.07347468785877,44.962950417377684],[11.152435626018162,44.933244539378265],[11.246205680020314,44.95143857161268],[11.272257162042974,44.93832264842206],[11.301583514420194,44.962358968470426],[11.426313458038718,44.952104701811386],[11.429373425682746,44.92904554366034],[11.534130503841567,44.936245906242824],[11.615379816743074,44.88809932736556],[11.734072551118395,44.92713532617685],[11.745631000401303,44.95733380886986],[11.806468006074459,44.97716130600631],[11.924583086031834,44.97467677422368],[11.96267886787357,44.98682770968829],[12.0474868445578,44.976963504627555],[12.11313408080053,44.960366558953474],[12.142424359394449,44.92790385409693],[12.170675930200384,44.94204737791095],[12.22497180621868,44.92298071458791],[12.276164314190975,44.943288699394905],[12.294737316053073,44.92741452556546],[12.281872200113357,44.91001554991245],[12.294108695908477,44.86035908788002],[12.34053375361276,44.85007006870363],[12.355192217652911,44.81508110634113],[12.398107696608704,44.792777475046556],[12.383776732792255,44.79239294799969],[12.316610934375845,44.83853434457788],[12.287534948940813,44.84222568643414],[12.257775451104003,44.81519056138668],[12.266309654086177,44.80435113287289],[12.286070548915474,44.81721631648942],[12.248307327934038,44.76276501309342],[12.240848593017455,44.71033819237633],[12.281782336336889,44.59372876596865],[12.289264770940745,44.46305700525387],[12.35719561263128,44.270553777080934],[12.393358465512136,44.211995522919594],[12.52142679799831,44.10110021653633],[12.575472785086776,44.07850908082625],[12.68820202791007,43.98712385792978],[12.754442080626939,43.964924550313015],[12.727907581132268,43.92418244740162],[12.733992521182897,43.87025897619094],[12.68229503509492,43.85279664948034],[12.673460439319449,43.82389362651277],[12.628804263342355,43.82094905216567],[12.589492263833087,43.88564495901325],[12.541692224843729,43.86402776418859],[12.51817448745748,43.88104146553019],[12.499338864964455,43.873603386564575],[12.4870860030365,43.89427106350369],[12.515665508624716,43.94153288774483],[12.509471054667955,43.99120346527421],[12.436867357127205,43.956622636924735],[12.404592592126999,43.955696082181724],[12.408355601559503,43.90297161650456],[12.44369392343687,43.904978630211836],[12.457756040718746,43.880114941342796],[12.404573012291754,43.8763884137382],[12.394118646796377,43.821340140056826],[12.34979440342412,43.7996015367537],[12.2848538691388,43.794794786610154],[12.283780916917237,43.76491721463657],[12.245910242574288,43.75119445015293],[12.209310650537889,43.75707280675845],[12.194632649708916,43.73192431330688],[12.163669515182884,43.76236200643127],[12.077060630149154,43.74065425293304],[12.051247485513082,43.75738167769312],[11.986510468773211,43.761927468089326],[11.918787746585984,43.793688204536195],[11.909747639978688,43.81271910176586],[11.841674555463044,43.80802426209675],[11.710166740227894,43.87744594433773],[11.717031653912047,43.92181760381345],[11.684205203410736,43.93512639139748],[11.69088475398162,43.95685807099834],[11.645549050912198,43.98984931289268],[11.75263880415604,44.12139040661821],[11.678806500213431,44.12291267339678],[11.652556286476269,44.101155056291674],[11.61616647266099,44.11849090259054],[11.58457420953013,44.11220515171498],[11.615364491489578,44.1582543778883],[11.565172906168808,44.16724202704946],[11.544415747795233,44.152527617264845],[11.516132499646984,44.15755237174652],[11.447627004684872,44.19948528965713],[11.451297227596203,44.22056833271067],[11.421064893564795,44.239244265226844],[11.380545127404192,44.20000075994102],[11.342809365390293,44.20581920768716],[11.280713653565758,44.15533921595022],[11.195730599430343,44.15141455221869],[11.260226123504278,44.11584190880061],[11.24803619524293,44.097572286113035],[11.159202384871936,44.11242201574375],[11.04942712849881,44.09024606656759],[11.00200901991643,44.110892488845955],[11.006952850024623,44.13854570930804],[10.91006337316756,44.06254042263257],[10.892075317925018,44.09243319988919],[10.848664830564157,44.098058528360696],[10.754259887988875,44.154148208167534],[10.643980729446971,44.16009232311981],[10.62405585062793,44.1203660949935],[10.593103763332437,44.11541513566435],[10.525121668328248,44.15623593922834],[10.48461162212281,44.22282505615793],[10.430263427472218,44.22743489060416],[10.371588787979585,44.269379207048395],[10.30711600913114,44.28432390719822],[10.25385666310428,44.26858068537814],[10.146281036526865,44.3521325565403],[10.098272854462348,44.34629330929916],[10.010043161079098,44.3891598352174],[9.989284720088472,44.404331164033366],[10.004317498964395,44.43733006280088],[9.97013706290014,44.464597604061105],[9.819936688079295,44.46642290027967],[9.756464975111589,44.40617352742547],[9.76047516556101,44.3900499009207],[9.674979443495078,44.36471301704992],[9.655289531762504,44.41166030609679],[9.601487822735661,44.43675890827656],[9.493902292042117,44.42389672018459],[9.47903434845337,44.40925851726183],[9.472564803476835,44.42428409261311],[9.438393705470837,44.41854154898485],[9.46887309941641,44.48188067663821],[9.496803432387548,44.482730397845614],[9.490772117468321,44.55894555970789],[9.423076562701882,44.574612231714944],[9.405628924057886,44.60080680675928],[9.381080345567636,44.57674963804158],[9.343003450762627,44.577697075420836],[9.30041024509507,44.607777374788974],[9.272230477095949,44.595915222125576],[9.245642316399218,44.599711539879465],[9.245502627472392,44.61964781210197],[9.200421723194061,44.61533362306494],[9.200319866508892,44.68640480129943],[9.237087756748828,44.685117592746465],[9.235083648179383,44.7163598246305],[9.259475772762514,44.679946579637765],[9.324637473044445,44.69001562724433],[9.289675115675747,44.70121854177516],[9.330337973817748,44.735595992880704]],[[12.174986641569225,43.809863738406804],[12.186139625861244,43.77413007733762],[12.237261526973208,43.78700399375708],[12.229788104841294,43.80868106518506],[12.174986641569225,43.809863738406804]]]}},{"type":"Feature","bbox":[9.686700448591356,42.23824385377517,12.37135441647987,44.472707491373264],"properties":{"reg_name":"Toscana","reg_istat_code_num":9,"reg_istat_code":"09"},"geometry":{"type":"Polygon","coordinates":[[[10.291443119671479,42.320363398893186],[10.297990103243707,42.34951450285968],[10.086594941654274,42.56866899977375],[10.046838278512228,42.577954452801805],[10.046036901282655,42.58577858663333],[10.067404597669132,42.58762800506958],[10.081501115079199,42.60148812491426],[10.07965206247158,42.61935445635937],[10.137784379097079,42.73331198885792],[10.105555738490247,42.76260790043964],[10.108533541230575,42.79363132748362],[9.80127946234527,43.006892995460724],[9.79128622584715,43.02342354037904],[9.800136664505633,43.05376928072639],[9.826152371761435,43.07268146237203],[9.836809948334647,43.065161519424926],[9.835477514326602,43.04911558898209],[9.847599823543803,43.04514534270566],[9.814696958846692,43.00455063727269],[10.110921436840043,42.795061789341716],[10.139917433354931,42.80930522219403],[10.174607403750162,42.80628005546076],[10.185973272646898,42.81225938435005],[10.241861519693169,42.78738889235022],[10.247571581042392,42.79897276018922],[10.269405620727852,42.80345597203108],[10.275318137275358,42.818464871639556],[10.263145069706695,42.83009036189852],[10.295397265752158,42.81874147891045],[10.332964413681452,42.817380472243805],[10.315034327102843,42.80955075245116],[10.317373230264172,42.80464308069388],[10.351868989427276,42.79771674223519],[10.36146697599168,42.80337755209436],[10.359430542234184,42.817046755648455],[10.379261695658036,42.82749635293934],[10.407719808583584,42.87134222184486],[10.499046896337273,42.93537165825666],[10.48300314968812,42.98839191255074],[10.513317212443917,42.99496251010935],[10.510757522463804,43.01215270478418],[10.521516526662639,43.019261238731474],[10.531618530083914,43.05252952821079],[10.539744793727753,43.1449791545649],[10.530774723672106,43.21997437769081],[10.506741436222956,43.28293729540257],[10.45931642495785,43.32204594593548],[10.424991223265964,43.39837819754032],[10.406780663369567,43.408796486761915],[10.381206176407396,43.45009545019805],[10.330446324827138,43.47383540474842],[10.318925046133389,43.510311604918755],[10.296184830385473,43.540327137696295],[9.908812040643188,43.43390412287991],[9.900517780117081,43.420092222208],[9.889064849576938,43.42367531536778],[9.90143052483003,43.439561278715935],[9.907193452922332,43.43586766834789],[10.303828017513167,43.54503103741679],[10.294121927763022,43.55240934555422],[10.310241346283167,43.572354791876286],[10.30359310854209,43.578232837873955],[10.305103629020643,43.56651882323145],[10.296644368460074,43.562283310263176],[10.30066268686954,43.575237923397935],[10.272559433175225,43.67189615254637],[10.28282740738342,43.68849698550148],[10.277498945588968,43.738045989812996],[10.236865734352406,43.874889334149294],[10.189810515309283,43.933491152162425],[10.137487304533996,43.98049058087318],[10.066165697411165,44.02707537039885],[10.018772948617338,44.04447688467762],[10.066221102968727,44.0861657321377],[10.06926269538812,44.09799907341465],[10.047384565865894,44.115123314197625],[10.021952318205429,44.119621183423725],[9.993322038355128,44.09267571293746],[9.983451606983126,44.09887807865564],[9.995353698657143,44.11789334064251],[9.97634789953769,44.13954798280546],[9.974028992795704,44.16692837089629],[9.89295306490963,44.166501535878986],[9.934010411227383,44.19662212718031],[9.914508942540206,44.199602012635076],[9.907851066223172,44.21004017632503],[9.891208778491775,44.20781242578186],[9.864956784626825,44.1807078200818],[9.85755041555457,44.193507568418674],[9.875356733717789,44.223942457043506],[9.857027383161219,44.23402981904805],[9.852656948112894,44.270205120093436],[9.814784147395354,44.28621425283566],[9.805714973677333,44.28280344069946],[9.765416146396523,44.30432756433875],[9.753105868831842,44.322730342754994],[9.729455184652453,44.3283305909097],[9.711149302548812,44.363575251082956],[9.686700448591361,44.365939562245266],[9.716899238458248,44.383174489949546],[9.742741339001519,44.380389541323],[9.743848220752238,44.389484189917766],[9.76047516556101,44.3900499009207],[9.756464975111589,44.40617352742547],[9.827717218284642,44.4682753486347],[9.924305944889952,44.47236891978171],[9.970712722807285,44.464439665079865],[9.976154169749107,44.44791836663828],[9.996329746563376,44.446888879907675],[10.004317498964395,44.43733006280088],[9.989284720088472,44.404331164033366],[10.010043161079098,44.3891598352174],[10.098272854462348,44.34629330929916],[10.146281036526865,44.3521325565403],[10.189606721876324,44.31430959793922],[10.22626343767479,44.299967407512284],[10.25385666310428,44.26858068537814],[10.30711600913114,44.28432390719822],[10.342755174438945,44.26963180714554],[10.371588787979585,44.269379207048395],[10.430263427472218,44.22743489060416],[10.464936687701872,44.23113679715547],[10.48461162212281,44.22282505615793],[10.492992231710634,44.21658475978933],[10.48521494388305,44.2044960842065],[10.522938734170058,44.174838426565636],[10.525121668328248,44.15623593922834],[10.577509040919644,44.131900245091714],[10.592534202285512,44.11561214491242],[10.62405585062793,44.1203660949935],[10.623752784508227,44.14120512017595],[10.641209711772992,44.15983507806959],[10.661676932485278,44.153849183980896],[10.743933574360874,44.15623767824614],[10.804110294487288,44.1186197028745],[10.8191495720477,44.11245143677932],[10.83088484624484,44.11658137214359],[10.848664830564157,44.098058528360696],[10.869825281020873,44.099903114100904],[10.892075317925018,44.09243319988919],[10.90404253462877,44.08425753739412],[10.904729810023811,44.06325072132574],[10.918250419705723,44.06301092330287],[10.92754912227212,44.07598996821823],[10.944143019652406,44.0812276298907],[10.970312047638277,44.1159272898195],[11.006952850024623,44.13854570930804],[11.014929192363418,44.1252142210444],[11.00200901991643,44.110892488845955],[11.04942712849881,44.09024606656759],[11.089428921149398,44.08995184611544],[11.127642600601828,44.109684559825716],[11.159202384871936,44.11242201574375],[11.209804610257118,44.09886866846743],[11.24803619524293,44.097572286113035],[11.263687926949073,44.10427195296368],[11.260226123504278,44.11584190880061],[11.218360298092502,44.129403329084155],[11.195854696217632,44.14354429092254],[11.195730599430343,44.15141455221869],[11.239291318441607,44.15891623844162],[11.280713653565758,44.15533921595022],[11.295802804731007,44.17239565159856],[11.316784701839385,44.17729707716252],[11.324406817341915,44.194638759420535],[11.342809365390293,44.20581920768716],[11.380545127404192,44.20000075994102],[11.421064893564795,44.239244265226844],[11.451297227596203,44.22056833271067],[11.447627004684872,44.19948528965713],[11.516132499646984,44.15755237174652],[11.544415747795233,44.152527617264845],[11.552975164907265,44.165742810716885],[11.565172906168808,44.16724202704946],[11.573240634684455,44.16064589366349],[11.615364491489578,44.1582543778883],[11.616705575594056,44.143380778508444],[11.587832088714954,44.12369973516976],[11.58457420953013,44.11220515171498],[11.61616647266099,44.11849090259054],[11.652556286476269,44.101155056291674],[11.678806500213431,44.12291267339678],[11.75263880415604,44.12139040661821],[11.748876930689066,44.10414141134529],[11.700695246614526,44.05555894971481],[11.694909020908101,44.03533984154978],[11.681888766664464,44.02120404190981],[11.656523951802114,44.01748135538463],[11.663942700672491,44.00555060323971],[11.645549050912198,43.98984931289268],[11.65399734079086,43.97525727631267],[11.69088475398162,43.95685807099834],[11.684205203410736,43.93512639139748],[11.717031653912047,43.92181760381345],[11.710166740227894,43.87744594433773],[11.732021562063045,43.86338505576351],[11.785729213913767,43.847024791565815],[11.841674555463044,43.80802426209675],[11.86741138098502,43.8169127812655],[11.896425545216886,43.807780495726824],[11.909747639978688,43.81271910176586],[11.918787746585984,43.793688204536195],[11.947821094354733,43.79063756268111],[11.953380474185746,43.77608869428288],[11.986510468773211,43.761927468089326],[12.006392013227863,43.76652133875447],[12.053002579133905,43.75696562901388],[12.070542918670224,43.740730605306105],[12.107445574331052,43.75377136751974],[12.142080578085684,43.752604448282526],[12.163669515182884,43.76236200643127],[12.194632649708916,43.73192431330688],[12.20916635859673,43.75573089716704],[12.185220987402117,43.77481744257043],[12.170052414852783,43.80642659700808],[12.176541373611943,43.81054074382277],[12.217770553263268,43.802774519695575],[12.226846526290329,43.80949124813548],[12.238003781814484,43.80039841734489],[12.237261526973208,43.78700399375708],[12.200614444487334,43.77459409382859],[12.210848940833788,43.757372243344086],[12.22899227388413,43.7595542075311],[12.245910242574288,43.75119445015293],[12.255634577234169,43.76036641277704],[12.28142840661614,43.764984855221975],[12.317085279400304,43.755608506657886],[12.371106332079517,43.711378186410734],[12.357324784211459,43.70202482141029],[12.345107930134011,43.7099776058039],[12.330488893511012,43.70796512061325],[12.336047525399687,43.677642073093644],[12.315718927532362,43.67791910164958],[12.321368305963102,43.693398014476934],[12.308318850214006,43.73017682536247],[12.297210786807145,43.68595025997575],[12.273479375928517,43.67596423256002],[12.24507069256927,43.68147633059717],[12.249481467768309,43.66893388706089],[12.23265648513224,43.655595897048315],[12.186277953611583,43.64250759515798],[12.213834576267306,43.61088376067105],[12.162662184634627,43.56136664776629],[12.153237649315848,43.528712787130154],[12.142098759607402,43.5357678534995],[12.102727692492518,43.529932857595945],[12.090892296859362,43.511229939538495],[12.095094816253868,43.49916472383772],[12.144825873823253,43.479573990259325],[12.143244283316726,43.47029255310193],[12.10402551817755,43.460449488397444],[12.081361240012091,43.43404753855896],[12.056878656138247,43.438254564599546],[12.025210456317874,43.415573886022614],[12.032936004757886,43.400224912818764],[12.077306107325146,43.40214446080456],[12.076994480259264,43.365833026462894],[12.102570277418206,43.372450741300995],[12.124873720170521,43.357922869327886],[12.135456822352678,43.341703739138865],[12.125835463466853,43.30679710410851],[12.132523236121534,43.293069699405926],[12.177042441060314,43.28178185984065],[12.193818427023867,43.31307151512086],[12.22388817686811,43.295796336040475],[12.148583105463317,43.25461711826535],[12.121054942553506,43.254953506280536],[12.092365101100254,43.23590807797798],[12.04889637624834,43.2531072536738],[12.033962225536076,43.246702294457],[12.03965285696403,43.22899355876175],[12.024072289078056,43.18816003652983],[11.98747647175365,43.18051904247622],[11.924981927670585,43.149253381966155],[11.912351770617628,43.12840240198102],[11.930948156722629,43.09239726767915],[11.923639992939645,43.074665412518335],[11.940070329961713,43.053282561111146],[11.956587920974002,43.06867684284778],[11.9731202129519,43.06363805510522],[11.982401607795714,43.05094818204805],[11.949516049023213,42.976525975521],[11.952082695937357,42.9496997723494],[11.93272156509341,42.908497903385275],[11.95881228099156,42.8916464879754],[11.958657049514771,42.87105760051367],[11.929018727873537,42.86929018903427],[11.913217364108862,42.850554935445764],[11.891887304094446,42.84287962187084],[11.894592613899196,42.83428840398686],[11.850593088594644,42.838683184326555],[11.814572594779548,42.823351626585314],[11.806850201948428,42.79485624876971],[11.775874040438596,42.820673629770454],[11.75334931304575,42.802236016893495],[11.746017675943753,42.78575944172388],[11.761257170319137,42.7809824939427],[11.779418833765593,42.758017434647094],[11.818658361058542,42.74577193992433],[11.801555703907852,42.70719157887924],[11.781143070502255,42.70532572150605],[11.784515149937153,42.6713210492893],[11.800989112192582,42.66827496542832],[11.809282472938294,42.652951884244224],[11.804776035350242,42.6439991727834],[11.780886180144886,42.6346829122519],[11.749756583678671,42.63964887077042],[11.75183031992592,42.62559542907582],[11.735974102358188,42.60666402029569],[11.711108318223731,42.6109060559248],[11.68004998378947,42.595313332136755],[11.681458132271553,42.58132692743646],[11.657167903029503,42.577161626865035],[11.643368707962527,42.56634652073678],[11.6261073403742,42.56942941161033],[11.616191560285277,42.5598748293156],[11.600890164619015,42.569795613259885],[11.578557204548643,42.566210975112064],[11.584350645114997,42.542754615573855],[11.568825483302161,42.53382603626081],[11.561235582203095,42.517293001708296],[11.616316825514591,42.48839073076042],[11.61770931072843,42.43604425244543],[11.544279820749203,42.442155693236124],[11.516575092346107,42.433556009903256],[11.488888408440376,42.43937035785313],[11.476492729460103,42.413420496800484],[11.44978020745882,42.39403929323654],[11.449851992778127,42.37754018348067],[11.352231907710006,42.40073468860276],[11.289855501563432,42.40515687487358],[11.27026905012412,42.41908159212061],[11.213501122950397,42.410955150508485],[11.205540717142629,42.40235546885288],[11.212813793507529,42.38751851321194],[11.192340654519379,42.37989725336878],[11.18995672744909,42.363643075289836],[11.16570785037099,42.36800324499595],[11.154840736640736,42.36125694492349],[11.11089498651713,42.26275547262765],[11.117385896979549,42.25183003326001],[11.108567449271636,42.255470978048734],[11.102377970211442,42.24805371559115],[11.109881123229663,42.23824384796622],[11.091892525536426,42.254997476249926],[11.109020737111441,42.26134104083349],[11.152073684021651,42.362202213434024],[11.142379881704189,42.377312064537165],[11.098008793675124,42.3931990645907],[11.092435960678216,42.40198765924541],[10.921937407044407,42.354616460889154],[10.931388923246672,42.33139882188155],[10.917454402675082,42.319279337078314],[10.882422063408505,42.35185915279509],[10.866572953025855,42.35435849514107],[10.867776571884493,42.36896168870827],[10.881587343612615,42.36762360105198],[10.880173881576502,42.38883234170986],[10.904094827469672,42.38324121460997],[10.924024446246339,42.35633390815906],[11.091364357375122,42.404100254307],[11.089727830532825,42.425814830602036],[11.104905782364563,42.44757310608186],[11.123305285131377,42.43450230283707],[11.132114809865019,42.43903724274113],[11.16009591390638,42.434348163515054],[11.172791319328937,42.44447772803911],[11.18965402532731,42.48141149764537],[11.188891264798958,42.52092296957481],[11.158172567772704,42.562051696870085],[11.140269462520477,42.561187713447644],[11.132869556069313,42.55297570865315],[11.11718412047307,42.56582894791555],[11.102170501281948,42.60157679071425],[11.082301430901975,42.613457343752685],[11.085326047382884,42.62681992296812],[11.009977674369496,42.659182960853435],[10.98269942497882,42.713105686771286],[10.961909610324465,42.730663618128574],[10.90082057599308,42.75664265607212],[10.784595658308124,42.77565895244992],[10.734440316177462,42.801330943688015],[10.759440045181414,42.809454657293806],[10.773100737152662,42.83200617900778],[10.769426802133474,42.869494243924066],[10.786632138659789,42.8882272556679],[10.771939382320566,42.91049279962488],[10.679618402091787,42.949137974110826],[10.580334641563399,42.95348091597589],[10.550210076431949,42.94708752954327],[10.556920764146863,42.94578906563789],[10.541311704936751,42.935573426245725],[10.543502869971775,42.92075111510923],[10.497637108099472,42.93153178572988],[10.414383283071986,42.87189324861793],[10.44402401269434,42.84684659285548],[10.428616508784243,42.816310124190984],[10.434516418129972,42.7765282891184],[10.38571072161896,42.7593486571489],[10.401618963253677,42.75744854780754],[10.411015075748848,42.7437915880688],[10.432765266380136,42.734894518482186],[10.431551290458778,42.712520464145115],[10.419965589706324,42.707698315936],[10.411159461558615,42.71635315031873],[10.382723303497977,42.71498228503718],[10.35815225099972,42.758334826924376],[10.342398230494782,42.76419612961516],[10.318177009250467,42.759974932172454],[10.325762167928376,42.74402467428933],[10.319511005663742,42.73601918293526],[10.312460248689648,42.75778254503193],[10.302712597452157,42.75973542311134],[10.283022847542501,42.734907429923986],[10.238998747655552,42.74882130384307],[10.236789359769373,42.726037111731],[10.188139569372044,42.73624863503015],[10.14055644719783,42.73236188598689],[10.084202140335584,42.61792589330926],[10.100982423672573,42.576318985641954],[10.088892864760084,42.5685365110773],[10.300562109446762,42.350711552482906],[10.328044123227738,42.34193744755646],[10.330008294648978,42.322195077983835],[10.315420790002497,42.31418697391812],[10.291443119671479,42.320363398893186]]]}},{"type":"Feature","bbox":[11.89188730409445,42.36418090994415,13.26420751654157,43.61734435669376],"properties":{"reg_name":"Umbria","reg_istat_code_num":10,"reg_istat_code":"10"},"geometry":{"type":"Polygon","coordinates":[[[13.15703954883755,42.652925236121064],[13.118188111183205,42.65765328369602],[13.061955466071336,42.62310039803258],[13.024284676205662,42.63903612057239],[13.011223255384653,42.61710817372805],[12.95250182046352,42.61892587866974],[12.930122744991985,42.60288228603422],[12.889623220672922,42.61351350203623],[12.89272902253992,42.56349743999225],[12.71113354981533,42.50079689821161],[12.741568095117394,42.47053250334032],[12.67464912192362,42.44241694075042],[12.649498254333666,42.44330991901907],[12.6410836035683,42.467801663992],[12.61480604140939,42.46510651455189],[12.606069658774066,42.4035284577226],[12.526113853950315,42.36418090419026],[12.511129429006889,42.40356673623919],[12.451439296831467,42.39620713642699],[12.463602468924403,42.42908632468161],[12.413650307607623,42.42559808915396],[12.413676967294931,42.45516791132431],[12.4303823641897,42.458022731075594],[12.412440965281787,42.46756334394665],[12.421390029275951,42.492526611124305],[12.39184502242193,42.49875896253286],[12.351225549956526,42.47365326870993],[12.325365844527113,42.49475745002529],[12.290578325465734,42.49151702138682],[12.307352110553357,42.49730079174546],[12.274765074596637,42.509205063708066],[12.2902672625698,42.51904368642434],[12.266757024417354,42.533466846887755],[12.275043308590545,42.559914789235606],[12.238657044796774,42.57217864988306],[12.247556158691896,42.59669321337721],[12.229135027787084,42.61109432041416],[12.24291660508348,42.62906504684211],[12.204335481591224,42.66046059567205],[12.161011599558238,42.676909985288],[12.124062233565631,42.64928604994467],[12.106734264455183,42.66467263312231],[12.029999165720978,42.64324122210671],[11.941329826271732,42.683300884771434],[11.930100550158,42.71294567054417],[11.968726058972113,42.73457842476783],[11.979481836407722,42.76458531010141],[11.927425138941802,42.78091690402794],[11.891887304094446,42.84287962187084],[11.929018727873537,42.86929018903427],[11.958657049514771,42.87105760051367],[11.95881228099156,42.8916464879754],[11.93272156509341,42.908497903385275],[11.98243152456511,43.050560225296266],[11.9571381055809,43.0686175885602],[11.93606540500577,43.055925918913694],[11.912351770617628,43.12840240198102],[11.933753992881348,43.15547833130624],[12.024072289078056,43.18816003652983],[12.033962225536076,43.246702294457],[12.092365101100254,43.23590807797798],[12.223473888570474,43.29501344492473],[12.193818427023867,43.31307151512086],[12.177042441060314,43.28178185984065],[12.132523236121534,43.293069699405926],[12.124873720170521,43.357922869327886],[12.102570277418206,43.372450741300995],[12.076994480259264,43.365833026462894],[12.077306107325146,43.40214446080456],[12.032936004757886,43.400224912818764],[12.025221208243666,43.415069397206196],[12.143244283316726,43.47029255310193],[12.092498820950507,43.50106721356629],[12.09539488474706,43.52260999436249],[12.153237649315848,43.528712787130154],[12.203184614537815,43.60617942265333],[12.29780211499864,43.585804220865185],[12.35473167066023,43.61728565693692],[12.42531110269192,43.60908752189139],[12.431233689111457,43.59136656873623],[12.36799338906751,43.609237305863445],[12.370292611127747,43.57940145617173],[12.344027903552924,43.552859292355286],[12.314695686766116,43.54850869242359],[12.326655164526107,43.52915236927028],[12.3461357204807,43.52108058271059],[12.366736516080335,43.53408592699468],[12.394824448486139,43.5088396005455],[12.433186279253928,43.53840699280282],[12.459217044199523,43.51646474041396],[12.499814728403718,43.52145804667055],[12.619402624751105,43.41657354231609],[12.663176590853162,43.436830818551456],[12.708857823444193,43.424682905622696],[12.731977973193901,43.46184241894914],[12.771199899336462,43.457339606128905],[12.779661719818389,43.41420436766923],[12.749045080909935,43.378813308984135],[12.79873414990314,43.325041509112644],[12.788984051348383,43.2832260444592],[12.824756867376793,43.26656735087232],[12.836606568022583,43.217532934088545],[12.865389191186894,43.206059221995716],[12.862490472547744,43.16596603327014],[12.829645319638203,43.14550851840898],[12.843003102618344,43.12234421192389],[12.881307814472756,43.12121141557253],[12.897327701037122,43.09348462014437],[12.895822077078675,42.96459201655767],[12.976700469309986,42.926095872749805],[12.976152797799944,42.86980418565877],[13.000835891349467,42.9083885503893],[13.02494605658211,42.90257365555844],[13.054410389338717,42.92018354265071],[13.112247784161534,42.88933350598702],[13.160864379968501,42.83190028653204],[13.212247803874995,42.84171587424419],[13.235253317226999,42.867699957218285],[13.24773304305332,42.849968977891834],[13.264207516541566,42.80928141332901],[13.245617080215892,42.76776540304066],[13.221055462801857,42.772681533662876],[13.194196609710364,42.75849514683349],[13.17982441227366,42.67758864062394],[13.15703954883755,42.652925236121064]]]}},{"type":"Feature","bbox":[12.185453636702121,42.68715607151437,13.916724724800758,43.96863512464329],"properties":{"reg_name":"Marche","reg_istat_code_num":11,"reg_istat_code":"11"},"geometry":{"type":"Polygon","coordinates":[[[12.481371971910095,43.527536318620776],[12.459217044199523,43.51646474041396],[12.437366514046564,43.53855359782547],[12.394824448486139,43.5088396005455],[12.366736516080335,43.53408592699468],[12.333181381108817,43.52357829922925],[12.312894028099503,43.544513808728105],[12.370292611127747,43.57940145617173],[12.371298455529766,43.61116522970976],[12.35473167066023,43.61728565693692],[12.299539910960734,43.58587331979179],[12.258727501533206,43.58911823785179],[12.225280421846273,43.593915560296516],[12.188348125539978,43.63442334503806],[12.248236022436643,43.66740275218563],[12.24507069256927,43.68147633059717],[12.297210786807145,43.68595025997575],[12.308318850214006,43.73017682536247],[12.315718927532362,43.67791910164958],[12.336047525399687,43.677642073093644],[12.330488893511012,43.70796512061325],[12.371320086151465,43.70902204333236],[12.327074389378872,43.75100983045093],[12.283411004723432,43.76327577424143],[12.284725730575719,43.794667928869096],[12.387966898760112,43.816787276983405],[12.404040023686973,43.8759901724018],[12.445693194982423,43.87080603858291],[12.477709826261693,43.89691591875261],[12.499338864964455,43.873603386564575],[12.51817448745748,43.88104146553019],[12.541692224843729,43.86402776418859],[12.589492263833087,43.88564495901325],[12.623274694683218,43.82115172190928],[12.672885327442328,43.82365330205506],[12.68229503509492,43.85279664948034],[12.733992521182897,43.87025897619094],[12.727907581132268,43.92418244740162],[12.750621437533926,43.96854449564636],[12.797592701131094,43.965174402453336],[12.907332215722676,43.92300244610575],[13.286192321456697,43.67917743979428],[13.454020549446545,43.61051525591615],[13.50392685704648,43.615139181282785],[13.5068733654228,43.63050068806746],[13.575872578914089,43.56881340687903],[13.625544343192784,43.55033311747938],[13.623352306299761,43.50226892664922],[13.813660477389744,43.16893866426008],[13.916724724800762,42.89458473196942],[13.722477563866962,42.85534976937877],[13.699303310176441,42.82261559635277],[13.663599836744181,42.80712737502911],[13.635516366621303,42.80330238399151],[13.624398869633845,42.81654173028139],[13.572247611258938,42.80037320098627],[13.53447851858524,42.81664449990028],[13.493443728492444,42.7366153867657],[13.447987381156818,42.732217152120214],[13.43756587745432,42.699197470475276],[13.427396937983234,42.706425290776124],[13.3925998004246,42.68738298141241],[13.341158895452477,42.70176360396581],[13.286276604048947,42.74040640848081],[13.264502280253327,42.74018123421658],[13.254152834006467,42.721450243852686],[13.187727890253758,42.7335445843022],[13.217192536774482,42.771856242334266],[13.24135665905285,42.76280059846898],[13.264029091353763,42.80824368597029],[13.235917401279748,42.86725423210923],[13.211834030292865,42.841516914347515],[13.160864379968501,42.83190028653204],[13.112247784161534,42.88933350598702],[13.054410389338717,42.92018354265071],[13.02494605658211,42.90257365555844],[13.000835891349467,42.9083885503893],[12.976152797799944,42.86980418565877],[12.976700469309986,42.926095872749805],[12.895822077078675,42.96459201655767],[12.897327701037122,43.09348462014437],[12.881307814472756,43.12121141557253],[12.843003102618344,43.12234421192389],[12.829645319638203,43.14550851840898],[12.862490472547744,43.16596603327014],[12.865389191186894,43.206059221995716],[12.836606568022583,43.217532934088545],[12.824756867376793,43.26656735087232],[12.788984051348383,43.2832260444592],[12.79873414990314,43.325041509112644],[12.749045080909935,43.378813308984135],[12.779661719818389,43.41420436766923],[12.773064162667266,43.45536032925428],[12.735763292396456,43.46375336790658],[12.708857823444193,43.424682905622696],[12.663176590853162,43.436830818551456],[12.619402624751105,43.41657354231609],[12.481371971910095,43.527536318620776]],[[12.407804699873768,43.602136049313906],[12.433183584975012,43.59228883932351],[12.42531110269192,43.60908752189139],[12.407804699873768,43.602136049313906]]]}},{"type":"Feature","bbox":[11.449370420563334,40.78473374858241,14.02764450725866,42.83868318987591],"properties":{"reg_name":"Lazio","reg_istat_code_num":12,"reg_istat_code":"12"},"geometry":{"type":"Polygon","coordinates":[[[12.959070435372261,40.896970841864544],[12.967256198186508,40.89353727883815],[12.960420991041188,40.88217833903464],[12.954336535116036,40.879816442226186],[12.947885577055954,40.88702585706078],[12.95413928272853,40.89492949766693],[12.942342276865883,40.9007911951599],[12.943619540891465,40.90327222206825],[12.858803876409942,40.9289736550758],[12.851634355283998,40.92530735181699],[12.849827099516911,40.929132028446716],[12.856542065351318,40.941154594521464],[12.85407072317771,40.949382681035715],[12.859327228838165,40.94881036205396],[12.860327570248252,40.93094165955549],[12.944701487194965,40.90537367648636],[12.949086379544894,40.917458417112925],[12.962555126852555,40.92040861813334],[12.970576691713182,40.93015952781484],[12.982097846683965,40.93583558509677],[12.993772934551787,40.93470493358532],[13.05554193738322,40.974310980201594],[13.066789576172786,41.222024175662675],[13.040080662386202,41.23100091546159],[13.022794764932213,41.27657259807593],[12.980249882362537,41.33571465264839],[12.950100469121715,41.362340998851664],[12.920076602746535,41.38158355385644],[12.854489252539302,41.41150759285683],[12.782430252765653,41.417875884762665],[12.772127724848703,41.416108618045264],[12.765493527125708,41.41013448915986],[12.701604903152363,41.44684046301358],[12.669143689860425,41.45649550224332],[12.642318365138037,41.453277837095904],[12.62998154011103,41.446957086722826],[12.631218614237723,41.44420742073387],[12.62235298403411,41.444698904438994],[12.552777790347426,41.53404234578697],[12.437108471491992,41.640773943584875],[12.352154363016941,41.69684218597628],[12.282843574025781,41.726743748036604],[12.234434304066113,41.739713598121035],[12.25620760526232,41.74616086515917],[12.236251798103599,41.742136780176594],[12.22524333617809,41.74477570829136],[12.229980387709153,41.751370768532645],[12.21984172576858,41.77054451144768],[12.224221068356174,41.781894617650536],[12.203510232991256,41.82974294463282],[12.177670531091051,41.873527286549475],[12.140979442346733,41.9160568349641],[12.118660955401907,41.92935558613712],[12.092027363566245,41.935812218396464],[12.075846926196565,41.94741184908584],[12.049786154043005,41.956510700368],[12.023977794115934,41.983840766439734],[12.0074421019127,41.99189402955046],[11.97920210669347,41.996665441451306],[11.963893192053682,42.01426221874589],[11.915734127794895,42.03936981376509],[11.894312162088124,42.04006532827274],[11.844990932008795,42.03018710837005],[11.83304024212003,42.03090836959172],[11.819116932470381,42.05614386842416],[11.80971292863302,42.06283301296063],[11.809549616136247,42.06644005563776],[11.814333140288804,42.060239891386125],[11.806765443022844,42.0804106957305],[11.794250828200427,42.088780853696235],[11.786708956856126,42.088901352147616],[11.77228428508047,42.099896787711856],[11.78879568537967,42.089527864333185],[11.788074420131988,42.095937326829166],[11.769791386203911,42.10722495513776],[11.772893515464599,42.10894073984612],[11.768016984534405,42.12016997213934],[11.754958031180237,42.1271857733673],[11.746381250424438,42.13794998385123],[11.74291359920567,42.14961945570736],[11.733766971184137,42.15805810549263],[11.739465439365091,42.17109005622561],[11.720683865102712,42.190416737668635],[11.695781993311101,42.2349063713809],[11.681276295921329,42.245230574297075],[11.663733463883698,42.26920417040791],[11.632474382651635,42.295532036571984],[11.55641946673714,42.33838987330975],[11.451130065216262,42.37724703948167],[11.455017015573958,42.38813684814985],[11.44978020745882,42.39403929323654],[11.476492729460103,42.413420496800484],[11.48216044564285,42.42010123535948],[11.481032200514232,42.43360188410328],[11.488888408440376,42.43937035785313],[11.516575092346107,42.433556009903256],[11.544279820749203,42.442155693236124],[11.61770931072843,42.43604425244543],[11.62003225714337,42.47472176220671],[11.616316825514591,42.48839073076042],[11.595236890267046,42.495590307391716],[11.58054132759823,42.50877024478884],[11.567337647388879,42.50992171304993],[11.561235582203095,42.517293001708296],[11.568825483302161,42.53382603626081],[11.584350645114997,42.542754615573855],[11.580720213845343,42.56791970723873],[11.588604305364907,42.57106905720996],[11.600890164619015,42.569795613259885],[11.616191560285277,42.5598748293156],[11.6261073403742,42.56942941161033],[11.636051724050882,42.56492583806387],[11.643368707962527,42.56634652073678],[11.657167903029503,42.577161626865035],[11.665957019771763,42.57620242337737],[11.681458132271553,42.58132692743646],[11.685936268532856,42.58530767869177],[11.68004998378947,42.595313332136755],[11.700186646320839,42.60100397688543],[11.711108318223731,42.6109060559248],[11.735974102358188,42.60666402029569],[11.75183031992592,42.62559542907582],[11.749756583678671,42.63964887077042],[11.780886180144886,42.6346829122519],[11.796445537826639,42.64349014396051],[11.804776035350242,42.6439991727834],[11.808941185719975,42.658666751620245],[11.800989112192582,42.66827496542832],[11.784515149937153,42.6713210492893],[11.78651847866294,42.68863096860505],[11.781143070502255,42.70532572150605],[11.801555703907852,42.70719157887924],[11.80935507144707,42.733875548128346],[11.818658361058542,42.74577193992433],[11.813440407568667,42.74592136167467],[11.806699577836506,42.753727233259],[11.779418833765593,42.758017434647094],[11.761257170319137,42.7809824939427],[11.746017675943753,42.78575944172388],[11.75334931304575,42.802236016893495],[11.76856550087266,42.81540974837077],[11.76850477431189,42.81995834777805],[11.786394885906525,42.81628934572409],[11.806850201948428,42.79485624876971],[11.811428841335191,42.7991354846413],[11.813699480321858,42.822670889495306],[11.83201155725527,42.826818113368084],[11.850593088594644,42.838683184326555],[11.901828365148077,42.83157050873827],[11.927425138941802,42.78091690402794],[11.979481836407722,42.76458531010141],[11.98194425264165,42.754845906841815],[11.97411679449819,42.749376826233494],[11.968726058972113,42.73457842476783],[11.947390777388955,42.72620650291297],[11.943428520190965,42.71901484359389],[11.931165553257088,42.714363618536424],[11.926202552094868,42.703860794215664],[11.948764197340921,42.69601053107749],[11.941329826271732,42.683300884771434],[11.977979687179657,42.67552513789299],[12.00708179690342,42.662451987932336],[12.029791786061061,42.65041581141299],[12.029999165720978,42.64324122210671],[12.039725531215263,42.64897281385942],[12.065303023854865,42.652198590321476],[12.073715387792065,42.656670303234385],[12.09450864572501,42.655487160179604],[12.106734264455183,42.66467263312231],[12.117199800706418,42.65097241722203],[12.124062233565631,42.64928604994467],[12.132326876283738,42.66166637012935],[12.140774611037447,42.656300817826796],[12.147034494700955,42.659335908901454],[12.161011599558238,42.676909985288],[12.176222083138919,42.672657434537136],[12.189072983154295,42.662132894807144],[12.197280568141622,42.66384548627464],[12.204335481591224,42.66046059567205],[12.226918688399483,42.64347856155188],[12.225652347826054,42.63554867201569],[12.24291660508348,42.62906504684211],[12.229135027787084,42.61109432041416],[12.239060631539262,42.60696038190973],[12.247556158691896,42.59669321337721],[12.240562493741553,42.596994992450234],[12.242407500803804,42.59281420547337],[12.235854010533568,42.58331090755691],[12.238657044796774,42.57217864988306],[12.261816443103982,42.55999081916864],[12.275043308590545,42.559914789235606],[12.27855381695873,42.541557757060936],[12.273161279664416,42.540105857411774],[12.273697766034607,42.5365552011397],[12.266613126917004,42.53652798322931],[12.266757024417354,42.533466846887755],[12.27445022737287,42.52387789710699],[12.2902672625698,42.51904368642434],[12.27550416423112,42.515995821303626],[12.274765074596637,42.509205063708066],[12.279227078326828,42.506502059811616],[12.290346910474712,42.51060869189328],[12.307352110553357,42.49730079174546],[12.302981365677883,42.4913219292781],[12.297621348989322,42.49489815850419],[12.289505725397138,42.494712932070435],[12.290578325465734,42.49151702138682],[12.299562963629862,42.48753057131166],[12.314150584155913,42.48788358997578],[12.325365844527113,42.49475745002529],[12.344832759118354,42.48494273891122],[12.351225549956526,42.47365326870993],[12.374173937561828,42.48112824691288],[12.39184502242193,42.49875896253286],[12.403523342997469,42.49996108457021],[12.421390029275951,42.492526611124305],[12.427825145698758,42.48694045556168],[12.412852647295429,42.478779592726255],[12.412440965281787,42.46756334394665],[12.427537570428486,42.46534298914643],[12.4303823641897,42.458022731075594],[12.417899011365868,42.4584546316216],[12.413676967294931,42.45516791132431],[12.411410151657787,42.445100985153886],[12.41946428645963,42.436468570601],[12.413650307607623,42.42559808915396],[12.42067561762165,42.42158402591413],[12.438999885103083,42.42641976521819],[12.450142597544493,42.42299601737988],[12.463602468924403,42.42908632468161],[12.4673201719495,42.4203970776095],[12.458261312907938,42.403904773348806],[12.444691529762387,42.39881772151793],[12.451439296831467,42.39620713642699],[12.459620228621846,42.397798585387704],[12.466255472220988,42.39488977903571],[12.480322712515672,42.40405123314373],[12.491575835454881,42.397425953192325],[12.511129429006889,42.40356673623919],[12.518241762380736,42.397255510578475],[12.513256139560033,42.39423801326453],[12.513271034315052,42.37862468936231],[12.518944142522113,42.36751142292956],[12.526113853950315,42.36418090419026],[12.548938466086549,42.382328614368724],[12.569990346498853,42.38291026979917],[12.606069658774066,42.4035284577226],[12.605394729004061,42.40752876328113],[12.614891063683721,42.41448175054381],[12.611962216367422,42.436246617539034],[12.619514649971874,42.45190640744658],[12.61480604140939,42.46510651455189],[12.6224217346611,42.468939919476355],[12.6410836035683,42.467801663992],[12.6393598607141,42.45911732934938],[12.649498254333666,42.44330991901907],[12.67464912192362,42.44241694075042],[12.69414631493262,42.4514655538257],[12.702785342659872,42.46089911635],[12.710550241529548,42.46349863552038],[12.724693973481116,42.46040630663877],[12.741568095117394,42.47053250334032],[12.720425369101843,42.48549364389357],[12.71113354981533,42.50079689821161],[12.731537309034664,42.50885750099011],[12.745773606965312,42.507871010288575],[12.751439714493769,42.511385078440924],[12.773542713309425,42.51309398461635],[12.773202317644346,42.53127990871422],[12.808618731257615,42.53588636035619],[12.818035300123169,42.532936253654256],[12.84783171692984,42.552803142877416],[12.871723699179585,42.561118313154594],[12.89272902253992,42.56349743999225],[12.894186306571441,42.577594791191146],[12.880089884947562,42.60236178387126],[12.880524112672807,42.60934759109262],[12.889623220672922,42.61351350203623],[12.896340286536367,42.61644403010585],[12.930122744991985,42.60288228603422],[12.937451516335459,42.61535719893507],[12.95250182046352,42.61892587866974],[12.998676876641628,42.615097053097905],[13.011223255384653,42.61710817372805],[13.01427456498152,42.63036949577322],[13.024284676205662,42.63903612057239],[13.030983019485848,42.63738180385473],[13.035730942398116,42.62799995310223],[13.061955466071336,42.62310039803258],[13.109040330901413,42.641888313747934],[13.117585231251871,42.650134442747344],[13.118188111183205,42.65765328369602],[13.129952931752207,42.65965690696737],[13.144771886031366,42.64608174111466],[13.154092836492179,42.65069137200544],[13.173554281155504,42.66537473564426],[13.17982441227366,42.67758864062394],[13.179466385590045,42.6834038588259],[13.173334874879146,42.68731391624731],[13.190540461712398,42.709915308058555],[13.189215833537546,42.7335776233333],[13.200732177127083,42.73499695763604],[13.207093709190195,42.73087351614587],[13.254152834006467,42.721450243852686],[13.264502280253327,42.74018123421658],[13.286276604048947,42.74040640848081],[13.293654059931194,42.73107210549016],[13.31326258635122,42.725985293347605],[13.336472164992305,42.70488109107397],[13.357755645107742,42.69409808928031],[13.350552885642465,42.68196478722075],[13.349682744561226,42.66871673739403],[13.36991860135207,42.64896815151765],[13.381808941893631,42.64981294682076],[13.40828330700678,42.64286352392958],[13.406774646668298,42.62922604096333],[13.394681461725373,42.62170145602029],[13.396893039336002,42.61488590850491],[13.390351600515372,42.608491611407935],[13.394013457776135,42.59125860697517],[13.381780692379877,42.581013201744085],[13.342823763659117,42.57490226660718],[13.323093334585822,42.579751633525326],[13.29328169723986,42.56953969826536],[13.283620371421035,42.582521523458894],[13.253804326022301,42.581965698086236],[13.2459353335961,42.572705801396026],[13.234032990882692,42.57569960111998],[13.226788582099005,42.58283676690299],[13.191362658468135,42.587517653689446],[13.192273730562059,42.57796819046521],[13.174272316382703,42.56751289280976],[13.176085156583467,42.5526462862617],[13.167016806542234,42.54151729612552],[13.155801737212759,42.54005061743299],[13.160543112910778,42.52201526758768],[13.177769627522395,42.51263631760122],[13.17140509667808,42.48512233562799],[13.178420263750075,42.47933924656177],[13.15405333366988,42.462332419246344],[13.133376575634061,42.458357252065206],[13.11616838645409,42.443909776064004],[13.141106021860137,42.4297470561346],[13.155167151546776,42.41421630718338],[13.18920195822694,42.400220120786294],[13.194158144834693,42.389193548241614],[13.189398306857452,42.381111431836615],[13.153349002710208,42.356994100911145],[13.171649320223123,42.34872908340061],[13.191351061361988,42.33233423944323],[13.202127429396855,42.33110943600195],[13.220319059347341,42.31953374118031],[13.226462981830037,42.31933056255762],[13.228629163252158,42.28844713395449],[13.234613479890145,42.277865778775556],[13.242555780360508,42.26889197406774],[13.256655589331599,42.26480358941849],[13.271242878606941,42.25416338170668],[13.281373360853324,42.23777175547118],[13.297224214521187,42.23107783014059],[13.319935807435739,42.22963785429913],[13.335622901244758,42.222401479381745],[13.34098596915691,42.21733245644695],[13.331894130549045,42.2081794658105],[13.341473881347893,42.198413015091376],[13.352232570651138,42.1912787673967],[13.372794987543253,42.188091303447564],[13.379889530896483,42.180444747404096],[13.353963092799257,42.174943630526684],[13.342366058861106,42.176810708209004],[13.353959416550897,42.166716313263784],[13.327270079588416,42.16385854209145],[13.322720781192393,42.161036604571215],[13.328753730062301,42.15492023239791],[13.317481078178526,42.153653606424186],[13.305290680556327,42.13825632758033],[13.284900410765271,42.13427603300991],[13.265000251731706,42.136789920487836],[13.24877653582474,42.12742686804239],[13.237228454051008,42.12913098148248],[13.22334924789666,42.1433363612411],[13.205697148319016,42.148440745755984],[13.192711209324184,42.1582575504446],[13.183277718045012,42.15888205437008],[13.169710833573744,42.15070753209103],[13.123417996948508,42.176994052591034],[13.087057415640285,42.17787103308483],[13.093801526435398,42.16003556035548],[13.084842153522846,42.14219799794512],[13.059821994116952,42.122954523234725],[13.037007376516502,42.11899762912282],[13.030778429115006,42.122101419004345],[13.032830557306916,42.107182406529716],[13.018487902907872,42.07493818933806],[13.02662171301999,42.05002764035458],[13.046478190491314,42.03531611154346],[13.049241501415294,42.02353254751891],[13.064832973462694,42.01243513348359],[13.101024805973454,42.00798966263255],[13.096612486447071,42.02194635376456],[13.098492373193217,42.026156101750566],[13.10497234222114,42.02599617555524],[13.139947933551502,42.01534655658688],[13.167903469774922,41.99860299481269],[13.199082173301926,41.98649625726752],[13.216157270005594,41.986699159039745],[13.230563467438936,41.982138898920034],[13.242841143189139,41.97153294138685],[13.266761724434392,41.96617429271912],[13.28721833498,41.94989244913444],[13.296275507798738,41.948612706239544],[13.298255347438525,41.95427080061522],[13.31030040058424,41.951619722700165],[13.322622080905742,41.94515779342466],[13.33678115750084,41.92663552273549],[13.34549509385539,41.92217580740523],[13.364374034064307,41.92475382875692],[13.383994309041658,41.9041866630862],[13.3598352553094,41.86937692735795],[13.36727735926046,41.863325611112806],[13.366833915817224,41.83306813220044],[13.380518814504171,41.817085881670494],[13.39151238406646,41.81978670263375],[13.396301205276115,41.834032265016575],[13.406630201468204,41.8375324916213],[13.41690228897318,41.83466559554832],[13.451554363454074,41.82281793168912],[13.469702409190468,41.80662944120524],[13.505081722640172,41.801598024292716],[13.511243583780061,41.788647986069066],[13.521557093860686,41.77981462670111],[13.520432946280074,41.77296553357071],[13.547905107312758,41.76115953548916],[13.56254778061284,41.761171234883335],[13.57181549642859,41.75429763140474],[13.586099572067003,41.76643482654414],[13.601822188654559,41.769420821175956],[13.613355918425352,41.77796998936961],[13.631272414588718,41.782645513313675],[13.64276152476878,41.7921844199435],[13.637295550466092,41.802547156919374],[13.647727997983555,41.811006231264976],[13.662891496340116,41.811268084275405],[13.679967031031973,41.8043603223461],[13.69270806765915,41.79152296136809],[13.705550213279093,41.78746669836793],[13.717055698118804,41.79767643988606],[13.729557244269952,41.79890122607176],[13.731216984530406,41.787072403539064],[13.749109657884057,41.77278117795877],[13.74945629911395,41.76058856558606],[13.765912204726462,41.74870241144006],[13.790142019301387,41.74296950571451],[13.812102927746109,41.75420496293037],[13.823480811890143,41.74088430216148],[13.856446421439152,41.73123429024957],[13.880585016448975,41.728297098412654],[13.891712216474922,41.73515340958604],[13.897638936937225,41.732134248386444],[13.904455081909951,41.718191290673126],[13.919307219022636,41.71786371010931],[13.932468566512183,41.693327077618434],[13.95046059257274,41.68042423211375],[13.967360014292952,41.6740302422397],[13.988294022558051,41.653832029882324],[13.996666499222393,41.62413979553688],[14.010990423866682,41.607538596182536],[14.010174140367933,41.59256154112106],[13.997814151055278,41.57942958096369],[13.998947771812702,41.574477955676215],[14.004098123295382,41.57178198240606],[14.004112551339421,41.566550837274704],[14.023659888804264,41.56103265220466],[14.026012499398565,41.55532513687198],[14.020702044696321,41.54236352712352],[14.005257074948357,41.53875315871994],[14.027500416268179,41.523208794640794],[14.019289018002127,41.52185624281033],[14.012677105502123,41.51526400594545],[13.994726113373494,41.51292290647763],[13.972906893010682,41.49403641097375],[13.992776635760508,41.482081465717776],[13.97790607851324,41.462487466564575],[13.961235884312229,41.46394584672582],[13.910858089491217,41.42868472870471],[13.891698263261846,41.42463141831801],[13.87513987369901,41.426416372679974],[13.861231945089033,41.417633712221125],[13.863013787319446,41.40950013924367],[13.886318363847959,41.38444426437142],[13.873857509407287,41.37530431246058],[13.870811708662085,41.35708904621955],[13.877944427499628,41.3413047756857],[13.873679899232478,41.33562462709586],[13.89481481043816,41.311636551331794],[13.8897395834883,41.29748327841226],[13.882337481196215,41.290942091785844],[13.856174430756813,41.29083145057403],[13.828429548980235,41.28103447933224],[13.834015716866146,41.26688048856557],[13.840121867878718,41.26254021242884],[13.83352524512667,41.252202793037966],[13.816849546994414,41.243674619523496],[13.801651963064087,41.24596756635087],[13.771971223023076,41.242103816566726],[13.762112597963096,41.222596723659436],[13.706852694996945,41.25393135216255],[13.681952056377863,41.244126136764926],[13.653405724360377,41.25721796244148],[13.621318306071947,41.26078100278493],[13.584674698594057,41.247188533308865],[13.572261728919633,41.23762980101509],[13.568107409012088,41.22972308503778],[13.571578064618071,41.216166737299446],[13.589880885550107,41.210648018902255],[13.589769032542895,41.20739871416978],[13.570033323619272,41.20407728649384],[13.570003077359205,41.2078254778762],[13.556537967508575,41.21126737817014],[13.549832376737015,41.20664123602972],[13.52355332095678,41.22304728402335],[13.501213919330832,41.227688072101216],[13.484907223673362,41.23805992807548],[13.47015760335893,41.23745285702426],[13.445509577713343,41.25266025472741],[13.381638668780345,41.27896425834306],[13.329053005116723,41.292564522883474],[13.283858915661842,41.2975759829302],[13.266395305621577,41.29488715975231],[13.262741242687449,41.28838536930109],[13.251298475787786,41.283246791678394],[13.20746753493542,41.28333248377901],[13.163825733582415,41.2724770943121],[13.105394785454154,41.241218605459075],[13.094520924672103,41.22443295457784],[13.069754100202061,41.2218755581747],[13.058505119546163,40.97439124712435],[13.065274843972258,40.967955381451176],[13.408592049189592,40.78672518999379],[13.416858256582055,40.78911128184289],[13.431040305311248,40.80386063950131],[13.435085511641223,40.79698609464604],[13.457010697934509,40.791557751140324],[13.457153949332517,40.78786037903381],[13.433972796742175,40.794894714100415],[13.407971179269483,40.7843088548716],[13.06370009766123,40.96604355996416],[13.049475117167082,40.96630904862857],[12.992544342351279,40.92998513340618],[12.967806720955243,40.92170459948501],[12.959070435372261,40.896970841864544]],[[12.64995730565889,41.74685380572371],[12.65490182122284,41.73467036818435],[12.660393785620927,41.73534881335744],[12.64995730565889,41.74685380572371]],[[12.458481786436597,41.90228723299474],[12.455535920519374,41.90755787680912],[12.446820372733587,41.90224451574644],[12.458481786436597,41.90228723299474]]]}},{"type":"Feature","bbox":[13.018487902907873,41.68210221816659,14.783013564975167,42.895081403093755],"properties":{"reg_name":"Abruzzo","reg_istat_code_num":13,"reg_istat_code":"13"},"geometry":{"type":"Polygon","coordinates":[[[13.941015156699482,41.687972751179736],[13.891712216474922,41.73515340958604],[13.856446421439152,41.73123429024957],[13.811618308620412,41.75426131918358],[13.765912204726462,41.74870241144006],[13.729557244269952,41.79890122607176],[13.705550213279093,41.78746669836793],[13.647727997983555,41.811006231264976],[13.631272414588718,41.782645513313675],[13.57181549642859,41.75429763140474],[13.520432946280074,41.77296553357071],[13.505081722640172,41.801598024292716],[13.41690228897318,41.83466559554832],[13.379517178464969,41.817457841055],[13.3598352553094,41.86937692735795],[13.383994309041658,41.9041866630862],[13.365246951097584,41.924134173930526],[13.10497234222114,42.02599617555524],[13.101024805973454,42.00798966263255],[13.064832973462694,42.01243513348359],[13.018487902907872,42.07493818933806],[13.030778429115006,42.122101419004345],[13.084842153522846,42.14219799794512],[13.087057415640285,42.17787103308483],[13.123417996948508,42.176994052591034],[13.169710833573744,42.15070753209103],[13.192711209324184,42.1582575504446],[13.24877653582474,42.12742686804239],[13.305290680556327,42.13825632758033],[13.327270079588416,42.16385854209145],[13.353959416550897,42.166716313263784],[13.342366058861106,42.176810708209004],[13.379889530896483,42.180444747404096],[13.341473881347893,42.198413015091376],[13.335622901244758,42.222401479381745],[13.281373360853324,42.23777175547118],[13.234613479890145,42.277865778775556],[13.226462981830037,42.31933056255762],[13.153349002710208,42.356994100911145],[13.194158144834693,42.389193548241614],[13.11616838645409,42.443909776064004],[13.178420263750075,42.47933924656177],[13.155801737212759,42.54005061743299],[13.191362658468135,42.587517653689446],[13.2459353335961,42.572705801396026],[13.283620371421035,42.582521523458894],[13.29328169723986,42.56953969826536],[13.381780692379877,42.581013201744085],[13.409745133449384,42.63904673987777],[13.349682744561226,42.66871673739403],[13.358862580433428,42.69582710646224],[13.38998129401243,42.6871560659002],[13.427396937983234,42.706425290776124],[13.436999939388713,42.698921203709936],[13.447987381156818,42.732217152120214],[13.493443728492444,42.7366153867657],[13.53447851858524,42.81664449990028],[13.572247611258938,42.80037320098627],[13.624398869633845,42.81654173028139],[13.635516366621303,42.80330238399151],[13.663599836744181,42.80712737502911],[13.699303310176441,42.82261559635277],[13.706605688827244,42.849316643328436],[13.879837197931954,42.89508139756835],[13.919744270564264,42.89238344075462],[13.995827523092625,42.70833761512093],[14.123731993512138,42.549463763729015],[14.25991907441928,42.44095853452756],[14.390692801651635,42.37309584309558],[14.509599970525695,42.25154977040519],[14.620787257628244,42.19927072553559],[14.711700348707538,42.17770224122237],[14.718351763241035,42.10566951554693],[14.77954920667864,42.0698260865108],[14.760802240543711,42.042204962489905],[14.783013564975171,42.03379270401383],[14.724130423388523,42.00046319415143],[14.66863650274078,41.94663059216323],[14.663763356271492,41.9162890570406],[14.61424451355101,41.88918843284478],[14.567979076507648,41.81811950337271],[14.48954516735024,41.76096985286204],[14.454787894399331,41.76335504075942],[14.46514021522728,41.77717530683587],[14.442328674146067,41.84125561955469],[14.397448098462645,41.86974344241965],[14.37886962046487,41.86587335894518],[14.376675708666326,41.879928725511185],[14.343005922528334,41.86252143433938],[14.323887061145726,41.89629219673174],[14.303981510277406,41.8933898758002],[14.28419583362031,41.910777909051305],[14.2166266578707,41.85343789239657],[14.14715788233558,41.827297315155434],[14.171455043823702,41.77843629419808],[14.201914373000676,41.76699499424634],[14.194177407867365,41.74814438085506],[14.171834052439507,41.76577424952699],[14.158677477034757,41.74702473998467],[14.121930654752555,41.74648092615767],[14.107196496103198,41.70735888049323],[14.094395808401346,41.73794485900621],[14.06957090624781,41.7372253753777],[14.053246219551411,41.70169867909253],[14.026922804646036,41.70270159703433],[14.018726573962976,41.682106074514394],[13.981923613602564,41.6951408806624],[13.941015156699482,41.687972751179736]]]}},{"type":"Feature","bbox":[13.94101515669948,41.36396233753821,15.161560470308254,42.06982609239391],"properties":{"reg_name":"Molise","reg_istat_code_num":14,"reg_istat_code":"14"},"geometry":{"type":"Polygon","coordinates":[[[14.327161984410347,41.45343741614321],[14.24074577078581,41.497196925001326],[14.173788343332475,41.500704966536205],[14.159118083338619,41.479817265548235],[14.122622937202834,41.50729134979548],[14.078369433168263,41.44708395743813],[14.113671421174391,41.388657627088],[14.083463031224383,41.400145971872284],[14.042388571469935,41.392780429660576],[14.000706726984827,41.43093219343893],[14.007040438354103,41.45187506765052],[13.97790607851324,41.462487466564575],[13.992776635760508,41.482081465717776],[13.97269057497285,41.49340655738427],[14.027500416268179,41.523208794640794],[14.005257074948357,41.53875315871994],[14.026012499398565,41.55532513687198],[13.998819959175629,41.57487967171653],[14.010990423866682,41.607538596182536],[13.988294022558051,41.653832029882324],[13.941015156699482,41.687972751179736],[13.981923613602564,41.6951408806624],[14.018726573962976,41.682106074514394],[14.026922804646036,41.70270159703433],[14.053246219551411,41.70169867909253],[14.06957090624781,41.7372253753777],[14.094395808401346,41.73794485900621],[14.107196496103198,41.70735888049323],[14.121930654752555,41.74648092615767],[14.158677477034757,41.74702473998467],[14.171834052439507,41.76577424952699],[14.194177407867365,41.74814438085506],[14.201914373000676,41.76699499424634],[14.171455043823702,41.77843629419808],[14.14715788233558,41.827297315155434],[14.2166266578707,41.85343789239657],[14.28419583362031,41.910777909051305],[14.303981510277406,41.8933898758002],[14.323887061145726,41.89629219673174],[14.343005922528334,41.86252143433938],[14.376675708666326,41.879928725511185],[14.37886962046487,41.86587335894518],[14.397448098462645,41.86974344241965],[14.442328674146067,41.84125561955469],[14.46514021522728,41.77717530683587],[14.454787894399331,41.76335504075942],[14.48954516735024,41.76096985286204],[14.567979076507648,41.81811950337271],[14.61424451355101,41.88918843284478],[14.663763356271492,41.9162890570406],[14.66863650274078,41.94663059216323],[14.724130423388523,42.00046319415143],[14.780152913926129,42.02967043157988],[14.760802240543711,42.042204962489905],[14.77954920667864,42.0698260865108],[14.889194906697028,42.024398493754624],[14.993590838894635,42.00478668230576],[15.079136215241974,41.9426472466543],[15.13804572601152,41.92664512533677],[15.138799094149414,41.87928088004056],[15.100985814473527,41.83748103851737],[15.115994541609618,41.79906368650811],[15.097026010292108,41.767401312810726],[15.120903811039094,41.720391752647615],[15.161499260646979,41.70938825839422],[15.050248241503786,41.657313013673686],[15.025494333981442,41.62232221317827],[14.959535024639258,41.646036103497025],[14.934132475424365,41.620158985989434],[14.950309935164752,41.5926618228242],[14.937151493140696,41.527475995410285],[15.007617821316353,41.48638878452329],[14.982266963222903,41.46906612534236],[14.884420400615085,41.44477976495956],[14.85606833565002,41.42468614937661],[14.78545446042373,41.45224741390589],[14.764700386857305,41.417368058728904],[14.716859754361286,41.40077663144598],[14.685548534488538,41.41133521561914],[14.603039222974257,41.36396233133817],[14.566325777647185,41.39213063593994],[14.551820541460428,41.37942929917253],[14.50507194580027,41.38249698211074],[14.47734617925861,41.41897842538293],[14.327161984410347,41.45343741614321]]]}},{"type":"Feature","bbox":[13.762112597963098,39.99056046734223,15.806446853156245,41.50736966902667],"properties":{"reg_name":"Campania","reg_istat_code_num":15,"reg_istat_code":"15"},"geometry":{"type":"Polygon","coordinates":[[[14.197944362970135,40.53680642424762],[14.200252468305596,40.56111872195832],[14.22271747055188,40.56089342112254],[14.243860647674595,40.555792966506175],[14.260242777406658,40.56145630691722],[14.265588580756573,40.55760771401284],[14.323214780668332,40.57108338039992],[14.320442579758392,40.58780684142811],[14.341790909696853,40.6185175350378],[14.339389965783534,40.62820334305163],[14.346792270807473,40.62699560633598],[14.351282547761164,40.63453389732907],[14.371011366587751,40.62783107304633],[14.399704165158303,40.63797894009529],[14.407958452149064,40.65159589478302],[14.403604777345839,40.656308060544866],[14.430017106348258,40.66593031893402],[14.438621151704822,40.681383272311415],[14.447976696362216,40.68739400320952],[14.471284255895638,40.69584781661862],[14.470921292356234,40.691632615792344],[14.476096224140473,40.69310619708014],[14.481795739180816,40.70053831608003],[14.480369373162311,40.708823176656594],[14.466243489580716,40.73600731182683],[14.447137076968367,40.75467532834259],[14.41348459978551,40.75231484920821],[14.395507242613535,40.75938672857204],[14.363232266711915,40.786622375525056],[14.36025191845827,40.784890470834505],[14.32441041322388,40.819522211247616],[14.273932841198343,40.84469332342152],[14.262225274570715,40.84379022439301],[14.252911796832583,40.83497326391077],[14.223245337963343,40.829168288706875],[14.220544518835633,40.82647520471647],[14.224513085273605,40.8264674421848],[14.206122469385173,40.809069474862426],[14.207258307358167,40.80076239451525],[14.187286159428213,40.7922558229799],[14.174476017013186,40.79915933999814],[14.160595960651362,40.79328976708054],[14.159799303286375,40.79756946910451],[14.168136737515226,40.797164776434414],[14.173398733625806,40.80230762967947],[14.165675302397583,40.81131611087964],[14.159209066658033,40.808043215331715],[14.165852639354775,40.81193029957806],[14.157689312753362,40.81755112870938],[14.120786624483955,40.82057262570634],[14.117420385082186,40.82772688111736],[14.107691054054905,40.831580413547606],[14.08658651637101,40.83012495985548],[14.071700913524822,40.81775724719263],[14.081919817972718,40.811847918847086],[14.089632322233317,40.777925989312926],[14.077769481744799,40.78733842900694],[14.043229123260947,40.79073481987053],[14.01759948815819,40.76925755536647],[14.022038850775994,40.758289882454996],[14.012826046156032,40.74859700333291],[14.017412350591933,40.73928340010458],[14.0049800456869,40.74908796441524],[14.004204385448338,40.745062283316734],[13.99546204235629,40.74687802329361],[13.997711478925607,40.74011621874593],[13.991318496937515,40.74210991054288],[13.956845333877713,40.735267319673895],[13.965289409472279,40.71269706181891],[13.954524513737457,40.70900507015135],[13.954062044922257,40.70066138731036],[13.939718525663395,40.70664617013056],[13.923236943196567,40.697303951368134],[13.905205385694499,40.70178642383076],[13.873661896267246,40.69690957453166],[13.851259566618387,40.71052824315063],[13.861208121023168,40.717401544682616],[13.85856838625478,40.738060686803344],[13.868548167877814,40.752349238577025],[13.861892212666422,40.757421839705835],[13.87113689836136,40.761622667950135],[13.877069023513176,40.756863578009025],[13.883279013116093,40.7595686564832],[13.890083206720568,40.75256440930568],[13.941001143587732,40.746592232769274],[13.938593652203107,40.744027983591174],[13.95351616785352,40.74223935418995],[13.956095713904636,40.73745658536899],[13.990690333138327,40.74432327400457],[13.994664237459327,40.7491703621269],[14.002012169198334,40.74747593667417],[14.009694653542798,40.75962646490795],[14.0099884270221,40.768622572317916],[14.041857275355882,40.792564241657395],[14.04800181093218,40.83563801482996],[14.04482192718264,40.86483932857154],[14.032569577693513,40.89898527687014],[13.99928848296613,40.953099942839955],[13.922475322999604,41.026536034042714],[13.89632558714766,41.08723423694534],[13.835732197841462,41.162798872284974],[13.813881613968311,41.1844946172212],[13.762112597963096,41.222596723659436],[13.771971223023076,41.242103816566726],[13.801651963064087,41.24596756635087],[13.816849546994414,41.243674619523496],[13.83352524512667,41.252202793037966],[13.840121867878718,41.26254021242884],[13.834015716866146,41.26688048856557],[13.828429548980235,41.28103447933224],[13.856174430756813,41.29083145057403],[13.882337481196215,41.290942091785844],[13.8897395834883,41.29748327841226],[13.89481481043816,41.311636551331794],[13.873679899232478,41.33562462709586],[13.877944427499628,41.3413047756857],[13.870811708662085,41.35708904621955],[13.873857509407287,41.37530431246058],[13.886318363847959,41.38444426437142],[13.863013787319446,41.40950013924367],[13.861231945089033,41.417633712221125],[13.87513987369901,41.426416372679974],[13.891698263261846,41.42463141831801],[13.910858089491217,41.42868472870471],[13.965651259812194,41.46407178117942],[14.007040438354103,41.45187506765052],[14.008019748913197,41.43957040275582],[14.000706726984827,41.43093219343893],[14.005675150307338,41.4245706971864],[14.016594658949684,41.42412409097595],[14.026578777804646,41.4166872354378],[14.028694744495366,41.408374969679095],[14.042388571469935,41.392780429660576],[14.084769192623918,41.400034093494064],[14.096102443769645,41.39019519974303],[14.111440636398749,41.38643403441549],[14.113380689286876,41.39061954539916],[14.103192587281503,41.403429723807406],[14.105229956916416,41.42325382376752],[14.078369433168263,41.44708395743813],[14.08680629017068,41.459662644164204],[14.082412522515401,41.46545126913793],[14.09668673069265,41.47327638264065],[14.099832222399975,41.48127083096058],[14.118371358954402,41.496610035405],[14.11950691122996,41.506516663355434],[14.125270002804653,41.50736966289179],[14.151642773318128,41.48265603535252],[14.16466403358004,41.478887986377025],[14.167302350595879,41.49441621949567],[14.173788343332475,41.500704966536205],[14.182790200217312,41.49654436494891],[14.204853211254246,41.4999341927384],[14.24074577078581,41.497196925001326],[14.249421810605373,41.48455189674721],[14.279130708543391,41.486378299243405],[14.292141468466054,41.47633637669616],[14.28428230618029,41.472104344456596],[14.304715304719101,41.466433247899644],[14.327161984410347,41.45343741614321],[14.342178761593955,41.45408039654783],[14.389801561564088,41.4429402619208],[14.400940959446167,41.43719849343352],[14.4125144776574,41.4412241168417],[14.427611314256216,41.42910626473535],[14.45529291568525,41.42783416756158],[14.465863502313814,41.41980975786404],[14.47734617925861,41.41897842538293],[14.48860594044083,41.39070841389515],[14.499911599203152,41.388051373832745],[14.50507194580027,41.38249698211074],[14.523506167847666,41.38527929332283],[14.551820541460428,41.37942929917253],[14.566325777647185,41.39213063593994],[14.574904633804957,41.38998558405643],[14.586244003962266,41.38042271323233],[14.588945264617637,41.37507437127317],[14.585453600426563,41.3711439506245],[14.603039222974257,41.36396233133817],[14.614635228429753,41.36823997779148],[14.64340685952282,41.3940218022393],[14.65276530945497,41.39775138998814],[14.660852811651393,41.39315305028478],[14.671443331166335,41.40664144960103],[14.685548534488538,41.41133521561914],[14.699623329791864,41.41084357501171],[14.716859754361286,41.40077663144598],[14.764700386857305,41.417368058728904],[14.772326356224111,41.433514743659515],[14.771303119698846,41.44185243121486],[14.784939324483602,41.45209337174004],[14.805929654331957,41.44753508975826],[14.824436595435328,41.434678067918526],[14.856560421431386,41.42475103193707],[14.86769514726372,41.42782284760961],[14.884420400615085,41.44477976495956],[14.946893770757804,41.45608407824981],[14.957880575058315,41.46264723227362],[14.982266963222903,41.46906612534236],[14.990540196277513,41.4801361486403],[15.007617821316353,41.48638878452329],[15.023892892177075,41.476947361718665],[15.032443012371687,41.45268490127242],[15.043124257891675,41.45676231360332],[15.046790864704777,41.443340484547065],[15.06315203761911,41.44061387284374],[15.076251397415277,41.432778112980465],[15.098342326253187,41.43402677999667],[15.100831559293704,41.429667243105115],[15.103294150615904,41.42094002717372],[15.091718894229455,41.41792279568754],[15.086641690619935,41.407226614908154],[15.098313058156336,41.39056853848694],[15.081552475879365,41.38773120532046],[15.058467630508096,41.37213470049466],[15.072190201309725,41.33246032332958],[15.099931846245333,41.32770468870326],[15.112596929200423,41.31928924441011],[15.130560172252578,41.31718557996838],[15.12677059008213,41.30295189939885],[15.139890332516224,41.29276755226685],[15.136293566502106,41.2868798567642],[15.149155750212111,41.280445230231024],[15.15336388164498,41.28339986568817],[15.200695559921085,41.28635435501465],[15.199744316804962,41.27944807760596],[15.215744887433239,41.27594011449655],[15.22043956659175,41.26518753129493],[15.235684059866555,41.272314832647844],[15.24900323562164,41.270991100649404],[15.275658468033017,41.249535804311414],[15.27984391576176,41.2407949638467],[15.246175057200293,41.23611112549301],[15.246072438697677,41.22395960646518],[15.26241506922553,41.19762624686489],[15.223535577089319,41.18194161605032],[15.209345463529809,41.16768658407982],[15.210788474066577,41.14867064923526],[15.23566318676114,41.139882471169955],[15.263349004841485,41.1147878739298],[15.264310632392014,41.105320596255986],[15.291726587294137,41.093543905089305],[15.297911480748756,41.093310650976825],[15.314357197196212,41.1038856757428],[15.331918172676222,41.09635355441415],[15.351616407071697,41.094765347957185],[15.367059148922728,41.084806118183764],[15.38244800515195,41.0927303646792],[15.396375502806078,41.10681624174356],[15.401275530586442,41.105981369889435],[15.427489849752801,41.09282212225649],[15.446099979446808,41.07801443721506],[15.460926268484828,41.0759862443641],[15.478347259454367,41.078662313766245],[15.48948875144855,41.070031688311175],[15.542876675446594,41.055854612601344],[15.551372160152624,41.03895613671952],[15.563153948888615,41.031024341766205],[15.55955175944928,41.01697430092303],[15.566350592133235,41.01252648600112],[15.57229789122568,40.997516077827406],[15.566861051360164,40.96952690032728],[15.54228574107659,40.94639621165354],[15.527244793965851,40.90783382287643],[15.467632576334577,40.88960343835617],[15.47301976912219,40.87433869730329],[15.460815451454506,40.86715133893165],[15.453704350196407,40.86823184376549],[15.444727260069916,40.876823225635725],[15.429921598570564,40.87963120316544],[15.402734376663195,40.88161085263731],[15.401360228688754,40.87829200459821],[15.388111952091014,40.87561996381266],[15.375230910351787,40.88583651938914],[15.354165756847026,40.88265199953582],[15.355246922420946,40.8708943787612],[15.36651344244921,40.871937890616806],[15.378357167027767,40.86766776021377],[15.375214292469533,40.85953871802606],[15.377683213729565,40.8364478074214],[15.360983878163003,40.83917657979913],[15.334971175904863,40.83488003390736],[15.340556290136458,40.8289032070859],[15.355243916884838,40.82383001599941],[15.366457247804206,40.81213873726309],[15.380501935451159,40.810950170731196],[15.379396671812364,40.80620534488513],[15.366643225768563,40.79830833685695],[15.388285713448026,40.79539260120461],[15.380401866785899,40.780584040584856],[15.391107087521737,40.767247810349915],[15.383679583653631,40.76362539157639],[15.3790576751556,40.750930537247086],[15.38147621548827,40.72415082233257],[15.409088497975652,40.71304250478143],[15.428942250050065,40.692592432187716],[15.470001738950774,40.673170760348256],[15.487194568845013,40.67284109441001],[15.492563420702181,40.66400907982106],[15.503633038845699,40.66366814338602],[15.501289361961808,40.655660239193146],[15.492094742728588,40.64749289196788],[15.467461419927394,40.6389379187465],[15.449472593367632,40.609102031770206],[15.460908665519021,40.60443557603418],[15.474018216610094,40.592655332008604],[15.48545313493387,40.593675476729054],[15.490874956171934,40.5868491269755],[15.510128227559282,40.585747455065615],[15.515797722890301,40.5794054631713],[15.51418674501814,40.57413726414925],[15.5198888812718,40.57048871688505],[15.532608874406469,40.5730473858467],[15.53933584357984,40.56806469476335],[15.52657712755658,40.5573346502213],[15.536103007919944,40.54756734411239],[15.535984833275505,40.535373585254355],[15.545300814651595,40.53165778968615],[15.535310531385049,40.522261350514555],[15.550469378933272,40.50924781701999],[15.535224993337714,40.49964071842648],[15.538856430871803,40.48805001748307],[15.578731911668656,40.468893974285926],[15.578575071068826,40.46276965590374],[15.5917923645194,40.446025457861424],[15.58673390726191,40.44360320078826],[15.647978673830462,40.414007169685114],[15.662732993989373,40.39249330213304],[15.671575233706257,40.3979116414215],[15.710122280505278,40.377299485025844],[15.70435922780415,40.3637223995861],[15.704748021965004,40.34224101129185],[15.720984270754233,40.324503288316514],[15.730837397494481,40.32216696598896],[15.726879580673138,40.31544638220995],[15.747638110693044,40.29922129622251],[15.764995753071794,40.298351390338844],[15.79228633318239,40.28977969355501],[15.805766226581714,40.27452703520884],[15.799617294801202,40.26778559239627],[15.799951977409984,40.25742155851302],[15.805372404582542,40.25140961012749],[15.789813330669347,40.244066821246875],[15.787354512735366,40.236634616382084],[15.796982306714625,40.2236664179542],[15.791156495662909,40.217904230822974],[15.774084861098002,40.21734349692027],[15.751207139964484,40.20179970802864],[15.734476633773406,40.20167640840163],[15.72975293232477,40.18632547193804],[15.712527211915472,40.178444947339976],[15.716490866448996,40.169586918799574],[15.700508064376718,40.158278393678735],[15.709217486636202,40.13986797043605],[15.70317215342431,40.121847940648394],[15.705829923626624,40.11773231813489],[15.676982838559505,40.08446869012191],[15.651625712854528,40.078581755318304],[15.671858905879288,40.07034853127731],[15.676164249131892,40.05489906875844],[15.645339208030137,40.042961235635644],[15.626837873366165,40.056250365934645],[15.632509977620789,40.06821824328594],[15.625471028681657,40.07407605581984],[15.617504403529168,40.06866036854488],[15.60302831629998,40.074179741899094],[15.573022601814241,40.07831149811316],[15.530672043793054,40.07383435992244],[15.503294967009452,40.064051456949876],[15.484407549577817,40.03836484306124],[15.478008691680392,40.040297640248504],[15.460097014765383,40.033698385560264],[15.420210457883158,39.990873311655555],[15.381705005782996,40.00075682085529],[15.356856297583716,39.99911657064391],[15.341556071152295,40.005544551855536],[15.314859884676816,40.031881748972104],[15.2892776454467,40.0231288035372],[15.267461586438483,40.02486638934512],[15.268247818377851,40.0317157332591],[15.27852257674079,40.02960780547364],[15.285303934408804,40.03508725246875],[15.281589944110085,40.05552228117687],[15.271242689531674,40.07423437472001],[15.263134543078161,40.08256814357226],[15.239350820460732,40.093316289383296],[15.205678380157378,40.12345272181424],[15.178842007846189,40.1272820970326],[15.132054491297822,40.171468052536014],[15.11277056461306,40.17713478690299],[15.10025578140179,40.17322493216086],[15.085376887417647,40.17366258528374],[15.065846061628028,40.16439601383337],[15.053486914378936,40.171061689343524],[15.039955159877337,40.17052594685599],[15.024535682287476,40.182269938870945],[15.009671882371189,40.204232004952736],[14.990894450510568,40.21894594537411],[14.968697439148206,40.222037084909225],[14.951525618708345,40.23341275249076],[14.939973021971536,40.23324828624638],[14.935258184357155,40.228593286897755],[14.908904807227211,40.2434234206158],[14.906478820971065,40.253954947300514],[14.943455136907565,40.275703117226584],[14.9465280391568,40.30415340710598],[14.939311616290238,40.31932531428251],[14.94480224372551,40.335565927615555],[14.96822504740102,40.3403772590458],[14.982662961017816,40.35483306715642],[14.979400340178541,40.35077329073664],[14.997292220595675,40.35693480490639],[15.001321845043396,40.37630232342961],[14.999050358820663,40.38969989456629],[14.980327237382669,40.42906818035387],[14.939261173487417,40.48638762019854],[14.887324250446472,40.57444790127621],[14.83278641459341,40.6318785566125],[14.779941164099764,40.66984548172419],[14.757381537123349,40.677813707032335],[14.752030097648694,40.6751962717458],[14.754935424858198,40.672121524348185],[14.747630425153115,40.67779568040183],[14.741789870779112,40.669442540497485],[14.71938738724357,40.66685450397054],[14.688266980484459,40.63357589112072],[14.678527478789926,40.63294146279968],[14.637581349033693,40.6486574281574],[14.623680159243344,40.64754133340383],[14.60790166460757,40.63437318035788],[14.584553123528918,40.62475293259186],[14.57210786484595,40.61139960814751],[14.569395269920095,40.61571852212419],[14.539270646928276,40.6133087457246],[14.528648229154713,40.607267540148854],[14.510873734383026,40.62002336232884],[14.486280019680809,40.62753848562683],[14.463907248106603,40.61796492517836],[14.451684049554677,40.61929601271375],[14.437932637976989,40.61279459541011],[14.418907643931307,40.610291523049966],[14.408032845645668,40.59957648574179],[14.352310017857361,40.582081066575334],[14.32530728129416,40.56920551261011],[14.265796398615358,40.55528936463467],[14.25289351791456,40.541615425425526],[14.244404725932101,40.54667064020558],[14.197944362970135,40.53680642424762]]]}},{"type":"Feature","bbox":[14.934096354177731,39.79146331586641,18.520381599098922,42.22655307189329],"properties":{"reg_name":"Puglia","reg_istat_code_num":16,"reg_istat_code":"16"},"geometry":{"type":"Polygon","coordinates":[[[15.480095111453384,42.10411900446731],[15.515795079774158,42.14000380545329],[15.483704894026845,42.10424353527274],[15.536335680631284,41.913637226674915],[15.6239563233489,41.92747626591936],[15.749968299576084,41.91651979938362],[16.061059008800388,41.94908491401772],[16.17646187056277,41.88482372832453],[16.199739796053503,41.82615364919293],[16.1866027860585,41.772122022864124],[15.90004918421272,41.612117435537854],[15.904798503580158,41.53199368969888],[15.933363875456827,41.48401398440027],[15.98572243574169,41.44281051692007],[16.261606154587074,41.328737666432154],[16.531833456771135,41.23874578958709],[16.582202196600374,41.208160204008855],[16.854347524058216,41.12876176532436],[16.868220541784346,41.143152966712556],[16.879052089877018,41.122597206694934],[17.057066683828246,41.07703847127174],[17.279118138130894,40.97165103914954],[17.3501147932329,40.90573761290642],[17.478478468272137,40.82958068260381],[17.707228151668417,40.75819176341401],[17.838543811022156,40.69127039764932],[17.935627227109766,40.68617336339279],[17.95298967323822,40.6641276080299],[17.983992481708764,40.66365548115649],[17.927202079043308,40.64003534630708],[17.998613846560193,40.649032563461496],[18.045144259653938,40.59727927583538],[18.03743768282225,40.563972066557255],[18.080781206839344,40.52542952533071],[18.23425078563185,40.448440096441146],[18.42283097155589,40.29417923606871],[18.48721374236911,40.14837015459621],[18.51687733363824,40.13552873906216],[18.5188600555253,40.10467147222836],[18.40716261216901,39.97538281307653],[18.39081200458083,39.81759928985444],[18.36899276495403,39.79376354386165],[18.333989697029036,39.79579852162013],[18.265630514855967,39.835684990552906],[18.204743310445117,39.838545201554574],[18.047563745047494,39.92878520545353],[17.99319008193902,40.000074579690995],[18.01764089561482,40.00701693411409],[18.0124925306125,40.03950890235396],[17.982400914768988,40.05488850439735],[17.944683765087166,40.04688852901723],[18.00107800941842,40.066953746590805],[18.0099187244557,40.10905993985457],[17.91981032479736,40.1921354711846],[17.90451808871481,40.25620339170565],[17.860093757567714,40.28424740891565],[17.678494388567564,40.30471446501294],[17.507629480657975,40.29497438800388],[17.44284261033607,40.3298051992863],[17.386012674698733,40.33738697765581],[17.203317396410547,40.408269997430196],[17.254734925843298,40.441104061113386],[17.24673258229955,40.46213558963806],[17.18305610270165,40.4808093018981],[17.151865338169184,40.44545537487121],[17.181662429736797,40.49248091690992],[17.157094111290164,40.494892894049435],[17.162639860831295,40.506111015624676],[17.144748738115357,40.49491278461438],[17.146028427465065,40.509895214080856],[17.112955092063928,40.519764333155926],[16.995265770975422,40.49493703171632],[16.86652049966829,40.39807750754415],[16.84984241155862,40.401624506616244],[16.809382462945358,40.43307395181757],[16.80281733795061,40.45744480046914],[16.720219573642883,40.47982583285177],[16.73704716857948,40.50779653010024],[16.705363003240052,40.555043413090395],[16.72825856073078,40.60141891679876],[16.709759340915653,40.63283372361613],[16.72720208755726,40.688378558111026],[16.696489379253112,40.70261202257758],[16.724908461460032,40.71383275800885],[16.663357668556056,40.74886723916433],[16.65286041138256,40.73629765355798],[16.579679898505205,40.76366151644116],[16.57244000489467,40.73693696420797],[16.554471774344204,40.75765406712542],[16.53580089825645,40.7519315350781],[16.538614250590072,40.7249757042228],[16.501051189325445,40.762287980454424],[16.43050933469821,40.704754575827934],[16.400152104123755,40.70740540248113],[16.380389453514745,40.73639778071395],[16.25614511193193,40.82305152088907],[16.20246418077775,40.917531536722144],[16.162970589441006,40.92857996669828],[16.121069328409224,40.8977188706153],[16.092774008125428,40.92064071053007],[15.976628515816257,40.95845290764853],[15.971811467247276,40.972131666965424],[16.00835280725505,40.972091716244115],[16.02703823307012,40.99121387349013],[16.04073689840966,41.03598417169464],[15.998858603182674,41.0539899867242],[15.953384641931335,41.110809430588844],[15.920968885486136,41.11115106183501],[15.870254199732106,41.13992129134035],[15.812004133282617,41.1165968432957],[15.790552746503892,41.087842430728585],[15.768008765133903,41.08325338675218],[15.742750731203127,41.099401117640454],[15.67941423190766,41.086802044396805],[15.585740247353192,41.09825999161566],[15.540235936971904,41.07222530801905],[15.541741005847534,41.05571371627838],[15.446099979446808,41.07801443721506],[15.401275530586442,41.105981369889435],[15.366593665452285,41.08478067323503],[15.264310632392014,41.105320596255986],[15.210562167364579,41.1489214264729],[15.209345463529809,41.16768658407982],[15.26241506922553,41.19762624686489],[15.245739100126382,41.23503075187556],[15.27984391576176,41.2407949638467],[15.275658468033017,41.249535804311414],[15.24900323562164,41.270991100649404],[15.22043956659175,41.26518753129493],[15.200695559921085,41.28635435501465],[15.149155750212111,41.280445230231024],[15.130560172252578,41.31718557996838],[15.072190201309725,41.33246032332958],[15.058467630508096,41.37213470049466],[15.098313058156336,41.39056853848694],[15.086641690619935,41.407226614908154],[15.100831559293704,41.429667243105115],[15.046790864704777,41.443340484547065],[15.023892892177075,41.476947361718665],[14.938568454607745,41.525197200613405],[14.950309935164752,41.5926618228242],[14.934132475424365,41.620158985989434],[14.959535024639258,41.646036103497025],[15.025494333981442,41.62232221317827],[15.050248241503786,41.657313013673686],[15.161499260646979,41.70938825839422],[15.120903811039094,41.720391752647615],[15.097026010292108,41.767401312810726],[15.115994541609618,41.79906368650811],[15.100985814473527,41.83748103851737],[15.138799094149414,41.87928088004056],[15.13804572601152,41.92664512533677],[15.335921617556378,41.91672951524192],[15.391713097847646,41.90062534575421],[15.53339476877633,41.91319047228766],[15.480095111453384,42.10411900446731]]]}},{"type":"Feature","bbox":[15.334971175904862,39.894802042781656,16.86688530999867,41.13992129764297],"properties":{"reg_name":"Basilicata","reg_istat_code_num":17,"reg_istat_code":"17"},"geometry":{"type":"Polygon","coordinates":[[[15.503633038845699,40.66366814338602],[15.38147621548827,40.72415082233257],[15.388285713448026,40.79539260120461],[15.366643225768563,40.79830833685695],[15.380501935451159,40.810950170731196],[15.334971175904863,40.83488003390736],[15.377683213729565,40.8364478074214],[15.378357167027767,40.86766776021377],[15.354165756847026,40.88265199953582],[15.460815451454506,40.86715133893165],[15.467632576334577,40.88960343835617],[15.527244793965851,40.90783382287643],[15.569458656674092,40.97997120851985],[15.539302545041332,41.07037499607497],[15.560288509572546,41.088495492802394],[15.617416838117101,41.099257903200304],[15.67941423190766,41.086802044396805],[15.737881831235214,41.09954781789393],[15.76840065701377,41.08318976174008],[15.870254199732106,41.13992129134035],[15.920968885486136,41.11115106183501],[15.953384641931335,41.110809430588844],[15.998858603182674,41.0539899867242],[16.040622759778383,41.036243146852726],[16.02703823307012,40.99121387349013],[16.00835280725505,40.972091716244115],[15.971811467247276,40.972131666965424],[15.976628515816257,40.95845290764853],[16.092774008125428,40.92064071053007],[16.121069328409224,40.8977188706153],[16.162970589441006,40.92857996669828],[16.20246418077775,40.917531536722144],[16.25614511193193,40.82305152088907],[16.380389453514745,40.73639778071395],[16.400152104123755,40.70740540248113],[16.43050933469821,40.704754575827934],[16.501051189325445,40.762287980454424],[16.538614250590072,40.7249757042228],[16.53580089825645,40.7519315350781],[16.554471774344204,40.75765406712542],[16.57244000489467,40.73693696420797],[16.579679898505205,40.76366151644116],[16.645950255621297,40.75524238197556],[16.634490620677692,40.75285459024241],[16.64934956465383,40.73803424899792],[16.663357668556056,40.74886723916433],[16.724908461460032,40.71383275800885],[16.696489379253112,40.70261202257758],[16.72720208755726,40.688378558111026],[16.709759340915653,40.63283372361613],[16.72825856073078,40.60141891679876],[16.705363003240052,40.555043413090395],[16.73704716857948,40.50779653010024],[16.720219573642883,40.47982583285177],[16.80281733795061,40.45744480046914],[16.823681357624412,40.419497879824895],[16.86688530999867,40.39734974173523],[16.69181441994431,40.15167880949607],[16.645260767680846,40.118128202293356],[16.620948188894793,40.132100501147576],[16.530009955226465,40.118094094176016],[16.470772889207492,40.134079708104366],[16.434012458283362,40.12801086087405],[16.421115843088543,40.143925884123476],[16.39837787698745,40.01694579668512],[16.337802482389336,39.93617522175925],[16.359662865299136,39.91960413844353],[16.351408567350816,39.89901518010031],[16.309590300331365,39.93404441549521],[16.268886630936713,39.9359830925773],[16.214276386676023,39.92659563683657],[16.214690825793145,39.89597884552212],[16.15895495661494,39.91940314701268],[16.137972026839947,39.90141268933523],[16.04902135686346,39.89480203589275],[16.00680119966684,39.95730518155256],[16.03071076802463,39.99335842427701],[15.979203220547042,39.9824005292797],[15.928019428714325,40.00107170151227],[15.897769792420405,39.98167087419053],[15.850233123970094,40.006032846104176],[15.820049773546565,40.00186907475404],[15.755915690898375,39.92355682321353],[15.67455008255722,40.029514466806404],[15.644487443956683,40.04157896564928],[15.676164249131892,40.05489906875844],[15.651625712854528,40.078581755318304],[15.676982838559505,40.08446869012191],[15.705829923626624,40.11773231813489],[15.712527211915472,40.178444947339976],[15.734476633773406,40.20167640840163],[15.795204782681353,40.22138206486284],[15.806361247555945,40.2732320250111],[15.726879580673138,40.31544638220995],[15.704748021965004,40.34224101129185],[15.710122280505278,40.377299485025844],[15.662732993989373,40.39249330213304],[15.538856430871803,40.48805001748307],[15.550469378933272,40.50924781701999],[15.52657712755658,40.5573346502213],[15.53933584357984,40.56806469476335],[15.449472593367632,40.609102031770206],[15.503633038845699,40.66366814338602]]]}},{"type":"Feature","bbox":[15.63006171806162,37.91575437594164,17.20652649203476,40.143925890892994],"properties":{"reg_name":"Calabria","reg_istat_code_num":18,"reg_istat_code":"18"},"geometry":{"type":"Polygon","coordinates":[[[15.925195480003241,39.52653169053503],[15.875683522994139,39.551535123164534],[15.817375321044361,39.677397357174215],[15.769009647077832,39.835674811647635],[15.792005490759724,39.86041413256887],[15.786425600994558,39.8739033801234],[15.768605124298409,39.87192707867437],[15.785470122446876,39.87604548348017],[15.755915690898375,39.92355682321353],[15.773595405790312,39.96115984066303],[15.820049773546565,40.00186907475404],[15.851706929471238,40.00589581493813],[15.897769792420405,39.98167087419053],[15.928019428714325,40.00107170151227],[15.979203220547042,39.9824005292797],[16.023383287555564,39.99594646807793],[16.033809519480453,39.98276327134334],[16.006877336575712,39.95693613008882],[16.04902135686346,39.89480203589275],[16.137972026839947,39.90141268933523],[16.15895495661494,39.91940314701268],[16.214690825793145,39.89597884552212],[16.214276386676023,39.92659563683657],[16.268886630936713,39.9359830925773],[16.309590300331365,39.93404441549521],[16.350595746033278,39.89873410882323],[16.359662865299136,39.91960413844353],[16.337802482389336,39.93617522175925],[16.39837787698745,40.01694579668512],[16.421115843088543,40.143925884123476],[16.434012458283362,40.12801086087405],[16.470772889207492,40.134079708104366],[16.530009955226465,40.118094094176016],[16.62686194708571,40.13006255138282],[16.645072693178264,40.118033715722994],[16.606000216573047,40.08060833030472],[16.59868428387795,40.040890541934566],[16.626968111815227,39.95691403457304],[16.48931080679543,39.798092924341205],[16.49339161682337,39.74943846098312],[16.529399762719777,39.72443546247267],[16.517943187911865,39.668399103407104],[16.61864893267406,39.62194811349719],[16.770404597778448,39.62079294914196],[16.866594982064523,39.538618578888276],[16.95691936263372,39.49683811083151],[17.024495707648896,39.48384753497011],[17.05216660025576,39.43946453188469],[17.156715932671194,39.401130829829214],[17.109222338156883,39.30752785453169],[17.106340717881093,39.253259872090474],[17.148421459653566,39.20609798499947],[17.108103545146346,39.10734350387324],[17.135154441465215,39.086979209020484],[17.146749906774037,39.04647926066691],[17.206376719927036,39.02583257777623],[17.16402311459535,38.994654164775305],[17.170130505904346,38.956806062743766],[17.09415472369875,38.892618434541326],[17.082599971410346,38.91310914517985],[17.042090110521002,38.91891105116946],[17.021924144605798,38.90576609679479],[16.986702755594386,38.93634566816937],[16.955113411465796,38.938286462445305],[16.794818648566512,38.90255913672188],[16.61546963997762,38.82007073389713],[16.534842325290825,38.7119124177064],[16.558595174516757,38.68059843056356],[16.580095077798315,38.497366904535106],[16.564966104824748,38.420230849622016],[16.4666296380831,38.34006286892766],[16.334559108445116,38.30008454629711],[16.288542928731744,38.25962358169358],[16.163949263032034,38.13398881254046],[16.1441937493212,38.031248322609535],[16.06445527136915,37.92563458461529],[15.763761739866354,37.91610756565954],[15.67802270968035,37.95406281562953],[15.636183723369673,38.00755232377231],[15.657074800306624,38.03967461940181],[15.630228892415877,38.09322924799418],[15.655258150286961,38.13384078908483],[15.633394969193322,38.223344622069284],[15.691891736688243,38.251078680660726],[15.749190119664066,38.25711300208305],[15.809298700929476,38.29323878741109],[15.906524569452307,38.46831579830199],[15.930397837959505,38.5471953711625],[15.82807901242874,38.61794073333865],[15.836200732408756,38.64503747891775],[15.872071240154751,38.673228737864456],[15.948429629722147,38.69133683703432],[15.986023532349796,38.72302012015996],[16.137095847893633,38.71879771700405],[16.18821010191045,38.75606021441515],[16.21953792624557,38.83599391694296],[16.216808004124715,38.923865576815324],[16.156120294665968,38.951482179033995],[16.098382937811593,39.03246608926906],[16.066866482873007,39.1334688292851],[16.036780718487204,39.34810957190451],[15.925195480003241,39.52653169053503]]]}},{"type":"Feature","bbox":[11.92617912842132,35.493691935511414,15.652935490080754,38.81212646006353],"properties":{"reg_name":"Sicilia","reg_istat_code_num":19,"reg_istat_code":"19"},"geometry":{"type":"Polygon","coordinates":[[[12.62662996581587,35.52082202407411],[12.857495431390227,35.856175933181774],[12.029697080500615,36.73668548829752],[12.010323660669753,36.734453191324604],[11.982096668246855,36.74445215903206],[11.972083276534136,36.763679630986445],[11.956855060005097,36.76812068895532],[11.92617912842132,36.80673867080925],[11.93508033720934,36.83185018570907],[11.952846630464213,36.83936064080534],[12.001338332686158,36.81966193960186],[12.01203774123903,36.825624282062286],[12.67178029779087,37.56070479393289],[12.649003147419098,37.57699090084347],[12.60641618843988,37.641295534911386],[12.559533638839424,37.662799882206144],[12.517705147368044,37.6608018749511],[12.471754097403245,37.70335482512965],[12.47006595257084,37.747043133009605],[12.450849239076152,37.77958823413925],[12.425430400979057,37.80125618136009],[12.461684376007918,37.817292358103266],[12.478041299008527,37.86208831163793],[12.464393732264092,37.86908475687313],[12.479433961412688,37.86405758925589],[12.48586473242787,37.87367952949297],[12.459938151778031,37.905252115785125],[12.445788489062547,37.89370390065971],[12.446501281378866,37.84404809273975],[12.429016237809233,37.891106864126755],[12.350710882988219,37.90762555967311],[12.337267540460267,37.9197984850442],[12.286447569082556,37.91589451986499],[12.274890252996409,37.93492986868031],[12.0834969093754,37.94505665503579],[12.044423324966786,37.95853275993717],[12.0279357199916,37.9915618395056],[12.064718351701345,37.99295944970401],[12.064907966021497,37.977354383357735],[12.09067815109643,37.949439146144584],[12.2746983061798,37.937219813687186],[12.278318652347137,37.94516215121558],[12.288686854937126,37.94192883721769],[12.306947179246427,37.95521140914705],[12.328758612507045,37.9878784620904],[12.322066508567929,38.00734328496134],[12.335543241258462,38.020570627125615],[12.353076962912379,37.992908257027146],[12.331141244120913,37.98664581306283],[12.30785180237289,37.95480211289881],[12.3169787775729,37.93674602768124],[12.324301348632732,37.929179714510134],[12.344375018112576,37.93662245142664],[12.36917906280539,37.92238399662273],[12.367417214487403,37.909008925624995],[12.42933595439604,37.89340193657778],[12.459268137941637,37.907482782349355],[12.491641076230108,37.95107880438158],[12.498526381492084,37.96607862114278],[12.494340039132403,37.98493973296683],[12.519982754751632,38.01108417322677],[12.491579199635643,38.01695977589471],[12.51848903387966,38.02126165669507],[12.569378512806937,38.06885223911487],[12.604208149324014,38.06476028384511],[12.645702049220441,38.07816327163056],[12.662869648977372,38.094501234311764],[12.660364542659831,38.111788715623746],[12.672289333104837,38.114639105745],[12.689036341992068,38.10556981893074],[12.711188162999917,38.10974270795953],[12.737568874558809,38.139604734931034],[12.715925769915918,38.17287008245504],[12.729973184519938,38.18933734936051],[12.738584157194154,38.17589965798674],[12.768148691242551,38.17955845701969],[12.76978698558783,38.15133392336818],[12.779461413407093,38.15093212742897],[12.790927354295691,38.135140433281855],[12.790191436891881,38.11203644527285],[12.810961600948374,38.081299694027976],[12.83868439596873,38.05842357264342],[12.868640630809626,38.05128737495923],[12.871379850279531,38.03660936021808],[12.892975024030854,38.02427573229184],[12.976113985340975,38.03966298453539],[13.077803905815053,38.08772027050752],[13.068259710642668,38.1205586451114],[13.052428824769661,38.138733155868024],[13.080948854976098,38.154957527003795],[13.080727172015258,38.17391917706518],[13.105628439528772,38.19094227383615],[13.160039212511101,38.18580826835326],[13.163057618837637,38.171082886826596],[13.189339364802464,38.16910628393565],[13.237966040418643,38.18660571552314],[13.241438617954312,38.20413322351251],[13.274762978852097,38.198584550511825],[13.315167440904602,38.22416413425735],[13.172133682407797,38.691710985822205],[13.152786447865477,38.69351287180736],[13.159360952825597,38.7119804502498],[13.17988812054065,38.7207629836129],[13.200432302447519,38.7107277487128],[13.174870084376451,38.69236116272447],[13.318072290855634,38.22419806767677],[13.328875752264203,38.19984926900982],[13.365717578502116,38.18228462839588],[13.374944607487667,38.153950600434555],[13.372539446993194,38.13298983234267],[13.362666503414408,38.12983758576398],[13.38426053890752,38.10865855044852],[13.442719453256025,38.094806796703594],[13.491795540224455,38.10292371686095],[13.505080070563878,38.10832810567677],[13.508590402920694,38.11960454217903],[13.537876697606134,38.11255062810525],[13.536490316912605,38.067090189372294],[13.566420003006643,38.038758417396224],[13.652179565354485,37.99776212394066],[13.70370732575154,37.98979722492717],[13.709554514799706,37.97783014885856],[13.743653665886308,37.97019281172067],[13.834113613616918,37.98261599885724],[13.94582145791001,38.02819809182011],[14.00607851239836,38.03243546962308],[14.035910915967309,38.041488707416704],[14.032677766470753,38.03643236768425],[14.06512137205901,38.0185049393005],[14.126051538351208,38.01680328614842],[14.146474419386541,38.029905898696555],[14.169534121786077,38.018212661987626],[14.288457892965239,38.00700724760423],[14.341593719092254,38.01920137358878],[14.372828424405935,38.01584338484795],[14.426954493138524,38.04055885512151],[14.47098854962899,38.032815571160434],[14.525212982623016,38.042206030111814],[14.556420981769362,38.06011779828118],[14.586801819683087,38.059243614920526],[14.641390760461043,38.0760046148497],[14.677865626332457,38.09902310670386],[14.747843298017408,38.1653864074632],[14.786278673932653,38.15130922900091],[14.890712874027486,38.1724311102175],[14.914951074403103,38.191420293012364],[14.982027127096279,38.36724367457439],[14.95006329139695,38.38410435508009],[14.939328492594111,38.40198406818102],[14.957225790144474,38.431498767298145],[14.933820877026491,38.46042054409823],[14.912481799997645,38.465178484804035],[14.899469616897942,38.47911878385794],[14.90535374815908,38.5123683345531],[14.869560920285165,38.536366029302265],[14.848666534032711,38.536552053209554],[14.79624784087407,38.561311839207306],[14.58569313004254,38.55323329910201],[14.555769030268449,38.55776472336652],[14.539786943168506,38.576462569195044],[14.36638821761601,38.54844576585452],[14.356024245176894,38.53066582532537],[14.342444123912085,38.53341556904139],[14.341084598055604,38.54912914403944],[14.539690090524681,38.5787619105897],[14.553199315607685,38.58584053145606],[14.57689757303384,38.58044035650466],[14.587653988838143,38.55853924892048],[14.796211935420489,38.563578887904534],[14.80735689010803,38.58307424109118],[14.866795420976718,38.58312093860271],[14.869964857127679,38.53978592845076],[14.907144858377276,38.514122160170686],[14.926189405008978,38.52300041051952],[14.958678242300657,38.5230455965915],[15.055019278489347,38.62716529642197],[15.0590539411909,38.64069578591478],[15.11353901217227,38.66567477296031],[15.199360613321321,38.77816069367074],[15.18913452647538,38.79554597886007],[15.216180957140292,38.81170190083401],[15.24226631220042,38.804968639465244],[15.226875393176956,38.77722575440636],[15.215086812903774,38.771489608924334],[15.201808759248447,38.776977351496825],[15.118110470127801,38.660949012262954],[15.077255393077179,38.64281686753363],[15.073224106665945,38.628927289364555],[15.056839511044757,38.62529691423233],[14.961371881774587,38.52242605235253],[14.962614425704,38.4909212436904],[14.980690776051363,38.483332935956284],[14.954527572589196,38.47267338997864],[14.962648415526267,38.45282704661898],[14.9567375993753,38.440205076118936],[14.968986419154007,38.4254364107468],[14.96372891932461,38.41211036716489],[14.997138555980992,38.39624542627268],[15.00607487164377,38.3756703374229],[14.984806328599019,38.36672628323687],[14.917397305987999,38.191340262255395],[14.968828651643939,38.152821486216475],[15.044822541652506,38.151901228121076],[15.056169125025908,38.13150839287586],[15.090691166086254,38.12013003496997],[15.173766386902267,38.15336761391783],[15.209477178748688,38.1834865250811],[15.240973043952332,38.24248845086286],[15.231195922098514,38.27153500723137],[15.252937195885226,38.24674570142697],[15.241287762148357,38.21689182273107],[15.259200365448251,38.20832732266989],[15.292829295879361,38.206377857402025],[15.42612721516776,38.241331844890084],[15.519452968247048,38.29726372135254],[15.541413338739895,38.30144453042276],[15.609328761798594,38.27440765442688],[15.652935490080754,38.267247144123935],[15.582179016999897,38.24536147292447],[15.557594064564938,38.19038399677046],[15.565630847224762,38.19274811949765],[15.563235358182375,38.19900423642258],[15.576043982998423,38.19411491607817],[15.530075221944658,38.14108679316523],[15.493602128380363,38.07461447063776],[15.349353098000636,37.923404899369345],[15.345962191908015,37.91016626233706],[15.305962591857979,37.8778721919102],[15.297746285458793,37.85073093829985],[15.273086233364698,37.83580514456798],[15.265536275755919,37.81510572328719],[15.213821975679704,37.75649899190456],[15.20491063814766,37.73633923488255],[15.218347297125334,37.708373049949266],[15.199178717709673,37.67667901069399],[15.199161669801377,37.65418220393949],[15.174308796230399,37.632106688484576],[15.177141743521553,37.57626162156783],[15.148553927558256,37.55628923531946],[15.142994449515179,37.543560816854296],[15.115286933901634,37.53061536664475],[15.098300063447029,37.5015619278541],[15.098397268952738,37.50033808376971],[15.09027073341769,37.49965745916025],[15.09056323160704,37.36224098980504],[15.099406313800513,37.31799910773663],[15.105339162713056,37.310133497169055],[15.139282760849454,37.30681411656143],[15.162233160284032,37.28900260273241],[15.17831155457273,37.29104869028668],[15.18665095950926,37.27941096005544],[15.20661141207571,37.29335342019766],[15.241039816942074,37.2605610209886],[15.24622827004951,37.24611124290266],[15.257529196707,37.24351352239887],[15.246985863873181,37.23205775743856],[15.225553749785146,37.2407801943356],[15.224497017655592,37.21622383316037],[15.216220748133543,37.2235905962334],[15.21448990899833,37.247134429342964],[15.197510830991266,37.23537170573601],[15.18483859392055,37.23687932172582],[15.195052655760291,37.22582152182393],[15.1832131211472,37.215781493467844],[15.186478364256626,37.19149803252012],[15.201318615616692,37.17823755276201],[15.206026638661536,37.15330798546675],[15.22105366736983,37.15017137519942],[15.233610824331564,37.15912709638447],[15.244753278281117,37.14587154102874],[15.229236388759384,37.15260817335409],[15.220117164538557,37.14336826783106],[15.220736036016794,37.129403424157125],[15.236949901950538,37.11543957630333],[15.258903194239332,37.10975410065608],[15.268844424147355,37.115873565576095],[15.262688996807489,37.10610295033726],[15.295748411366304,37.10674489901074],[15.298635515701404,37.05941584438058],[15.296295241992693,37.052568772094446],[15.289357146152858,37.06329343729994],[15.27452045909362,37.06233767455659],[15.275635334747616,37.03937844199355],[15.28824583605959,37.03258486967325],[15.300823320085708,37.042593643092054],[15.312416392627622,37.0386433739914],[15.336742362349973,37.007567962326576],[15.335471428841515,37.00173568988712],[15.314988829869797,37.003709647190284],[15.298780742840263,37.014931686276185],[15.267779666870753,37.00251776922102],[15.2624270219828,36.97499015895397],[15.208172616647685,36.9633091589179],[15.154403103123187,36.91572208075501],[15.13684353052395,36.86679833122257],[15.126812742704,36.86575321568858],[15.11078498882016,36.84831876665928],[15.109847716561259,36.81692631820092],[15.09514389014148,36.801988296827325],[15.094347186552252,36.7779558648953],[15.108776227536376,36.74932929774941],[15.11950212008018,36.74475867378773],[15.12366667889517,36.70147628024023],[15.139188900926964,36.68626336529653],[15.153344274911298,36.68699949259407],[15.139875150918364,36.68380366129861],[15.13196454965648,36.66680926960443],[15.11608422532232,36.674766880624674],[15.07850603016721,36.64651481719642],[15.070872691563192,36.65845068099313],[15.056603708589336,36.6618164568265],[15.043877711529463,36.6877176541352],[15.0179597426641,36.702017298190796],[14.956615361967105,36.69408555776839],[14.910269858486757,36.72431366502635],[14.876845011115442,36.731098015773014],[14.834507375349087,36.7221036635371],[14.826987499059525,36.71494529242504],[14.839840618280883,36.70785666450292],[14.816668363057616,36.716896438115],[14.7810489957458,36.70367769836691],[14.746575138511787,36.72007392837095],[14.689837002580598,36.721236495248085],[14.639124466767381,36.76105788415459],[14.588286266110401,36.77699356924537],[14.493513126068702,36.78654591339556],[14.460035726213146,36.81468062530703],[14.436284655045105,36.88420140072311],[14.368404867776372,36.972578511600254],[14.298070442767687,37.035726825679696],[14.243261318027846,37.06560300245416],[14.156809026182275,37.09508384955973],[14.078909565050317,37.10964767196576],[13.981380799399513,37.10926608424629],[13.945849445379947,37.097527046555015],[13.89515224586591,37.097421510637396],[13.859261931864886,37.11221549298363],[13.844706180896624,37.13300282906825],[13.824081645659467,37.14448911305249],[13.751391912614634,37.14925775906489],[13.726155043732101,37.17025153696775],[13.663438752935146,37.19338229714653],[13.641825025662277,37.22721225814445],[13.555520984268284,37.28543975717358],[13.537610373162124,37.28224566372102],[13.510199823316567,37.29179976146235],[13.482362951073922,37.28818742823942],[13.448485004747733,37.29596077192353],[13.426344193100553,37.30680731843875],[13.401853386645739,37.33304754741398],[13.351197799153283,37.35891793023591],[13.321734121490437,37.36372910536074],[13.293892771269526,37.388989877542116],[13.271616526832393,37.39169202644437],[13.25385005118752,37.42454782489514],[13.16891096280863,37.491989922930614],[13.148486937271825,37.497269407313155],[13.130621329067825,37.492482596282336],[13.078088566326826,37.50573731496024],[13.016924243897922,37.496927634069806],[12.988764487439955,37.540942970345725],[12.943015031030919,37.57234534752386],[12.858243340718829,37.58263508179964],[12.78098698667668,37.5808352379917],[12.6745217366577,37.559879770858636],[12.014331000987598,36.82433480153199],[12.053482607929084,36.790560379146505],[12.054536663507823,36.761504763603256],[12.031876313456262,36.738087133400825],[12.850622406254887,35.871741365456664],[12.87960299856417,35.872468075840935],[12.883042431208152,35.857042531074875],[12.859877672485755,35.85504168076017],[12.629071165102243,35.519789924201426],[12.632694802799046,35.49369192639973],[12.607934322212467,35.495249555766215],[12.6042591868887,35.50282949027391],[12.599256775872131,35.495536838994255],[12.56878577490837,35.51143989487769],[12.517752094371694,35.52018903312496],[12.526985864630904,35.52836278906632],[12.62662996581587,35.52082202407411]]]}},{"type":"Feature","bbox":[8.133825271143182,38.8591910621176,9.828420166045603,41.31332055942893],"properties":{"reg_name":"Sardegna","reg_istat_code_num":20,"reg_istat_code":"20"},"geometry":{"type":"Polygon","coordinates":[[[8.290171554309461,39.09550870760216],[8.281287669159,39.096225846807144],[8.26205459756281,39.10311285438138],[8.254801290402717,39.10385968115213],[8.247256463091496,39.110796952835855],[8.252839082895278,39.11526963432714],[8.250320489532701,39.13340260661134],[8.234276904255115,39.14332632133334],[8.224377419958765,39.14082679118702],[8.219609899605526,39.147789668382494],[8.226637983721213,39.160928193931994],[8.230517081744251,39.16435998020515],[8.24944296916681,39.17040918799616],[8.256375427451095,39.168907145235124],[8.271684833396623,39.17979885375931],[8.2893521711364,39.1803697549534],[8.296479314068847,39.1789509927372],[8.307241069028152,39.188563353599434],[8.317090491471527,39.19160322909079],[8.319953386312994,39.19537749903231],[8.324932755566634,39.19175480638029],[8.324833896154715,39.18983379444935],[8.308957817238962,39.1866618007927],[8.308645348973593,39.165983941519585],[8.305936524099835,39.16026394354578],[8.310120828410634,39.14943064256828],[8.30760185182427,39.13013906981017],[8.310181019225501,39.113172081626466],[8.308284995463485,39.106395636608895],[8.35162309625913,39.098512996640245],[8.360299099584678,39.10487377817024],[8.360329859744557,39.10994713878561],[8.373730372349748,39.11390026069084],[8.378506893771315,39.100958983742196],[8.386417613773505,39.099234727736366],[8.409333894350041,39.1018333664402],[8.425741780700891,39.1089236670157],[8.431522239489073,39.09591979134207],[8.443005044391848,39.09207568337691],[8.456489585553843,39.08374326498084],[8.459093864379518,39.06576699870446],[8.464582369894188,39.05799772151773],[8.478013814986664,39.060945547957985],[8.477567440875221,39.06936555235928],[8.488458801816114,39.08466172905614],[8.485960409367985,39.08479829655153],[8.487720342535034,39.088848634884755],[8.485484612224605,39.088222659968686],[8.479159280443795,39.09340973031534],[8.471647547249612,39.112169592155105],[8.46683214197611,39.11861194996747],[8.460916916604402,39.12124862629866],[8.454763235337154,39.11818216756511],[8.44267529894596,39.11651653759915],[8.437371729169959,39.12015178380034],[8.433533070217507,39.12984930161979],[8.438578867647404,39.14112955987333],[8.437124246531864,39.155962475359644],[8.412908436457545,39.17398200281528],[8.407567835855826,39.16322183618612],[8.414161172325747,39.15973301926572],[8.416519642505866,39.154803475127714],[8.414660545761777,39.15045087401437],[8.412592919969159,39.15119964392289],[8.406788370447172,39.15869663424853],[8.401417055907878,39.17911720178515],[8.39943695921328,39.19004286163685],[8.401447897480281,39.1937386623397],[8.396331226875331,39.19929900748058],[8.39214035616264,39.199980064646596],[8.389484653101178,39.19839828664467],[8.380350969586873,39.20311568785928],[8.372247536805332,39.20954772849738],[8.36826030745376,39.21552289018144],[8.366645119503179,39.228174333081554],[8.400925232096956,39.252693888121165],[8.410956582243882,39.26439600658786],[8.423804025809634,39.26814569213776],[8.434178952970898,39.284001452323054],[8.436990414785159,39.29199860528817],[8.431682195361033,39.31173334026201],[8.426347771812775,39.31868146101927],[8.41980882303481,39.320865685274036],[8.417850921151768,39.32369653049815],[8.420374728462736,39.332591406090906],[8.415820076281802,39.336145872460456],[8.396694754088374,39.337680366210016],[8.387957870697461,39.35241108604057],[8.385543291124398,39.36555387458737],[8.376335373598225,39.36862256190825],[8.37298346095044,39.37477681072324],[8.3758899518599,39.37692794722828],[8.37934133015039,39.37394587775939],[8.386019975066562,39.39363002013392],[8.392245980543095,39.39596378408334],[8.402431568580337,39.40471850011233],[8.412118379515139,39.422506245676196],[8.410899534931188,39.441184521608605],[8.392664273660182,39.44680338667611],[8.38326218944901,39.45735924537144],[8.387024751662738,39.4753054498522],[8.397277279495444,39.48462628409595],[8.404096841789041,39.48669779211776],[8.406840145038473,39.48955010591518],[8.443977542140402,39.53504697149015],[8.453752126839118,39.55174446794007],[8.45491666203919,39.56356249316214],[8.46425710978219,39.57662584597138],[8.463496787777517,39.58765095321941],[8.470572675821181,39.59893726150762],[8.465546818559083,39.616189186758184],[8.459347044974448,39.62037504407084],[8.453946305338455,39.6204579064667],[8.449561440308328,39.63422286915497],[8.453879833943148,39.65984123946668],[8.459129492032794,39.66812926590412],[8.450377736946606,39.67535825331214],[8.44591914514261,39.6755578152976],[8.444373762196008,39.678341326181716],[8.444794896831128,39.685269891673634],[8.448322985275272,39.68594444647709],[8.452105780821713,39.69313217352361],[8.45534374119338,39.711115835922556],[8.447251322683552,39.715033025229026],[8.44648041818459,39.71806575428446],[8.448944979257488,39.72064535471394],[8.449162170965224,39.74008674561919],[8.445234314513536,39.748351656481326],[8.444058297845014,39.75815795877824],[8.451298744630842,39.76959009302552],[8.459854405353214,39.768440904702686],[8.468866230041613,39.7580308618649],[8.47225204574332,39.748609409406555],[8.498394142309051,39.71833769562724],[8.492485785176093,39.7162036523843],[8.502218257099496,39.71303481105971],[8.508046556576561,39.72438873703772],[8.503968136229972,39.728717627199266],[8.509895582921263,39.73263321768375],[8.521079038661872,39.74601450054811],[8.513106481965986,39.75336733097357],[8.530926715990676,39.76973876223489],[8.545365739603945,39.79518870362781],[8.554594320700788,39.83730104196055],[8.553905115005557,39.857565080814155],[8.564945390997558,39.85967140798629],[8.570457985881882,39.863850022048595],[8.570169650402038,39.86555745563312],[8.552013347827698,39.86397959520638],[8.544242389983479,39.86601145957949],[8.5397549296398,39.86916296882686],[8.545608918387758,39.87597837074932],[8.540548753799964,39.88359317165664],[8.544541527879254,39.88464505596505],[8.53173007885461,39.89742405805783],[8.52428989750385,39.902583440028245],[8.509700390775237,39.907739358554586],[8.491041265569677,39.90541101537607],[8.494120747450477,39.90862410022619],[8.491855393152694,39.90962216797707],[8.479111870592003,39.90476790091796],[8.466458378827994,39.903620184549325],[8.468274201414827,39.89969574157537],[8.456119114606192,39.89279641361245],[8.441933807443116,39.88001614679548],[8.442486494542601,39.874766065422904],[8.438565623405893,39.86085394900765],[8.436448994288142,39.85805850878865],[8.432530443455713,39.8602704741943],[8.432335042082679,39.86518439910221],[8.43852899385126,39.868575225328144],[8.43838703674065,39.876124793908374],[8.434714016492292,39.88409867754162],[8.420428428920129,39.895894101156195],[8.40978729348538,39.90113369165766],[8.402137634206376,39.89850869320662],[8.398807802856677,39.903740810917434],[8.401363790836042,39.95698927944817],[8.397649697161906,39.97031565829757],[8.391404415105017,39.97554469288629],[8.392714051677077,39.9792398986963],[8.41110683338172,39.99935090070794],[8.410470141526792,40.01021216338451],[8.413334696105856,40.011943033903286],[8.414116733176442,40.01640450323676],[8.406660796138025,40.02897889914643],[8.40188028502989,40.032531132022136],[8.396264997877745,40.03266418306846],[8.392993234521892,40.02939012098681],[8.379933919673146,40.02898668869208],[8.312478068695205,39.995478364006146],[8.310475939398238,39.98879969612713],[8.301316432072825,39.986496938929626],[8.301009429961514,39.99090530204964],[8.306019290412832,39.99399417686865],[8.310292281849136,39.99424942931467],[8.310317332861276,39.99709362135779],[8.377914775857842,40.0301038311344],[8.37626495845546,40.035770165732956],[8.379220769405359,40.03925360196006],[8.387755264727623,40.044531324431084],[8.390326586528714,40.042263208116715],[8.396569659370968,40.043975050556696],[8.399174913255118,40.04631869114893],[8.399124068390114,40.05127481542054],[8.403446936539481,40.05113498226455],[8.40697001075466,40.04351295172119],[8.411909299713141,40.04115171269121],[8.423963693691402,40.04343763796817],[8.433051808138613,40.05011689539331],[8.440307086081722,40.050488904290965],[8.443574097347655,40.04772068007817],[8.451622215821954,40.05007226170015],[8.469866389687088,40.06243610266272],[8.489199609775246,40.079627605823354],[8.492993797575902,40.08694200285779],[8.48799606944859,40.09429093882444],[8.488407969583601,40.105472439515204],[8.48490080158525,40.11778188557588],[8.471682973519162,40.13043470770933],[8.460057734769466,40.15038205632729],[8.461438129048084,40.171821878286366],[8.460052834069456,40.17471645032016],[8.456821731125647,40.17487251352001],[8.45576200212228,40.1766784238473],[8.467657826403991,40.199491410170744],[8.462102927605006,40.21404284737596],[8.472923340276749,40.2424730823468],[8.479141686756815,40.267897248310675],[8.48383753265519,40.273666189797694],[8.48289883615523,40.28552716224827],[8.464491597119126,40.300164480419],[8.464270412634448,40.30582123061838],[8.467878062995553,40.30645951486224],[8.464009353625931,40.31502740443661],[8.459066976207517,40.31936483938415],[8.454886434966069,40.32110200109495],[8.442981981990636,40.318811018237476],[8.438456068822498,40.32241081912383],[8.432635593203864,40.33295014990387],[8.427539703170774,40.33555571049457],[8.419873225487262,40.337211230154765],[8.416249173225687,40.3356073887889],[8.390284132282183,40.33759057981743],[8.384295734371005,40.343612983792156],[8.378995607827585,40.35985057235883],[8.380204914086402,40.362185907487365],[8.387540604509127,40.363666441132445],[8.38916906646533,40.365927323886766],[8.40152650321884,40.409095720282124],[8.398198071573516,40.429983823576734],[8.384126036413628,40.45793657625167],[8.37393716032453,40.49082740974438],[8.367878425644697,40.49643398532379],[8.362179748888499,40.49506935952149],[8.339214630337896,40.50917094258178],[8.32638919394967,40.53039374697584],[8.321985711806656,40.54367285617732],[8.312841063468095,40.55988267364575],[8.317948502503183,40.56709327999547],[8.31782869417389,40.571330060170354],[8.305799783977818,40.58655408936054],[8.29894522855483,40.59130870149884],[8.286783793802481,40.595181183133505],[8.268754864212136,40.590196996841044],[8.258458227321219,40.584256555678735],[8.250918968577487,40.58443537882551],[8.247188027499847,40.582456234815545],[8.243817490863897,40.56986931798064],[8.198149257364026,40.57119417227664],[8.197744775833655,40.57588039047103],[8.20048500294363,40.58004001117458],[8.217501928488328,40.5947629982394],[8.219509245839472,40.60101057946833],[8.209754541321068,40.61476351769932],[8.195998370557248,40.6184871045924],[8.189890748381721,40.61677219726935],[8.181488846274094,40.597838723589845],[8.168303882563002,40.584118930333624],[8.165573331026046,40.58408234600935],[8.163105681044238,40.581439590946616],[8.161410894328675,40.57735762935997],[8.165794143998873,40.56713972884135],[8.163906681756615,40.56004524311732],[8.15799685314253,40.567306123088436],[8.159297096928052,40.57326020305812],[8.155551995516756,40.578075052974334],[8.150882657744901,40.57943153608049],[8.147433982131789,40.59746511575931],[8.148289606576856,40.604544338407564],[8.14342426028014,40.61554054184766],[8.144635908992871,40.623308189424364],[8.147876127958869,40.626624788048716],[8.163124698472874,40.629542478160026],[8.18673129041741,40.63919269694982],[8.189377363468706,40.65727125727599],[8.198818929681892,40.673293567747976],[8.196430341219667,40.674650769069196],[8.196437971190747,40.677956957232105],[8.204106801495572,40.67959445753137],[8.20490307030605,40.68490484385289],[8.203143333402744,40.68845896172298],[8.194262344942972,40.69158070618197],[8.186923753541754,40.691161029696],[8.17475492489625,40.6947129932871],[8.175405478492825,40.70146500815504],[8.170916325492717,40.70743250781805],[8.155038074602377,40.716145676263245],[8.148343442593493,40.72492476229684],[8.14239533099528,40.727997643847395],[8.139169050018582,40.72749617761285],[8.133857098482405,40.73260025532092],[8.13518880846281,40.73767297932282],[8.15169241393166,40.74885780690685],[8.165903082190416,40.76573504189554],[8.167523189340685,40.78022321454356],[8.16016567645646,40.790894353102615],[8.160875906082733,40.79367522028352],[8.162175506753565,40.79613493491667],[8.169215858544357,40.79654955511058],[8.17576376793012,40.800965565439256],[8.188511386316883,40.82009954262846],[8.191707445986804,40.82153628680298],[8.19540360837982,40.82808864557012],[8.195337367475167,40.83503921576733],[8.218263609634203,40.86849933867738],[8.21940165077799,40.881731149877105],[8.223798166528875,40.886382044517326],[8.219316444888602,40.90008932522737],[8.20377275675813,40.909243476105836],[8.19233299449715,40.91284488788143],[8.18872216916801,40.91802401233424],[8.191813485156013,40.92113214218565],[8.190775883890884,40.92441284429101],[8.176790215085555,40.93262836599297],[8.175811061443067,40.93495447938046],[8.198298776921682,40.96918173996372],[8.203526775245535,40.97027192524902],[8.203555678712423,40.97182151505756],[8.209044474278373,40.96682677791448],[8.214650260412483,40.969250349370874],[8.211558359198193,40.978845409072235],[8.212762983128878,40.987336693325695],[8.208651850218951,40.99018129386935],[8.210932930873366,41.00339148046228],[8.212959227142091,41.0076042061147],[8.223887598517598,41.01304484857953],[8.229284328519572,41.02320383440697],[8.227258388826964,41.02544564969338],[8.218042509102924,41.028248039338564],[8.22032137080348,41.040898322455035],[8.223382317782738,41.04340181890945],[8.24360998860643,41.04667901942921],[8.248763339667311,41.04905142733225],[8.255777322138641,41.05608825855957],[8.258817234177556,41.06488724342212],[8.266655712735268,41.073222465964626],[8.277224054780639,41.076514089322174],[8.283931595540684,41.07531062049076],[8.285290993053762,41.07674006413266],[8.281854843744332,41.08784576303233],[8.272546849891635,41.09625482082659],[8.271808443452953,41.09950201378801],[8.275524836477057,41.10455185750891],[8.301686384001819,41.10507371587017],[8.311590072491377,41.10894366585209],[8.309938562600593,41.11197845833615],[8.311775088036335,41.117457240203215],[8.316373947699098,41.120510148989844],[8.319439263071823,41.120271573651536],[8.328899288722651,41.11086539288033],[8.325404666932595,41.1055303128797],[8.32624933984749,41.1021212532488],[8.330752033176493,41.09965230190869],[8.344731034005399,41.09737257416321],[8.3504161815131,41.08838781461963],[8.341224107340453,41.08486756318768],[8.336335194472772,41.080452633413316],[8.334847345090646,41.07378716755813],[8.340597969653675,41.071279969922465],[8.332350519827935,41.049964614199794],[8.327757688636016,41.051108953163194],[8.321948218229604,41.05585028299939],[8.283372596285172,41.064442414145546],[8.272667865135555,41.0543674839011],[8.265559993200393,41.05455773595688],[8.257323635679661,41.051258695964044],[8.26723045504031,41.0461121192114],[8.250951595761437,41.03328253374685],[8.243688345123473,41.031650812822626],[8.234581278472156,41.02414444014374],[8.238381792568441,41.023608867034596],[8.24889846639485,41.02696356091523],[8.249003499543424,41.01771863084804],[8.263585801880284,41.00267131923163],[8.261118041576747,40.99299662716218],[8.255830000470961,40.98497469286127],[8.232576386701748,40.98935554657051],[8.230196731343382,40.98748401508139],[8.215720723622669,40.98736190341872],[8.21577807763783,40.982649584204786],[8.226982093894172,40.97466989783491],[8.22449638356284,40.9701142483193],[8.210531336578013,40.964874203484825],[8.22647735116817,40.95313713086314],[8.238382538231976,40.95290560932066],[8.229145009576335,40.93421875791784],[8.235994719476839,40.91704410202512],[8.232458286729923,40.91144680086323],[8.23813013964005,40.903394485127706],[8.250122941846675,40.890275487431694],[8.2791686517938,40.86578819780795],[8.31474183734239,40.8444875695248],[8.326888474741589,40.844087276556415],[8.343340548798585,40.84072290275299],[8.350147022421647,40.85035193705974],[8.362513773709333,40.85291512433791],[8.38472422490734,40.85117100704729],[8.362345042579518,40.852726141638925],[8.351324861709914,40.85031127419784],[8.34791204036632,40.83978494321723],[8.36860250552087,40.83795874723164],[8.399539940526417,40.83839980882419],[8.403410507530305,40.839961445170054],[8.407677309215467,40.83784057007436],[8.413655491836277,40.83900165881188],[8.449312361570627,40.82125972667581],[8.458806710959166,40.81957616958658],[8.49467767917353,40.82046403413127],[8.546385954088201,40.82772237338035],[8.5766053039615,40.836568623231884],[8.60532243367887,40.849790028291864],[8.624464760731193,40.86383266528464],[8.632368541967619,40.88133205964532],[8.657658889925596,40.89477261795944],[8.670289530679906,40.897272065741205],[8.684530989862415,40.903586185787255],[8.698918828729099,40.91454720299972],[8.703342433347588,40.91583446648119],[8.707641421027763,40.91377354055735],[8.727038519929904,40.9127918857014],[8.732705499225807,40.91689379788052],[8.74285701032926,40.91854287786743],[8.745784091039521,40.91706412493645],[8.76844797203794,40.91588560656499],[8.790897284338527,40.922720746852306],[8.81815001947381,40.941387038722354],[8.83654840095551,40.95721504769537],[8.873002218222725,40.99546476005605],[8.877028210163061,41.0043061365056],[8.879882421892361,41.02866153244284],[8.892579036583816,41.027926389444566],[8.906068012711444,41.0365195309277],[8.915943330477337,41.03579749890382],[8.929013859305602,41.043657982053325],[8.97607282117317,41.083942308310974],[8.991002467600486,41.10390171737582],[8.999303047037078,41.10454163455048],[8.996825833593359,41.10691970627783],[9.01325284665078,41.12542139618176],[9.021839467338046,41.12660013284947],[9.041684587909273,41.13733215450896],[9.046236552595625,41.13791593446449],[9.050835424688307,41.13741855923],[9.051142809825055,41.13431968580724],[9.058250215019472,41.1280287521699],[9.086219807336835,41.127993199803164],[9.11017878448421,41.13493142814897],[9.12286798720731,41.14696897301466],[9.122979241723815,41.149110491062665],[9.118813271116329,41.1519073217585],[9.123195205725223,41.15625354864388],[9.1292128398529,41.15260775227935],[9.152488916787394,41.15542129094044],[9.167743955413613,41.16810799795572],[9.171105887435933,41.17395593427659],[9.171061742888156,41.17703669821168],[9.158217800417189,41.18355874917017],[9.154112382116066,41.197211236147254],[9.155746771682363,41.20246962474659],[9.16054677193124,41.20467896244745],[9.167263683454518,41.22940939502311],[9.159969630668442,41.23582543153852],[9.156482230552065,41.235824593660546],[9.148165497403314,41.23076983373213],[9.14130803117181,41.23236607882351],[9.13806322028166,41.238406365526366],[9.144239634414387,41.246947183481375],[9.160710117663868,41.24217827158368],[9.15824944070638,41.23938813881051],[9.162740505434972,41.23560536183369],[9.181144197752309,41.24810208028568],[9.193198896294767,41.24765911862084],[9.195069198306651,41.24246748455924],[9.2070533492002,41.25075172791329],[9.22523957996568,41.25923555235579],[9.235071019852708,41.25914608887587],[9.234631390789767,41.24929361911041],[9.237012702021959,41.2460481956791],[9.259726699609185,41.242060549405714],[9.271659400760388,41.235970777516215],[9.280526624336666,41.22784250187283],[9.281422739829512,41.21700392282723],[9.269746096360663,41.197241658532754],[9.272241858185572,41.194427589036586],[9.279928175608944,41.193821400196455],[9.27853750188292,41.197716163556855],[9.280660623079429,41.2061603618627],[9.287015487342394,41.219233064936105],[9.289803754177509,41.21847843305919],[9.300906763548136,41.20207373057152],[9.288865176489532,41.19766369802443],[9.287248336783833,41.1961003783344],[9.289783057218221,41.19317435765424],[9.301879887411896,41.19063121915311],[9.315528446020545,41.19202688430642],[9.318420657883822,41.19457264902654],[9.316066984400743,41.199862232788334],[9.317274699613591,41.20298463054657],[9.320340321847219,41.20306622219682],[9.32258389751553,41.19847497113078],[9.318959870069365,41.19387304888667],[9.332642907457053,41.1853849740994],[9.341298818410495,41.19213355558052],[9.34118775519618,41.193710256270386],[9.337322685374751,41.19113638945557],[9.330318376235764,41.194994034727884],[9.338512183430511,41.20097396681594],[9.338203335632368,41.20469060499302],[9.34889288525481,41.20745114210349],[9.351625195858634,41.20315510668076],[9.354174805029723,41.202642855216006],[9.363314231806566,41.20757769668219],[9.36629791707311,41.19933509095536],[9.365298049865807,41.19324896786641],[9.37023832683401,41.183243486238766],[9.375068838350392,41.18351610780586],[9.37649548374458,41.1869524532836],[9.380855058279224,41.18769928230231],[9.385444909563692,41.18067477627726],[9.406335815376147,41.176419941629234],[9.410822787610444,41.177821353292785],[9.408661401694024,41.18672501317165],[9.396849546108815,41.190369026930654],[9.396818878359232,41.192448818460484],[9.398928799442603,41.1984542588057],[9.407936331580826,41.20187044970437],[9.416762982478808,41.20814783574376],[9.418499447863384,41.21645785599914],[9.401360545731562,41.21021677944068],[9.382052568309435,41.21010905447822],[9.375900571956592,41.21818115478362],[9.374925365873365,41.22951598294331],[9.357066044888928,41.23551211716575],[9.347671203905097,41.22930664922017],[9.340692851828619,41.22963489769699],[9.332863219659211,41.23563333771458],[9.333211230458033,41.248059678942184],[9.337835266182315,41.25281003264405],[9.347659311076697,41.27645958686099],[9.336151357998885,41.2814461835956],[9.335146902210425,41.28350737355366],[9.347345680696774,41.28922150396133],[9.352194826082357,41.28922655974105],[9.352965063400756,41.29378559101368],[9.347893746385529,41.296564494590584],[9.34787930989336,41.29946726307276],[9.34088981461722,41.301670284560295],[9.333456694138011,41.30129797027484],[9.334013647265358,41.305692100795376],[9.341216110373972,41.30927066589937],[9.349762280275865,41.30342043115895],[9.353270014095294,41.30347952880919],[9.360610905132837,41.29555130209373],[9.36701866687261,41.302360096806105],[9.377794270743488,41.3070792018424],[9.370181236481919,41.30924646474095],[9.37653701631488,41.31268253840959],[9.379974471247042,41.311093776665615],[9.384676603826804,41.298330058093946],[9.365690624737802,41.28754105357927],[9.360899449322774,41.29322965629504],[9.355860437335686,41.293187182827396],[9.35763109062656,41.27907323455548],[9.356414831053494,41.27691628136069],[9.350607050881845,41.276055060833144],[9.340926737319652,41.25139698445163],[9.35017919138682,41.251819602911205],[9.356277353677383,41.24531193248979],[9.3601797519768,41.243912594374564],[9.358620101844359,41.23746163840019],[9.376081850792882,41.231598907312836],[9.378054816805578,41.234656106088885],[9.39007345885684,41.23656957950358],[9.400544605266983,41.24290774999528],[9.404731167477637,41.255099738691726],[9.407715520049004,41.25154128375934],[9.413329169074968,41.25073083828485],[9.416024932291737,41.25681486664867],[9.413465032316193,41.257371308486405],[9.412680781692428,41.26078467495888],[9.414357655178797,41.26804901237014],[9.41744998270018,41.26925050566142],[9.422019134895946,41.26801555369139],[9.430879464963919,41.26034080655006],[9.426852313318015,41.25670655013663],[9.430090130301338,41.24806058021773],[9.432608948041349,41.24994727452824],[9.435735784987207,41.24901106321305],[9.43836278419934,41.23535546758579],[9.44278556381677,41.23715135711806],[9.447635823083257,41.23335271944848],[9.44336586875864,41.22784947561789],[9.455367428134755,41.22380681569079],[9.460451814267856,41.2349202036744],[9.459460023836586,41.24260440451382],[9.463541283389295,41.24405293219723],[9.469071924778975,41.24329527549472],[9.47127688487235,41.24559450726284],[9.473807336830284,41.2394408364812],[9.481668009796445,41.23611588706268],[9.482363372828381,41.22458641243081],[9.488687497497628,41.2206852765052],[9.4870953971067,41.21593816355038],[9.480342108766054,41.21086474185258],[9.478828029497102,41.199524589172825],[9.464524992077873,41.18891903014037],[9.465048178880679,41.18323184563218],[9.473187386261904,41.186965096064604],[9.480039074775808,41.18714955177779],[9.481712599242027,41.18466653456086],[9.480210464817409,41.18123068618263],[9.469081247874675,41.18030820884178],[9.455354077977134,41.18618124091345],[9.45314906369926,41.19236480924227],[9.447456712946947,41.190882758038356],[9.44179048065252,41.18149481606947],[9.436441851747409,41.18109634357735],[9.43644962563325,41.18720588563824],[9.43357946483477,41.19000127547102],[9.435161736583558,41.191469215513514],[9.438777061610315,41.18955146615722],[9.44350396361194,41.19048481337386],[9.440696479009889,41.195489307386225],[9.443540301892037,41.20293461472161],[9.451393831378162,41.19941357024753],[9.456457575784903,41.20020769298334],[9.455348184114944,41.20533527935951],[9.451406084749305,41.205752772710035],[9.448097471816999,41.21249114767191],[9.44755699836673,41.21545118515641],[9.451786181983625,41.21787690844999],[9.450519530124708,41.22256704708257],[9.4419398767848,41.22586607683629],[9.438061778184373,41.214171432972975],[9.422375759977843,41.21355414908167],[9.41960111383851,41.20748229841446],[9.422475498005607,41.193525406271554],[9.41876774213697,41.18853515089053],[9.411684358992494,41.186703974568765],[9.413740123113739,41.178233721729434],[9.419561757032984,41.1789667868554],[9.42327962941976,41.17680931131403],[9.421973740486916,41.166527117615374],[9.409421442388414,41.16266299943826],[9.40512508245284,41.15793103316311],[9.408521557724296,41.15595193814805],[9.429716601415711,41.15476121716112],[9.432160919956063,41.15152499382054],[9.432853655013936,41.14745194713876],[9.430444433434316,41.147370896082215],[9.428950205006677,41.14483286260983],[9.442166313862367,41.13098726426612],[9.440125026703216,41.12347795910578],[9.44065819781257,41.10323053936298],[9.446113001538874,41.10155208084588],[9.449742457938035,41.102690990926284],[9.455093894924984,41.11389389861197],[9.461788027716356,41.12073131505383],[9.471710632270646,41.125708534196484],[9.472542170336121,41.13409600839502],[9.463771240492136,41.13678448533267],[9.466928664313999,41.14350063937973],[9.481086768506572,41.14047877866902],[9.485682439300245,41.14643173349342],[9.510156774876375,41.14073203681472],[9.517865386015112,41.144417901379555],[9.51432545760707,41.15499100497918],[9.520832191977147,41.15688400982751],[9.520918065845898,41.1624633537865],[9.51670835030943,41.16665678989105],[9.52479295485531,41.16642656897869],[9.527993849089043,41.163494519339665],[9.523875567685181,41.161897693623196],[9.523797769352184,41.15685853492901],[9.526151160648926,41.156838255800274],[9.529434456499692,41.153102958719394],[9.53642108040465,41.137905853301156],[9.530172202216914,41.13816448346518],[9.526067750964938,41.13634005843573],[9.526624787236775,41.13373535424187],[9.539535732797662,41.13613026218618],[9.54563916858358,41.13398465673465],[9.544653193876874,41.12857556949069],[9.538880665426603,41.12269239643192],[9.540841623208085,41.114153822732845],[9.547176892731015,41.112565535034626],[9.553758924206392,41.11911888386415],[9.560876200774985,41.1198231028435],[9.566893358002591,41.11586619500221],[9.570631550902654,41.100516226795726],[9.56149358583731,41.085488747410096],[9.576603981853285,41.069011012880985],[9.597427514586998,41.07710381894347],[9.600643779308948,41.076033163078954],[9.606825442423357,41.0819190145936],[9.609889176611883,41.082046966786805],[9.607023961683726,41.07147096455515],[9.601192471753489,41.0715826089401],[9.598344795599445,41.07409171158355],[9.579119499422676,41.06640024085577],[9.578753208797245,41.06237083746202],[9.574386059232168,41.06108089611821],[9.569184846304147,41.06414240354106],[9.574199150701606,41.06874229679418],[9.55951768340575,41.08372934055365],[9.551686331909007,41.079277623152734],[9.54859660313616,41.07993194217799],[9.543073548557466,41.0843540020386],[9.544207595880726,41.0890508169343],[9.540332280828283,41.08979870128974],[9.528998298367325,41.072096545833325],[9.532497891353394,41.06177526271611],[9.52300483987743,41.052730762239285],[9.526469571849713,41.04252125969955],[9.513874289140631,41.01767416713336],[9.507758094874829,41.01554383469601],[9.505919906456365,41.00942640879413],[9.513323974907685,41.0078758070773],[9.524990100219332,41.01111234603327],[9.529914792840811,41.01888181096002],[9.52732112560513,41.02231565223241],[9.528400480235769,41.03012183667844],[9.54000048278576,41.02978994615098],[9.561215139982995,41.03771364854931],[9.563150781434704,41.034677500377065],[9.562879964930787,41.025229365778024],[9.556604543625705,41.01911408309748],[9.55089673638938,41.00693892010492],[9.55547957175592,41.003771972075675],[9.57129871965289,41.004608976616595],[9.573989554104234,41.00826190235654],[9.575647853797046,41.007681618838944],[9.57333165541894,41.00421603853085],[9.57683952879034,41.00285633019428],[9.591496459783443,41.01433942697991],[9.595080386607462,41.022734519135916],[9.600196847176313,41.01901468103099],[9.60822933917897,41.01818887081051],[9.62146047181415,41.006128539351735],[9.630911609978124,41.0021316529712],[9.642529821366663,41.00086939991606],[9.647001246261194,41.00351979005377],[9.655991649364443,41.00451391262089],[9.664565722563873,40.996441972661],[9.664004193831756,40.99409747468123],[9.651436025650558,40.98414541767052],[9.634514876587833,40.988536668578284],[9.624671558905831,40.99484093009551],[9.620523012531493,41.002058554917525],[9.610969270604132,41.0032209638761],[9.585337947086831,40.988017664051476],[9.582540243088024,40.98300304922678],[9.582880947126405,40.975963719977976],[9.593879562598124,40.968475865454025],[9.582038930396982,40.95453756519136],[9.577644274658372,40.95371064656495],[9.568152001911184,40.94243564681734],[9.56822181391253,40.935680276828414],[9.575258269184728,40.93394846580071],[9.574833906909742,40.9279860192008],[9.562887076659825,40.92399125577061],[9.539125458159711,40.92587491622276],[9.534565385216215,40.93258925851395],[9.52385720416917,40.93352346086377],[9.517896310498136,40.93035922500838],[9.502369522571243,40.927469837833875],[9.501541745870608,40.91793483921007],[9.50387019455587,40.91257266108384],[9.506574039175666,40.911328935905644],[9.529442651259995,40.91395120870804],[9.546351140945026,40.919392138289965],[9.563364823637643,40.919062546813336],[9.575944518920084,40.90405234970571],[9.588661233094236,40.899614630975165],[9.605692539083197,40.910255261804416],[9.607623681290066,40.91675242337484],[9.613599925013284,40.91980384270501],[9.630242895471348,40.917824607725876],[9.644287579886337,40.920013684069374],[9.645201233556636,40.917642793097855],[9.627331586975004,40.898630419657835],[9.622406687550187,40.894884898841106],[9.620072745493749,40.896184524798905],[9.615360102796416,40.89478421110118],[9.614779565749147,40.89298565374507],[9.616325270535599,40.88941463478051],[9.635325179316807,40.88459345451762],[9.636086229335351,40.87978109356101],[9.640664743693673,40.87426070023366],[9.644209493219007,40.874186906222576],[9.648037483232805,40.87699406362272],[9.645784913108402,40.87998618398606],[9.648422254297486,40.88069767936953],[9.654905170446908,40.876296699656635],[9.673540623711334,40.8917712594625],[9.720053304678947,40.914896966696865],[9.73739467068826,40.927679218994214],[9.73412734102678,40.922616075584976],[9.735695533769343,40.920119821525326],[9.73981416045293,40.919781562191545],[9.74163187437596,40.91108035709454],[9.72081421352025,40.90500457822007],[9.6927822847314,40.88784679032377],[9.686245035244886,40.891599526245585],[9.674838134273726,40.88932898113904],[9.656244003447734,40.87410545231747],[9.652354615870406,40.86113427721264],[9.657287535622785,40.85662464091659],[9.663785665767975,40.855816093670235],[9.667013515855963,40.85293283130912],[9.676010389034591,40.86135726878271],[9.683404289130923,40.860232702449984],[9.693022962595082,40.84661781576642],[9.716182131901203,40.84236631325932],[9.725939426919874,40.84483870412279],[9.730835448023006,40.85967224870832],[9.710953051094249,40.86766467725048],[9.710077583962722,40.86944019625198],[9.71399918951055,40.874929046548914],[9.715813665105511,40.876324214890545],[9.73619153964376,40.87623648026196],[9.742157019246385,40.870687446124165],[9.740966137481104,40.86405826162306],[9.736534479679602,40.859526204492795],[9.733735671883238,40.859235214413964],[9.728446005369499,40.84321098638977],[9.720037938726733,40.83502980796906],[9.709964141557426,40.83255977900308],[9.690594809554428,40.83711846572224],[9.686302501813202,40.83523994392525],[9.680630409831371,40.82308976389944],[9.689164152969353,40.81779624045359],[9.691920260547034,40.81130216584025],[9.688251984235933,40.80626309039409],[9.685595579226293,40.806044687764654],[9.685046548403992,40.80813676698897],[9.681392329504936,40.80904010179328],[9.674351956170435,40.80529569379135],[9.670369853173975,40.79614610656032],[9.670701395083634,40.78698150502684],[9.686692259918786,40.76649913511167],[9.70358889505772,40.755615374430874],[9.714960097475428,40.753130097612654],[9.717951149015702,40.74830439377125],[9.713506660909273,40.7462667658852],[9.711540301436251,40.74028264393148],[9.715349923397019,40.70907618912335],[9.722074700311985,40.70036811911394],[9.742180064824105,40.691367204525385],[9.749685554608822,40.67993190813399],[9.7517360262253,40.67390986701429],[9.748645303792012,40.66310164669214],[9.749826902372677,40.65558082076901],[9.743539805341044,40.64971183652704],[9.741501436555033,40.63652732717359],[9.743142447235535,40.62561633486171],[9.753217687758179,40.615236165028506],[9.750701845495914,40.61226167239514],[9.751756272777094,40.60086785898022],[9.763748578976813,40.5870058988488],[9.782487103518308,40.577646566724795],[9.788361201079795,40.57278696986381],[9.793953468848516,40.55714557399459],[9.791654585738591,40.55049488898077],[9.796175636075576,40.5443198573493],[9.809359978098561,40.53691314387327],[9.814961445338966,40.53728817235295],[9.828420166045607,40.528378279979876],[9.819951157667955,40.496181838448656],[9.792594825834547,40.44306389014187],[9.783286840827435,40.438735493092445],[9.776778621165283,40.42863874112185],[9.773819603303286,40.421824182570624],[9.773073648285447,40.40724480318224],[9.76386977028879,40.39072495012922],[9.754733180238592,40.38127819702742],[9.74173597506282,40.3813949557655],[9.730495108602026,40.37547551146759],[9.683971639854681,40.33865280857544],[9.665662502951381,40.31975939659838],[9.65435863091521,40.30098575762545],[9.63162552231183,40.276526024738914],[9.623921974335296,40.252783453470975],[9.624208877747032,40.23537601283383],[9.628681440350757,40.224531656698105],[9.625707913635473,40.20793461201933],[9.628954479313865,40.19177230143953],[9.634117660583554,40.17978872845453],[9.643586557258974,40.17376327100305],[9.661407270578238,40.139075802803795],[9.683674422370759,40.11669320372401],[9.685008526192963,40.11164904184612],[9.700634925079209,40.10217672651183],[9.70829191614616,40.10063458486198],[9.728917956483787,40.09083045732098],[9.73381436143156,40.08622723533886],[9.735683557000863,40.07748970316304],[9.73400342293838,40.073932603772896],[9.727516808521543,40.07050486817315],[9.726574552674219,40.06239322178313],[9.72053256741204,40.048997762619344],[9.705487888679022,40.03356689732887],[9.699826728467343,40.01750111867191],[9.701693622599803,40.01214714248542],[9.699982059420142,40.00073331766943],[9.68663826973464,39.98417235876636],[9.685056934969772,39.959522274255946],[9.686848416966614,39.94842074575259],[9.69973814682249,39.93591252571776],[9.705715429122678,39.93671757779776],[9.707907693498722,39.94090048092725],[9.712801982110692,39.93894804914962],[9.715830098911749,39.92837676824482],[9.713190239126298,39.92180467768181],[9.705690954435171,39.92464808257921],[9.693384782897832,39.91928045073626],[9.68457148063044,39.908467059605485],[9.68198668442207,39.90028340461008],[9.680788513029809,39.885888304492745],[9.682576913349019,39.87001152360276],[9.696731380301866,39.85343487326689],[9.696199343501144,39.850527889988456],[9.685396544704847,39.84212296078269],[9.682877596654118,39.83679496465984],[9.674216274962546,39.8103745627022],[9.668434889914906,39.7767468754072],[9.668259752835828,39.76708919246758],[9.671520104111941,39.76378623563086],[9.673267697683897,39.755022904317286],[9.671406450924524,39.75373624597313],[9.674692933634295,39.75154577869958],[9.675296176658092,39.726052916976556],[9.67358631898908,39.72061177373472],[9.675953198801379,39.71088517517903],[9.668662696233527,39.701133440991306],[9.663839355624463,39.700656552287505],[9.659982836891052,39.69743490703656],[9.659419595758962,39.69217621181449],[9.664203245996532,39.682643286667684],[9.659275754466112,39.67214754413222],[9.651213155383005,39.66405688094061],[9.647192466538275,39.65169940100109],[9.657757435261102,39.598515898517796],[9.655511816380642,39.57048413918381],[9.649759660086229,39.56087993231064],[9.651360579107427,39.54924766852219],[9.643142533771286,39.54613418798513],[9.639643224721699,39.54131832990716],[9.631451553874488,39.50273566939652],[9.63259276654699,39.49679386159327],[9.637748664058602,39.49355235909781],[9.643289041957384,39.493280808244236],[9.644719631516596,39.49030958406191],[9.641256123311972,39.48260455601777],[9.645950777207766,39.46139051903804],[9.64144319991467,39.45296365246688],[9.638816749487246,39.4390028495861],[9.631171532559526,39.43347835179423],[9.607890846902807,39.388204963344435],[9.600971340616402,39.36871381396628],[9.597408845328667,39.34724405438496],[9.59899459045475,39.33095138731865],[9.604892959986067,39.31798492523211],[9.612813638958517,39.311567305617096],[9.619307879931805,39.31157911753701],[9.62844908642729,39.30634109197697],[9.633926781229725,39.29898794328635],[9.632379293650276,39.29536391543482],[9.62137136560858,39.29849358870867],[9.612781659523723,39.29726072074978],[9.606942583499105,39.29423442014944],[9.588299988351626,39.2746675364997],[9.571662523223269,39.24419030681988],[9.56776118340547,39.214837437302016],[9.562879155098011,39.198014171454645],[9.564442554805842,39.18897093319602],[9.57551668053978,39.18632950346045],[9.579111838926671,39.17821426338304],[9.578899261870301,39.17558638523373],[9.570014078170756,39.170220255215796],[9.566402501223127,39.1554441537517],[9.606228250248453,39.14494089692407],[9.60841685075669,39.142428951466854],[9.606674727960835,39.134436295796014],[9.604056307936789,39.134526488802464],[9.604109386907645,39.14225219045416],[9.567577090985097,39.15230243531116],[9.563962976617491,39.14162077636297],[9.557225393099303,39.13444327097174],[9.548959735298942,39.1323660385078],[9.538933883031701,39.133046973769595],[9.53131252767293,39.128473963154384],[9.519320865216503,39.11505653320042],[9.518299727862319,39.10513992701666],[9.523527880262803,39.096047105125734],[9.535001271390048,39.08845710981395],[9.534063865152683,39.0852805004387],[9.536228601784744,39.08409912645219],[9.534086737077871,39.08218058748484],[9.52675201335614,39.08466496512432],[9.528644789614791,39.08904545055879],[9.522437698269933,39.095220868328],[9.503144438036198,39.107945678422055],[9.505282314486807,39.110729853676276],[9.505057440549315,39.11973510231804],[9.507325074501175,39.11675950128017],[9.509640586159724,39.12145991471223],[9.507966476709152,39.126947046912505],[9.50289886836699,39.13116026706904],[9.48441399013365,39.135670845041844],[9.452512270532868,39.12991486878432],[9.446706255107733,39.12562999060848],[9.442289365592929,39.126935411330265],[9.437654461546705,39.12201485748085],[9.434020513984727,39.125533738766755],[9.433908425607306,39.13059835593273],[9.407888332093695,39.14386642917048],[9.403496712460548,39.144602596852856],[9.400896755819835,39.140922684066574],[9.392267564963872,39.14458799099011],[9.394644719008017,39.1550518834209],[9.385227929346305,39.16005183093367],[9.384595027324941,39.163121036489926],[9.371056260644002,39.173775363957226],[9.363286092906195,39.17728033633535],[9.350005263805704,39.17839216521231],[9.341538040327226,39.186214030480585],[9.338719329974818,39.19359772774572],[9.323387714502049,39.20090749454152],[9.320792662235617,39.20453368756755],[9.311735826382336,39.205861481070414],[9.304379685805895,39.204819894369656],[9.29748500873143,39.21325166416325],[9.247380133799837,39.216435934781664],[9.243071286897191,39.21819988543155],[9.237831434550527,39.22477177893444],[9.23144449007232,39.22765349585591],[9.20984508847653,39.226818098836844],[9.181824465642485,39.21666442966691],[9.164831105949409,39.204400931140945],[9.159864917879975,39.19366922465269],[9.167288039368739,39.19080463824584],[9.168924551986562,39.188164353697005],[9.164433671322042,39.182083820304065],[9.158672983960047,39.18131599740844],[9.146008425984423,39.183950008682885],[9.115461089898211,39.211675645325954],[9.11000928126816,39.2140406125763],[9.095079255736971,39.21388354605915],[9.078560776976307,39.204949681545045],[9.05410917514671,39.18723830744466],[9.03020575171883,39.16353956213924],[9.017425920974647,39.145755926474045],[9.014302886266936,39.13142762496235],[9.008920210274907,39.121278297098236],[9.016161177444472,39.105653384023455],[9.01428467555665,39.09854385160759],[9.016353508332903,39.08710844376495],[9.04579050549662,39.05613821340779],[9.040870304474462,39.04179082097574],[9.029515117060946,39.02943196916306],[9.024373679681045,39.02017072416854],[9.024186150438254,39.00375787161647],[9.011828886071092,38.98714521388058],[8.996204001230883,38.985406570063525],[8.990119285746426,38.97491479156777],[8.938198861192005,38.935114853150104],[8.920875853346606,38.92510738694326],[8.910635046085742,38.915552413951296],[8.903154607915322,38.905104467030355],[8.892328719706132,38.898931166229126],[8.879893170744706,38.895375288449834],[8.854598796065899,38.87855143787476],[8.846407085833114,38.87682201359754],[8.838861992002718,38.88054822549256],[8.83686609309791,38.87800309453298],[8.83267413068145,38.87734045302405],[8.821858187589683,38.89324543527469],[8.805982694347593,38.899657679105594],[8.802393804175066,38.899490579921185],[8.798923130937785,38.89472324141683],[8.794087412683666,38.89465173253694],[8.783547989738564,38.89840395389747],[8.78021715888012,38.91322488875646],[8.776087395124568,38.915678278939],[8.774443841835529,38.91426933695847],[8.7620223244882,38.916975130637645],[8.733050770436734,38.930528674526485],[8.722157776114173,38.9376999546274],[8.720211860799061,38.93667139266878],[8.71986030503599,38.931082378249926],[8.714643904348023,38.92500621608413],[8.70322628375655,38.92009245535981],[8.693385711849537,38.91863083708343],[8.681707456165334,38.90935840445686],[8.671556170785768,38.90816556566032],[8.666345189559651,38.91294710006575],[8.664116840461837,38.91250703762753],[8.663840922354314,38.90773133402879],[8.667847853950015,38.9048321215142],[8.67025766381288,38.897161237182786],[8.664549968050338,38.89399886840398],[8.659185073424394,38.8949126341877],[8.65610722267466,38.898291900448854],[8.649668990313865,38.89489348152429],[8.64825414454096,38.88687808112419],[8.653269309870453,38.88309926941489],[8.656623756162727,38.87064636309983],[8.644365893979536,38.865146485806115],[8.639932103346073,38.864945912299554],[8.636592995299793,38.867927373013124],[8.645760973837417,38.87610188486922],[8.640671639579512,38.88003334528117],[8.648004025791318,38.892293188046644],[8.646387342888824,38.894223503729606],[8.63199733045094,38.89545302488618],[8.621418637125565,38.89031762207758],[8.60961413790608,38.89113258527216],[8.60665866412827,38.89283596003306],[8.606970501454843,38.905296386753065],[8.61833566706783,38.91589655427973],[8.623168108749985,38.93917393698001],[8.615685597611426,38.95410495555486],[8.60729851079781,38.961645405102686],[8.597829361487868,38.962469232618545],[8.586709919331371,38.955760898549535],[8.584850546746772,38.95993216102303],[8.588811996133753,38.96447098074303],[8.565008955240415,38.9997640046892],[8.566712265074333,39.01184199654415],[8.574123057148647,39.01595249088564],[8.576426445129064,39.02289837575386],[8.57492758230219,39.03205842870254],[8.5650254030218,39.0453854856774],[8.555106004458306,39.04681576331655],[8.548541513225532,39.044436372572456],[8.52716831356648,39.059145723610804],[8.511635766414235,39.06231783083492],[8.498665461338224,39.063385804277246],[8.4661105132997,39.05700779075117],[8.468459601739067,39.04918343441823],[8.453090397592126,39.025498686066236],[8.451033506339533,39.01829023037869],[8.451416564432165,38.989450592040384],[8.447256481818979,38.983198576144225],[8.440538664427905,38.97821940039466],[8.44475523011016,38.96992104382184],[8.437315062277651,38.966881284222374],[8.436997812424513,38.96303082584577],[8.430288210811486,38.960053838506354],[8.417047434502456,38.96017092829575],[8.41383847934367,38.95531018258701],[8.406797626250265,38.95835532815298],[8.403208224256778,38.9623121118698],[8.403696204402895,38.97397513820656],[8.396971125260173,38.975929804896985],[8.39369633518985,38.983607280493956],[8.39432692404869,38.989375467959874],[8.389100540472647,38.991911904579545],[8.382677247296598,39.00291453520449],[8.383844868821361,39.00610390214155],[8.375374506243345,39.012065923005004],[8.371070808768774,39.01872794264539],[8.37408592933429,39.02295799391704],[8.370446310338123,39.02174105204788],[8.360421563155494,39.0376846354991],[8.357273014363257,39.06350211316718],[8.349783213312376,39.07640046634868],[8.349733894611887,39.08303231752131],[8.351892306184277,39.080744267546734],[8.353987316815967,39.08111408230209],[8.358414046566635,39.087318966947265],[8.353022619121967,39.09132273680221],[8.351035097125495,39.09629383823654],[8.307274162339327,39.104253294915914],[8.290171554309461,39.09550870760216]]]}}]}