{"type":"FeatureCollection","features":[{"type":"Feature","bbox":[6.626621368537682,44.713781911647715,8.151850973695423,45.602262239198495],"properties":{"prov_name":"Torino","prov_istat_code_num":1,"prov_acr":"TO","reg_name":"Piemonte","reg_istat_code":"01","reg_istat_code_num":1,"prov_istat_code":"001"},"geometry":{"type":"Polygon","coordinates":[[[7.884911659825786,45.53058894969748],[7.923421790794004,45.521489314577394],[7.919559465502171,45.508828831412934],[7.968730291423044,45.4746201307171],[8.038400889341736,45.44142862124379],[8.027022937796687,45.40310020803385],[8.008874378304677,45.39789388296381],[8.02131010694804,45.33006381972231],[7.958604468640052,45.34654427508268],[7.946841433706598,45.308657721083364],[7.977580010497245,45.3174028534252],[7.990016831054393,45.30745446536445],[7.990857684225503,45.22917632444554],[8.055244306641052,45.18229801375809],[8.09485422967202,45.18743918055658],[8.151850973695424,45.16854131280073],[8.136167529805535,45.12886339703362],[8.096371152499541,45.13174471380938],[8.075376817329987,45.09743418998907],[8.026503253281696,45.133006834820726],[7.936786574879822,45.10971159515792],[7.942190176202891,45.08625832595927],[7.91894491440636,45.07461742932568],[7.895945482999799,45.09497532852601],[7.89301437474977,45.05986717720816],[7.932334992120554,45.04085174806304],[7.940708944965926,45.05716894182326],[7.958021433554231,45.04203419744849],[7.9209944749871815,45.023155614877076],[7.930966984756179,44.988160211601986],[7.883432068267424,44.93621884946031],[7.892736908783206,44.914911783036615],[7.915474228060965,44.91712393105336],[7.926310271768349,44.90289965066311],[7.885019378274823,44.89642760093941],[7.885909499760542,44.88462526694385],[7.919005251948406,44.88260321040337],[7.943354707464956,44.846338686656665],[7.902628115373707,44.82153439711811],[7.87500806878637,44.83370206299579],[7.8642357503508755,44.82394966372591],[7.809942258343993,44.854773546297324],[7.811946850676226,44.84343378800762],[7.778708454182856,44.84143123456726],[7.766190449759577,44.81545159892582],[7.684610708900853,44.81023343358279],[7.651363907447068,44.81890623958544],[7.643967745362995,44.84276876290934],[7.62563805317283,44.832305223166884],[7.619655545961174,44.847545611166545],[7.619314209501134,44.82894315502336],[7.6064953317679995,44.84140387127377],[7.593569355897991,44.8343452904439],[7.5967139881104755,44.809893699905366],[7.575210933343112,44.80612558033536],[7.575518281918223,44.819628117075396],[7.564734478209883,44.79899969189718],[7.4710356173634755,44.75610332802622],[7.449276943241852,44.764105411940236],[7.459746600869154,44.77850210700723],[7.345046871039326,44.75182606096251],[7.344682748091825,44.7831258971065],[7.296063086112767,44.782109055882636],[7.159004187268493,44.76045549039199],[7.1201009984713135,44.7256401077015],[7.065112671436524,44.71378190685796],[7.032445894310067,44.72788098045649],[7.000079320674005,44.78904656187793],[7.023850184782194,44.8233310018392],[7.006086480747338,44.839968556381194],[6.931505434975124,44.863438205945556],[6.911291720707429,44.84456589019408],[6.862942563783794,44.85071958764243],[6.750836327468799,44.906169604578515],[6.759988341955369,44.93378773751288],[6.746224558805592,44.93858470212685],[6.765546143524104,44.96161337907723],[6.737557667028314,44.99075927301229],[6.745950112759414,45.01386202237501],[6.673602949380075,45.020043962122706],[6.662259031616326,45.0713834567422],[6.627358074326406,45.10584208597989],[6.680208224149359,45.14041469375606],[6.7401995478236865,45.13697326709477],[6.769156841737923,45.159839936673194],[6.848324290453199,45.12730636319736],[6.893925644608899,45.13727547509526],[6.893519542896275,45.16900777571114],[6.9474719187113125,45.17047215291227],[6.965756393848802,45.2077194607119],[7.04754875299811,45.225881463334325],[7.0669907304964275,45.21029305294349],[7.124758175168474,45.244332644725496],[7.136014313950868,45.28039687220795],[7.109400589924703,45.327702815777144],[7.134535792696125,45.33169880806658],[7.185854265096374,45.403231187153786],[7.114426605764368,45.4334613804391],[7.101320609639802,45.4542440590607],[7.126334405925289,45.511697683955596],[7.141055509566045,45.51092115313883],[7.14358351361838,45.47783297227383],[7.160329923962459,45.4865881680998],[7.222660368741054,45.47047611198943],[7.269497278219064,45.51467703977741],[7.359301557404464,45.52586778938179],[7.377239199518127,45.51689797129239],[7.489317404046953,45.583108066143254],[7.531770891144576,45.57679079566835],[7.566472482468351,45.59162234442639],[7.609065934816606,45.56287677966814],[7.634040622663322,45.57078631863816],[7.676792735028635,45.552093720485594],[7.732703534982386,45.55033519845902],[7.8488713225408375,45.602262234740124],[7.889160604296334,45.59763838998011],[7.884911659825786,45.53058894969748]]]}},{"type":"Feature","bbox":[7.861373387956472,45.15952114836445,8.58118645172136,45.95041127703565],"properties":{"prov_name":"Vercelli","prov_istat_code_num":2,"prov_acr":"VC","reg_name":"Piemonte","reg_istat_code":"01","reg_istat_code_num":1,"prov_istat_code":"002"},"geometry":{"type":"Polygon","coordinates":[[[7.8854803053991915,45.75970727922118],[7.862638952384991,45.79216361711206],[7.875922928038797,45.86158170961546],[7.861373387956472,45.910409424940575],[7.8769648771609155,45.92642829507558],[7.962274125345521,45.90076780287897],[8.044340770644371,45.93631298062962],[8.086011938556705,45.922408615638005],[8.198738014537627,45.94992738177438],[8.214521990075067,45.923989794284566],[8.302234201683499,45.88827374658607],[8.293677597825456,45.870463209123706],[8.335849425422163,45.8449746303738],[8.320965101822328,45.83733118658694],[8.31721116414551,45.767770117567295],[8.357043824925181,45.76768619777946],[8.391997173271342,45.70347748824451],[8.310572332764147,45.697223134314974],[8.390794752317836,45.61664458934911],[8.411875921372333,45.479971360510326],[8.40054956495967,45.39619707921832],[8.433272519261784,45.412089268960294],[8.455280182096176,45.37824816613859],[8.496143216017158,45.3741781417289],[8.499532716518381,45.34775534962837],[8.46289661061621,45.327233334303614],[8.512693639771118,45.31688457249057],[8.498337449907513,45.292226423209435],[8.514077172805964,45.27432062329915],[8.535105949204628,45.27780169334966],[8.543538286036767,45.25460298601378],[8.522081773932364,45.24992220979133],[8.556180413198827,45.24139590364638],[8.529097375966732,45.23951414432257],[8.54365108711245,45.23400130521196],[8.523244916483161,45.22160388671498],[8.548048582255701,45.204124763485936],[8.527959380319679,45.194591880466824],[8.581186451721361,45.20223033626157],[8.544592254119445,45.18213824704355],[8.547781727791191,45.16815149238887],[8.507206418377661,45.17406614857463],[8.496415852329966,45.198354824752926],[8.404593931245024,45.204511160746854],[8.36215386027251,45.19738682313594],[8.337313892962595,45.17052873796774],[8.266331235873542,45.18068965483333],[8.21541905110979,45.16399984164498],[8.19895260975651,45.178283576974835],[8.172068605415683,45.15958454421512],[8.174274619271328,45.17105775494122],[8.119495911429519,45.182743971381534],[8.055244306641052,45.18229801375809],[7.9993854332648064,45.220123832199185],[7.979967756671897,45.2615209204482],[7.990016831054393,45.30745446536445],[7.973881669103743,45.317446188491154],[7.946990613951982,45.30792098382619],[7.958604468640052,45.34654427508268],[8.02131010694804,45.33006381972231],[8.014440288881541,45.4066597428109],[8.122829670794346,45.37608874735237],[8.168650787639534,45.411126801679636],[8.16653969902543,45.43504559765036],[8.217988452793797,45.45383034173809],[8.21890555294204,45.47574989068889],[8.267571105474476,45.516914744507794],[8.291921292250512,45.517731696944985],[8.277400281690735,45.5321891049427],[8.296452050688945,45.553604445174834],[8.255155968062736,45.60868050006065],[8.312672721325015,45.63160628608796],[8.262123495391247,45.61953578932151],[8.261328110736995,45.63327950681554],[8.327908456492377,45.64694438966461],[8.184033595011849,45.72901714018444],[8.181213523441677,45.75209279380591],[8.12297878552922,45.75698449437564],[8.083586060288429,45.73856137819559],[8.076927961103804,45.718746669820796],[8.059249340255503,45.74056874421051],[8.021374983029697,45.73768088058117],[7.999757709908648,45.71927164402101],[7.950590145748098,45.71906008044737],[7.8854803053991915,45.75970727922118]]]}},{"type":"Feature","bbox":[8.310572332764144,45.29214558382117,8.842896248692094,45.876642216689],"properties":{"prov_name":"Novara","prov_istat_code_num":3,"prov_acr":"NO","reg_name":"Piemonte","reg_istat_code":"01","reg_istat_code_num":1,"prov_istat_code":"003"},"geometry":{"type":"Polygon","coordinates":[[[8.42078687292211,45.829807301162866],[8.457448834735178,45.87664221232915],[8.499961373851558,45.83402445724485],[8.560259700175928,45.85183793453709],[8.561828819768746,45.8375636619552],[8.593800835929617,45.828245577999695],[8.555563698358705,45.80004307342318],[8.555665076912645,45.77499032440952],[8.593750066231088,45.73041148753417],[8.653434195153194,45.71397095071088],[8.640799341547066,45.67680827470134],[8.681201077218114,45.67640162174312],[8.66983446648258,45.66142350077528],[8.688184857255424,45.63699278685214],[8.658938966654565,45.63774629485763],[8.703148019933273,45.6000570058601],[8.713069324905309,45.52013118999234],[8.727892399133076,45.50239938920635],[8.787486741101102,45.486232352759686],[8.808102261958414,45.43333468495445],[8.826335287200152,45.43258976419587],[8.842896248692098,45.393838036855655],[8.801541731870653,45.37918114503858],[8.76543026981057,45.38893774138547],[8.76088603715716,45.37648390707933],[8.71907630030604,45.378079459841615],[8.762537629465939,45.34861936563725],[8.724767739554945,45.33570847873725],[8.71612124420766,45.3028811175899],[8.690645657993871,45.29252635927373],[8.666586878749547,45.29220662699266],[8.628834613232463,45.349856369656685],[8.578812417341547,45.34723450146499],[8.553757034433032,45.36152343114867],[8.526649725814849,45.34315966625771],[8.537899131124096,45.31724737050997],[8.491713875860123,45.31245896413731],[8.463120418844639,45.33199160255064],[8.499532716518381,45.34775534962837],[8.496143216017158,45.3741781417289],[8.455280182096176,45.37824816613859],[8.433272519261784,45.412089268960294],[8.40054956495967,45.39619707921832],[8.411875921372333,45.479971360510326],[8.390794752317836,45.61664458934911],[8.310572332764147,45.697223134314974],[8.364700574305758,45.70741978483499],[8.388559287443538,45.69809917619507],[8.349862897083616,45.77237541011863],[8.374779257431598,45.78419281148548],[8.375689779350527,45.83357955309275],[8.399266210044376,45.854267663870864],[8.42078687292211,45.829807301162866]]]}},{"type":"Feature","bbox":[6.853413312154609,44.0601191083047,8.266045313826814,44.85660563557752],"properties":{"prov_name":"Cuneo","prov_istat_code_num":4,"prov_acr":"CN","reg_name":"Piemonte","reg_istat_code":"01","reg_istat_code_num":1,"prov_istat_code":"004"},"geometry":{"type":"Polygon","coordinates":[[[6.94839512147737,44.42983427413465],[6.876169377317921,44.48149380179652],[6.855054526685089,44.53220636090447],[6.932589530627394,44.57288755165859],[6.937705544460784,44.60311568961682],[6.967336125731255,44.61928425069466],[6.947519868170627,44.653584258897894],[6.962680538182286,44.67773895850985],[7.029219938940312,44.691609267475506],[7.071930169398133,44.68009545277935],[7.067637835280226,44.7164866095718],[7.119985606960807,44.72558420813787],[7.159004187268493,44.76045549039199],[7.344682748091825,44.7831258971065],[7.345046871039326,44.75182606096251],[7.459746600869154,44.77850210700723],[7.474783003661079,44.76556525254815],[7.4523666927347705,44.77465290683873],[7.449276943241852,44.764105411940236],[7.469957636957654,44.75591335335186],[7.564734478209883,44.79899969189718],[7.575518281918223,44.819628117075396],[7.575210933343112,44.80612558033536],[7.5967139881104755,44.809893699905366],[7.593569355897991,44.8343452904439],[7.6064953317679995,44.84140387127377],[7.619314209501134,44.82894315502336],[7.619370129712146,44.847492639649865],[7.62563805317283,44.832305223166884],[7.643967745362995,44.84276876290934],[7.651363907447068,44.81890623958544],[7.6847684438223824,44.81023075212244],[7.766190449759577,44.81545159892582],[7.778708454182856,44.84143123456726],[7.811946850676226,44.84343378800762],[7.809942258343993,44.854773546297324],[7.8642357503508755,44.82394966372591],[7.87500806878637,44.83370206299579],[7.902628115373707,44.82153439711811],[7.9646835413163934,44.856605630842346],[7.994720960010042,44.81820528520712],[8.045352663967819,44.7993193650946],[8.096192876265109,44.82191165639667],[8.13057368187327,44.81013146286082],[8.137137281917537,44.78213275263947],[8.09508500640293,44.758505041078],[8.133195938685251,44.74667466000346],[8.152229929979258,44.713153538842306],[8.18782374273598,44.75182941664323],[8.206620500257737,44.750683234066884],[8.214945002502088,44.72710982805666],[8.256829754097767,44.73224740411158],[8.265418015303345,44.712443319919664],[8.19447101876008,44.62857149023808],[8.234344867349268,44.59862903316889],[8.252777445079877,44.52874738686149],[8.224162881767995,44.51417494867912],[8.22326987092499,44.485612518658115],[8.197327511264577,44.47755581112722],[8.221835830597767,44.429556463279944],[8.203499648958617,44.40489303100776],[8.149519219361125,44.38479201805117],[8.144916340198211,44.345780062990265],[8.106436357607958,44.33237280731591],[8.10195677511945,44.300931020277794],[8.076021695437712,44.313958457100114],[8.059739808101252,44.300703822952705],[8.090698507924577,44.27479639876368],[8.063096634217187,44.253074189580246],[8.08110291672007,44.24004410542148],[8.065363260272331,44.21693657859265],[8.097171277680406,44.17870869240616],[8.06820484990933,44.14497537149492],[8.011840731819255,44.15589884619676],[7.9796333698314035,44.13845631950864],[8.011987518778774,44.120941636433116],[8.006878362966575,44.10258929151999],[7.971531404232713,44.11309520010244],[7.9423679073514615,44.10011657055158],[7.8839439559944795,44.10465856294033],[7.762738821337712,44.140882291331245],[7.725355104959094,44.125517002312826],[7.719295838473723,44.104480812005924],[7.7328920305363535,44.08364593670622],[7.759363737683788,44.084296629342944],[7.7143297270431725,44.06155888417808],[7.716977656531551,44.08331524088527],[7.6664306268789275,44.13066032270226],[7.68464525344984,44.17391544843587],[7.644989123257903,44.17812449010001],[7.617380267275576,44.14983900217695],[7.42817059965342,44.13041200670978],[7.423350308213668,44.11332065326495],[7.392652171315306,44.12556017275692],[7.3569592829601005,44.116391293808],[7.341907690888946,44.14605509652224],[7.278804856555746,44.141277231308045],[7.1847551341973,44.20060059177326],[7.1427531542010065,44.20051041700307],[7.069629517168586,44.23363501091205],[7.034977901866653,44.22396901593394],[7.0059595844912455,44.23687132732282],[6.995754189382293,44.28014267641375],[6.958344824470428,44.29548482117384],[6.9220106983971075,44.35172693164082],[6.886798461106822,44.362973226710814],[6.892794337492869,44.420233087806686],[6.94839512147737,44.42983427413465]]]}},{"type":"Feature","bbox":[7.883432068267425,44.51944280026014,8.51338269394039,45.131873191417235],"properties":{"prov_name":"Asti","prov_istat_code_num":5,"prov_acr":"AT","reg_name":"Piemonte","reg_istat_code":"01","reg_istat_code_num":1,"prov_istat_code":"005"},"geometry":{"type":"Polygon","coordinates":[[[7.980277387338743,45.12383129766499],[8.011101402113118,45.10244432751602],[8.075175445852516,45.097391146717875],[8.096371152499541,45.13174471380938],[8.128972903526229,45.123003137841465],[8.10933006042234,45.10087625901651],[8.118432340063084,45.07174078564165],[8.158959567352,45.02748764312494],[8.187937626522118,45.04367557800665],[8.216258797407123,45.01057575063592],[8.240061954767302,45.06275353125954],[8.302525765513138,45.07710032440487],[8.325473417246625,45.04055147552762],[8.3584576245407,45.02595606692942],[8.351605571511591,44.997903649943886],[8.387355600875418,44.968997927865736],[8.380535993976874,44.92425299509024],[8.35876029908736,44.912898319999066],[8.390804319112604,44.87522722629563],[8.376229812129017,44.84674002072012],[8.423530621715964,44.84950025364262],[8.420589332414968,44.81969728361129],[8.513382693940391,44.78717089775415],[8.489631456478499,44.77303534349437],[8.487917147565522,44.74652678406855],[8.464021609130137,44.754814550329584],[8.422190714435978,44.7330636443929],[8.42055003850064,44.69230638762615],[8.347018531096627,44.692886388642435],[8.35485553443281,44.63918222946565],[8.313976757057512,44.6019169091861],[8.369192821881963,44.57490814609253],[8.285211588650743,44.55801979756643],[8.26157468675152,44.51944279539543],[8.232299729553977,44.5616870032815],[8.245607601845396,44.569742576659415],[8.234344867349268,44.59862903316889],[8.19447101876008,44.62857149023808],[8.25947533340085,44.696628157357004],[8.256829754097767,44.73224740411158],[8.229197822551154,44.723115378207005],[8.206620500257737,44.750683234066884],[8.18157138155346,44.751199730050956],[8.152229929979258,44.713153538842306],[8.133195938685251,44.74667466000346],[8.09508500640293,44.758505041078],[8.137137281917537,44.78213275263947],[8.13057368187327,44.81013146286082],[8.096192876265109,44.82191165639667],[8.045352663967819,44.7993193650946],[7.994720960010042,44.81820528520712],[7.9646835413163934,44.856605630842346],[7.943354707464956,44.846338686656665],[7.919005251948406,44.88260321040337],[7.885909499760542,44.88462526694385],[7.885019378274823,44.89642760093941],[7.926225199040593,44.90219671151529],[7.920077836067838,44.91544367722145],[7.892736908783206,44.914911783036615],[7.883432068267424,44.93621884946031],[7.930966984756179,44.988160211601986],[7.9209944749871815,45.023155614877076],[7.958021433554231,45.04203419744849],[7.940708944965926,45.05716894182326],[7.932334992120554,45.04085174806304],[7.89301437474977,45.05986717720816],[7.895945482999799,45.09497532852601],[7.91894491440636,45.07461742932568],[7.942190176202891,45.08625832595927],[7.9285073280974885,45.10472829148594],[7.980277387338743,45.12383129766499]]]}},{"type":"Feature","bbox":[8.10933006042234,44.4649356993828,9.214240428380995,45.20461097135695],"properties":{"prov_name":"Alessandria","prov_istat_code_num":6,"prov_acr":"AL","reg_name":"Piemonte","reg_istat_code":"01","reg_istat_code_num":1,"prov_istat_code":"006"},"geometry":{"type":"Polygon","coordinates":[[[8.408748511874728,44.70686568330121],[8.432842220412272,44.71041775856406],[8.421426678804524,44.73195250845571],[8.458963700992106,44.75256713758521],[8.487917147565522,44.74652678406855],[8.489631456478499,44.77303534349437],[8.513382693940391,44.78717089775415],[8.420589332414968,44.81969728361129],[8.423530621715964,44.84950025364262],[8.376229812129017,44.84674002072012],[8.390804319112604,44.87522722629563],[8.35876029908736,44.912898319999066],[8.380535993976874,44.92425299509024],[8.387355600875418,44.968997927865736],[8.351605571511591,44.997903649943886],[8.3584576245407,45.02595606692942],[8.325473417246625,45.04055147552762],[8.302525765513138,45.07710032440487],[8.240061954767302,45.06275353125954],[8.217894471336857,45.01114057098109],[8.187937626522118,45.04367557800665],[8.158959567352,45.02748764312494],[8.10933006042234,45.10087625901651],[8.151850973695424,45.16854131280073],[8.174274619271328,45.17105775494122],[8.176454983638825,45.15980079776005],[8.19895260975651,45.178283576974835],[8.21541905110979,45.16399984164498],[8.266331235873542,45.18068965483333],[8.328537203121678,45.16917673615487],[8.373382136606693,45.20066704290434],[8.471528529502875,45.20461096675264],[8.610978613935336,45.12363010591713],[8.645987642009215,45.0753328307849],[8.634737779035321,45.04096241797885],[8.659067925386122,45.01797500181454],[8.710058855599373,45.03829115021301],[8.771748251390589,45.006780692584734],[8.796212547714765,45.035812850495006],[8.887399006047021,45.05979536459953],[8.910570827297466,44.995478403897295],[8.92560364566605,44.98215726789145],[8.960623873564188,44.98728493017082],[8.999687735608886,44.90931989821218],[9.055900393378613,44.888844634688006],[9.070066659213149,44.864684313822714],[9.049003773887875,44.84985985907856],[9.072639714856694,44.81708855710429],[9.108992328237122,44.805437848372456],[9.160976799610923,44.81473865973479],[9.171725568500907,44.77168354774491],[9.213550435359075,44.75234821484941],[9.204947063444244,44.59853596992378],[9.135192185405257,44.574477098143525],[9.075853438802273,44.62369903449081],[9.043908881050113,44.61442523593959],[9.01469073619008,44.66607066295126],[8.931140753894843,44.676133175020105],[8.882620678446731,44.63874749365375],[8.909367678556746,44.613326426463445],[8.917502849410628,44.56105501216087],[8.891337072465756,44.55063065569634],[8.868607360175517,44.566244204785114],[8.826840445761217,44.56179937591753],[8.787089358849453,44.48976985305358],[8.76694087236248,44.491950068933924],[8.767564336338808,44.52496400569528],[8.749807723515426,44.52566470187482],[8.72099803538532,44.579865411716824],[8.623861375264601,44.58638071165961],[8.597816090775186,44.55655960183366],[8.612367117022192,44.543295118443595],[8.573756539666286,44.52332483363633],[8.576161594499707,44.50922667680751],[8.478073505968275,44.510648088374836],[8.47065675441548,44.522479406745454],[8.449498672110684,44.49738809012674],[8.418587256293682,44.51327760275474],[8.39243166209117,44.47704985081698],[8.358490861829068,44.46493569449687],[8.34917711337932,44.48555315074634],[8.26157468675152,44.51944279539543],[8.285211588650743,44.55801979756643],[8.369109003159462,44.57479966011778],[8.314026771937634,44.603020004427684],[8.35485553443281,44.63918222946565],[8.347018531096627,44.692886388642435],[8.406646676033539,44.68817493839855],[8.42055003850064,44.69230638762615],[8.408748511874728,44.70686568330121]]]}},{"type":"Feature","bbox":[7.88214782301027,45.37608875189325,8.327908456492375,45.75766155567187],"properties":{"prov_name":"Biella","prov_istat_code_num":96,"prov_acr":"BI","reg_name":"Piemonte","reg_istat_code":"01","reg_istat_code_num":1,"prov_istat_code":"096"},"geometry":{"type":"Polygon","coordinates":[[[8.327908456492377,45.64694438966461],[8.261328110736995,45.63327950681554],[8.262123495391247,45.61953578932151],[8.312672721325015,45.63160628608796],[8.255155968062736,45.60868050006065],[8.296452050688945,45.553604445174834],[8.277400281690735,45.5321891049427],[8.291921292250512,45.517731696944985],[8.267571105474476,45.516914744507794],[8.21890555294204,45.47574989068889],[8.217988452793797,45.45383034173809],[8.16653969902543,45.43504559765036],[8.168650787639534,45.411126801679636],[8.122829670794346,45.37608874735237],[8.070102141685306,45.38659466731261],[8.027022937796687,45.40310020803385],[8.038400889341736,45.44142862124379],[7.968730291423044,45.4746201307171],[7.919559465502171,45.508828831412934],[7.923421790794004,45.521489314577394],[7.882147823010269,45.5341443508084],[7.902170589690846,45.55894286267113],[7.896714271327294,45.61135320633162],[7.939504004237186,45.64369738709016],[7.909014057542201,45.696902208455434],[7.936624515996284,45.72434258890682],[7.999259468645529,45.71917727053677],[8.021374983029697,45.73768088058117],[8.059249340255503,45.74056874421051],[8.076927961103804,45.718746669820796],[8.083586060288429,45.73856137819559],[8.128533485383391,45.757661551269564],[8.181213523441677,45.75209279380591],[8.184033595011849,45.72901714018444],[8.327908456492377,45.64694438966461]]]}},{"type":"Feature","bbox":[7.868401330062491,45.76691653599273,8.729062333620258,46.464102424246335],"properties":{"prov_name":"Verbano-Cusio-Ossola","prov_istat_code_num":103,"prov_acr":"VB","reg_name":"Piemonte","reg_istat_code":"01","reg_istat_code_num":1,"prov_istat_code":"103"},"geometry":{"type":"Polygon","coordinates":[[[8.034587525257429,46.043341922492374],[8.033286525022497,46.09937524083418],[8.108052276867834,46.11159336475885],[8.11497135581224,46.13031341150507],[8.150258414326366,46.14130031397453],[8.165489457537781,46.178672784076845],[8.139002741167104,46.22607736375655],[8.080427855582359,46.26076596255615],[8.137708932817825,46.301612823174665],[8.203162576115096,46.30426569706215],[8.223702324521657,46.333638382524306],[8.26169736622249,46.34518475291501],[8.26339764334027,46.36366320848139],[8.312347502442547,46.37683767976376],[8.316902520281257,46.39724028339118],[8.289692447824232,46.408585095179966],[8.300311653964764,46.419351146481425],[8.364499418299042,46.45114352561855],[8.447741261712958,46.4630322420465],[8.465821374578743,46.443490034418005],[8.468552434210414,46.36487274143376],[8.464441486676584,46.332985459351015],[8.427662002847088,46.29840102475385],[8.45624634957658,46.263513122880916],[8.44307670984231,46.25021987818624],[8.532580816421554,46.21805913941388],[8.57370754718129,46.16438196252677],[8.602709915596117,46.15525241218709],[8.611712590471022,46.12182108817744],[8.647690407030456,46.12316616287942],[8.714815174881682,46.09804278653571],[8.726429854200315,46.01796721162449],[8.570638301815313,45.900033525159714],[8.593800835929617,45.828245577999695],[8.561828819768746,45.8375636619552],[8.560259700175928,45.85183793453709],[8.499961373851558,45.83402445724485],[8.457448834735178,45.87664221232915],[8.42078687292211,45.829807301162866],[8.399266210044376,45.854267663870864],[8.377419119383095,45.838456037397506],[8.374779257431598,45.78419281148548],[8.318212246201988,45.76691653159367],[8.335398766013174,45.84618258610361],[8.293677597825456,45.870463209123706],[8.302234201683499,45.88827374658607],[8.214521990075067,45.923989794284566],[8.198738014537627,45.94992738177438],[8.086011938556705,45.922408615638005],[8.044340770644371,45.93631298062962],[7.962274125345521,45.90076780287897],[7.8769648771609155,45.92642829507558],[7.878064236445253,45.97340200336181],[7.908819617839211,45.99731676366588],[7.9881704743221285,45.99629634385024],[8.034587525257429,46.043341922492374]]]}},{"type":"Feature","bbox":[6.801326682921888,45.46695875661557,7.939504004237184,45.987575678850924],"properties":{"prov_name":"Valle d'Aosta/Vallée d'Aoste","prov_istat_code_num":7,"prov_acr":"AO","reg_name":"Valle d'Aosta/Vallée d'Aoste","reg_istat_code":"02","reg_istat_code_num":2,"prov_istat_code":"007"},"geometry":{"type":"Polygon","coordinates":[[[7.73455490765377,45.923651520950564],[7.753688869228899,45.939612622366774],[7.80008678121237,45.91712213738789],[7.821402800814135,45.926857482703085],[7.864048284549529,45.916439360324276],[7.862638952384991,45.79216361711206],[7.8854803053991915,45.75970727922118],[7.929003239798807,45.74244267184797],[7.936624515996284,45.72434258890682],[7.90479465495253,45.684728750950896],[7.939504004237186,45.64369738709016],[7.8974611906754015,45.61252492867324],[7.900143154415812,45.591425887750376],[7.8488713225408375,45.602262234740124],[7.732703534982386,45.55033519845902],[7.676792735028635,45.552093720485594],[7.634040622663322,45.57078631863816],[7.609065934816606,45.56287677966814],[7.566472482468351,45.59162234442639],[7.531770891144576,45.57679079566835],[7.489317404046953,45.583108066143254],[7.377239199518127,45.51689797129239],[7.359301557404464,45.52586778938179],[7.269497278219064,45.51467703977741],[7.222660368741054,45.47047611198943],[7.160329923962459,45.4865881680998],[7.143208885363007,45.47802996811296],[7.137527154856714,45.516264339629636],[7.104329571840418,45.46695875210799],[7.047889034741583,45.47247963263101],[7.0531904055754495,45.49499208019477],[6.9996877129608155,45.50457167763176],[6.995032157698921,45.57614779587576],[6.977857290746677,45.58894145914261],[7.0008022252351365,45.64025512635903],[6.968566877963031,45.65451080571532],[6.915208801142719,45.652523029755194],[6.902801410039516,45.68026175540956],[6.854058095443439,45.6869619537365],[6.80918691488837,45.72475974661063],[6.8186450909531855,45.836208644717125],[6.940650336725504,45.84706933720983],[6.99767690884426,45.87261007376158],[7.0329205392246745,45.92142967860337],[7.061813125589483,45.91240994357501],[7.101645025802486,45.85903920666337],[7.156481931953498,45.879342716079435],[7.190261312552622,45.858596413340926],[7.21641273288181,45.88875472616372],[7.25970734262587,45.89036756013289],[7.292977979833159,45.9213634199335],[7.385859106387906,45.89728697517754],[7.474167887122021,45.9355916375761],[7.478126222470632,45.95262831908163],[7.541010351893064,45.95636477197544],[7.546248925760906,45.98450385000546],[7.5714365978586216,45.98757567453042],[7.588571924715553,45.970750853544004],[7.663708536922279,45.97555145985754],[7.73455490765377,45.923651520950564]]]}},{"type":"Feature","bbox":[8.552274921834178,45.55831426584733,9.06443251332127,46.12214597122103],"properties":{"prov_name":"Varese","prov_istat_code_num":12,"prov_acr":"VA","reg_name":"Lombardia","reg_istat_code":"03","reg_istat_code_num":3,"prov_istat_code":"012"},"geometry":{"type":"Polygon","coordinates":[[[8.552274921834176,45.78810443503114],[8.595200847790375,45.833614019226594],[8.570638301815313,45.900033525159714],[8.726429854200315,46.01796721162449],[8.705564916336034,46.08512888192662],[8.742687498164713,46.12214596694778],[8.760165028237497,46.10169973578257],[8.80614872026314,46.100913946600315],[8.852050539206358,46.075521191387494],[8.785902262352208,45.98901770113031],[8.831275503648497,45.987983166104456],[8.894274628167889,45.95846574702434],[8.893060909818571,45.93133752577802],[8.945457955580835,45.86772794791487],[8.896956039984662,45.812921762146686],[8.906079160149163,45.768448608561286],[8.942671088026136,45.74497660263995],[8.951474393945846,45.71469781086845],[8.896309939465244,45.68019716028081],[8.928843379475143,45.65353466752032],[8.980390603797165,45.67968449297977],[8.981202577807979,45.64546352827163],[9.055738863434273,45.64650006214412],[9.064432513321268,45.58200864379193],[9.0256661517042,45.588468592815516],[9.002092767192071,45.574168961181364],[8.974395201956227,45.58654690898071],[8.978207673269518,45.614644041871856],[8.939870129889476,45.642649777570945],[8.936688606854238,45.62352144737733],[8.867824886555997,45.59201536917133],[8.863002139872094,45.574554936159515],[8.83700218036707,45.568463141871064],[8.806391719711705,45.601672540346414],[8.786150898455634,45.602420758322324],[8.751345987270824,45.56549147490066],[8.706878626595895,45.55831426137305],[8.703148019933273,45.6000570058601],[8.658938966654565,45.63774629485763],[8.688184857255424,45.63699278685214],[8.66983446648258,45.66142350077528],[8.681201077218114,45.67640162174312],[8.640901809435388,45.67653408319584],[8.651790321240256,45.71599113222941],[8.593750066231088,45.73041148753417],[8.552274921834176,45.78810443503114]],[[8.697524573651359,45.84474035504842],[8.658641576057832,45.82081084845689],[8.691159103240867,45.81278486512256],[8.716914388364646,45.83432691410085],[8.697524573651359,45.84474035504842]]]}},{"type":"Feature","bbox":[8.894670941672384,45.64253878289119,9.440807491870727,46.23956322677848],"properties":{"prov_name":"Como","prov_istat_code_num":13,"prov_acr":"CO","reg_name":"Lombardia","reg_istat_code":"03","reg_istat_code_num":3,"prov_istat_code":"013"},"geometry":{"type":"Polygon","coordinates":[[[8.951168591251053,45.726488615699125],[8.906079160149163,45.768448608561286],[8.907739183704345,45.829267007465376],[8.949537469933594,45.84347795457037],[9.030634394731111,45.820785623861944],[9.054006893561287,45.87289896935131],[9.088757575437452,45.90071567953612],[9.01939519407689,45.92857779096101],[9.013534886516732,45.96066944384971],[8.957879040959167,45.964735131617786],[8.966849045470859,45.98403027424319],[8.988733525968142,45.97275416856115],[9.02828708865455,45.9936618998418],[9.008971491909318,46.0369832613321],[9.077872439155033,46.06531672598913],[9.089842456701005,46.08848784180026],[9.07163493324736,46.11951509530276],[9.182627291562126,46.170520950897874],[9.23484879943432,46.233839336873444],[9.309715048426527,46.23731477501424],[9.37574776317645,46.21209722908299],[9.438510891894854,46.215878688813056],[9.414100805231149,46.13686862587968],[9.41090950905261,46.14992123917198],[9.36185433958754,46.1574130876883],[9.292324406924807,46.115779711226054],[9.289604835434218,46.05934673778279],[9.26094883690747,46.01445063800544],[9.284579093431567,45.96705266884608],[9.257526411971682,45.95005217679514],[9.27607893301534,45.94475265444599],[9.28645823183293,45.89588188004102],[9.312382138449932,45.90536343219667],[9.332618749253996,45.865731271470324],[9.24990973564522,45.7826779233699],[9.256685321116146,45.75099862437599],[9.19531388912852,45.69834333426969],[9.194432445820699,45.66768620689025],[9.103203267487862,45.696894036938815],[9.067046252230012,45.68512107833683],[9.055738863434273,45.64650006214412],[8.981202577807979,45.64546352827163],[8.980390603797165,45.67968449297977],[8.928843379475143,45.65353466752032],[8.894670941672386,45.684597033048306],[8.947907237018068,45.706630824520495],[8.951168591251053,45.726488615699125]]]}},{"type":"Feature","bbox":[9.246549513988501,46.0113964037813,10.630461791644924,46.63518701514531],"properties":{"prov_name":"Sondrio","prov_istat_code_num":14,"prov_acr":"SO","reg_name":"Lombardia","reg_istat_code":"03","reg_istat_code_num":3,"prov_istat_code":"014"},"geometry":{"type":"Polygon","coordinates":[[[9.643458503631619,46.05997206511556],[9.587315563491043,46.02398576321188],[9.526899314205929,46.01150889687888],[9.501800244987486,46.04565179357406],[9.509839791331041,46.06252759160518],[9.415001821665303,46.09479887812074],[9.440807491870723,46.21448386966588],[9.37574776317645,46.21209722908299],[9.309715048426527,46.23731477501424],[9.247615390950976,46.2336272429428],[9.251640605921533,46.265487716912396],[9.300050105433167,46.326587674506214],[9.276678018273076,46.3694178401618],[9.280637478609265,46.41235911486601],[9.247466783848747,46.43623516648658],[9.277816924592422,46.46159827124871],[9.282373224010547,46.496662769590785],[9.364683797619364,46.507728833794694],[9.410281964216102,46.46654553049172],[9.459859689603475,46.506620826891144],[9.461597073165176,46.376250179777124],[9.496042381822415,46.36403732125504],[9.54426077640157,46.30485151161939],[9.61901107574127,46.28727705760586],[9.675695812176013,46.303088339317185],[9.71449774625299,46.293069612293735],[9.737279078735098,46.35065871509459],[9.77747741275725,46.334962341521255],[9.906360621196159,46.3808841128173],[9.925360932004132,46.36600833036954],[9.957923822532198,46.37836682416857],[9.996352302176103,46.35093563467848],[9.980849437201803,46.32359777964044],[9.995486474364876,46.285455871451596],[10.0554562969121,46.26292215747159],[10.047448026923563,46.22874199673471],[10.070837217564158,46.21714029613775],[10.14232807213967,46.229021229229474],[10.176338338937537,46.25790820737495],[10.104315901582128,46.33354167940007],[10.165971677440208,46.40875717990631],[10.130673266121045,46.43186740117193],[10.079592783519214,46.42110696519757],[10.039811092559415,46.44570272289239],[10.044108594545373,46.53937165424354],[10.101094870693581,46.58277721678775],[10.102154325004422,46.61077324437287],[10.130171656553749,46.60559969243757],[10.190628325313035,46.62608552700344],[10.213537226637314,46.61758334037067],[10.240328217912204,46.635074304429125],[10.258217479224397,46.609856064613304],[10.244002741757662,46.578400943705624],[10.283535246529627,46.571223551695766],[10.29574875444625,46.55040044433911],[10.419340040355502,46.551052874129404],[10.476121560102179,46.49552620690462],[10.551960791889433,46.491456655742155],[10.621836982320527,46.44796063933775],[10.63046179164492,46.402550821356655],[10.607379470468398,46.37929735763415],[10.519872569450099,46.35597554628249],[10.511843601518686,46.33472881192409],[10.456966423836482,46.352073126343534],[10.37028614570923,46.29271067439071],[10.320750436041388,46.28171080055323],[10.282137573896257,46.21342653330915],[10.179905061753171,46.17795134198597],[10.159385791321728,46.15954959353141],[10.185026265926853,46.080948762687456],[10.169558376625924,46.05704934226821],[10.102608770718748,46.0507768372166],[10.095926225944218,46.09129712804394],[10.018537761621007,46.086018887941364],[10.011114137221956,46.07261149876881],[9.939249377409688,46.066222526390405],[9.908073391225576,46.04638596879309],[9.836715137936663,46.043960592082485],[9.767562932103942,46.06412043376419],[9.643458503631619,46.05997206511556]]]}},{"type":"Feature","bbox":[8.706096074466394,45.16147199717692,9.550303378297802,45.642649782014686],"properties":{"prov_name":"Milano","prov_istat_code_num":15,"prov_acr":"MI","reg_name":"Lombardia","reg_istat_code":"03","reg_istat_code_num":3,"prov_istat_code":"015"},"geometry":{"type":"Polygon","coordinates":[[[9.531578718364521,45.16535419088494],[9.478273390165286,45.16149847145916],[9.43960475347476,45.185581537627584],[9.466598285573253,45.2000074554716],[9.367123356138071,45.31512877892083],[9.33162794150612,45.31217688489011],[9.309096078560088,45.327893383318774],[9.201727770749846,45.33483954263736],[9.182058540839135,45.310741778542706],[9.200844412364631,45.29105846053555],[9.129576723992667,45.31108693794977],[9.081406612564306,45.30273681525888],[9.081507062485757,45.31577084517706],[9.030087115977377,45.296514256325494],[9.020527017750862,45.32589498826378],[8.991665368573754,45.32275608487066],[8.993265420380379,45.29735074356579],[9.01869742968151,45.28057765461268],[8.98293896555435,45.26499362282745],[8.944611060928867,45.29146466600883],[8.941988077599236,45.316019121418606],[8.866075994465932,45.34312138037877],[8.787486741101102,45.486232352759686],[8.72351327505316,45.50531421981297],[8.706878626595895,45.55831426137305],[8.751345987270824,45.56549147490066],[8.786150898455634,45.602420758322324],[8.806391719711705,45.601672540346414],[8.83700218036707,45.568463141871064],[8.863002139872094,45.574554936159515],[8.867824886555997,45.59201536917133],[8.936688606854238,45.62352144737733],[8.939870129889476,45.642649777570945],[8.978207673269518,45.614644041871856],[8.972677275132567,45.587689634140666],[9.002092767192071,45.574168961181364],[9.0256661517042,45.588468592815516],[9.062986989156169,45.58033942285511],[9.0529244183548,45.623190261041835],[9.107782810205915,45.62271857286911],[9.093355002428977,45.58885187331313],[9.176918551510182,45.59177238293191],[9.312844860527674,45.53678266607132],[9.326373253113982,45.56163246018521],[9.379382568039635,45.55774230924166],[9.481654462846812,45.596808048763286],[9.495852113415868,45.639659024970676],[9.53859762630596,45.58231428178294],[9.526054525313754,45.54589178329174],[9.549621280631468,45.51001071633934],[9.518015343892051,45.50816720766324],[9.483908297107366,45.44868798763292],[9.431312864863823,45.4674935034348],[9.407209151866617,45.39395230643947],[9.385194864853963,45.39932138942117],[9.378200161610808,45.36894801451529],[9.35299231012893,45.367717140290424],[9.356321078112881,45.34354984271373],[9.393254905688083,45.31595542244004],[9.380930332830228,45.303789541772986],[9.469470189168888,45.20099528485695],[9.531578718364521,45.16535419088494]]]}},{"type":"Feature","bbox":[9.445847034936774,45.42278525826184,10.26221002173931,46.091297132328016],"properties":{"prov_name":"Bergamo","prov_istat_code_num":16,"prov_acr":"BG","reg_name":"Lombardia","reg_istat_code":"03","reg_istat_code_num":3,"prov_istat_code":"016"},"geometry":{"type":"Polygon","coordinates":[[[9.590827632146256,45.47606858730861],[9.577589376813263,45.46023615330581],[9.547981687544405,45.461079626587924],[9.545058738193331,45.48738160774558],[9.517805521081533,45.50688299120173],[9.549621280631468,45.51001071633934],[9.526333533651092,45.54421629886697],[9.531174649366546,45.599855851875404],[9.487190493135985,45.664588107266546],[9.451008034748687,45.684421424945604],[9.445847034936778,45.76051579818571],[9.470612841552132,45.76807604181338],[9.450319033303533,45.78593828630898],[9.496418002577823,45.796336819203184],[9.46947586742221,45.856919283093035],[9.524018496548809,45.87034662710281],[9.505257557137913,45.89872410538853],[9.540904801043395,45.944238027414606],[9.503117316334741,45.9671545544197],[9.489184728414347,46.01042551451652],[9.576980607076077,46.02020880870804],[9.643458503631619,46.05997206511556],[9.767562932103942,46.06412043376419],[9.836715137936663,46.043960592082485],[9.908073391225576,46.04638596879309],[9.939249377409688,46.066222526390405],[10.083459397654494,46.09080398249513],[10.103219957568625,46.08859889875272],[10.102608770718748,46.0507768372166],[10.132407316839373,46.06169076218743],[10.228087624415418,46.0482191317118],[10.261275831967355,46.01710373742452],[10.199626085657975,46.0050320950809],[10.177911624647823,45.97262268307352],[10.125153186219755,45.95845672294178],[10.094928292592048,45.92560178362875],[10.109042525811269,45.8857015381976],[10.149800164865107,45.86309590506885],[10.057373215726962,45.77616819682556],[10.06316396193074,45.68283074821426],[9.942283011121095,45.665279535711505],[9.891605504856777,45.60443393031544],[9.850551383612554,45.60315382918662],[9.836411970011367,45.555976195101834],[9.890213169750012,45.468421230019004],[9.889613952612992,45.42733124540823],[9.823070822636812,45.45648521983262],[9.807881473098774,45.42278525373805],[9.769290169094225,45.43017163860451],[9.762653611444128,45.45566245280816],[9.713921587018266,45.48272879859882],[9.661815773344337,45.437217783001586],[9.590827632146256,45.47606858730861]]]}},{"type":"Feature","bbox":[9.83641197001137,45.204717325070554,10.840150465662777,46.354790184963825],"properties":{"prov_name":"Brescia","prov_istat_code_num":17,"prov_acr":"BS","reg_name":"Lombardia","reg_istat_code":"03","reg_istat_code_num":3,"prov_istat_code":"017"},"geometry":{"type":"Polygon","coordinates":[[[10.428381130905498,45.320701757597135],[10.425091745738161,45.2965567050217],[10.391630750208396,45.273817715572974],[10.397258285172652,45.25013814709285],[10.361962626741096,45.246101240994356],[10.361358120087129,45.21537588473104],[10.332914492267944,45.205350683923065],[10.255616207902063,45.25306165028709],[10.22078319552275,45.24176502252842],[10.219821810605309,45.224653825451576],[10.10130247637,45.247326901872476],[10.08328061971399,45.267914599500486],[10.005496436028835,45.28597171043746],[9.894765594387353,45.34124323363858],[9.890422117837245,45.467879531875724],[9.836411970011367,45.555976195101834],[9.850551383612554,45.60315382918662],[9.891605504856777,45.60443393031544],[9.942283011121095,45.665279535711505],[10.06316396193074,45.68283074821426],[10.057373215726962,45.77616819682556],[10.149800164865107,45.86309590506885],[10.109042525811269,45.8857015381976],[10.094928292592048,45.92560178362875],[10.125153186219755,45.95845672294178],[10.177911624647823,45.97262268307352],[10.199626085657975,46.0050320950809],[10.261275831967355,46.01710373742452],[10.228087624415418,46.0482191317118],[10.170295081743191,46.05463985741988],[10.185026265926853,46.080948762687456],[10.159385791321728,46.15954959353141],[10.282137573896257,46.21342653330915],[10.327512958214465,46.28706843205762],[10.37028614570923,46.29271067439071],[10.466189188117477,46.354790180771296],[10.498060585644183,46.33482926532715],[10.52004049131183,46.34327801598725],[10.565620658695341,46.326343358635796],[10.579572506115131,46.29882843609753],[10.559721396663479,46.28305149885834],[10.585694798988337,46.24793816022635],[10.541399639511909,46.188619468267056],[10.565394906415648,46.16683863984275],[10.549498794956767,46.117394214869236],[10.480947249943894,46.05629472313982],[10.484705227565971,46.02461648534633],[10.452979620749097,45.98994042438911],[10.453407903185578,45.97655253696842],[10.488494978722512,45.96934582568037],[10.484706155456582,45.94511474359931],[10.508568119923448,45.92356616664726],[10.490115840535159,45.887077452432514],[10.502487137156784,45.83016176352921],[10.543266710425023,45.818364029797735],[10.532753208860093,45.788060208667986],[10.561071675110307,45.783913541910856],[10.600981793279717,45.803003301266415],[10.641409389169903,45.801885199903154],[10.654640146273259,45.8326276109595],[10.699505508055802,45.841664383524666],[10.840150465662775,45.83275599335157],[10.631043056919495,45.60950865746731],[10.647737046112768,45.448536612376984],[10.623645962452683,45.44361598802001],[10.649454958526679,45.440788777047715],[10.642853239153967,45.389756826421205],[10.579991421443495,45.38114756697956],[10.511439012096304,45.41226575108519],[10.451185260770217,45.418595431921375],[10.467022916796411,45.4065981180764],[10.450308351956021,45.38312027634447],[10.471318070743099,45.33230005569863],[10.428381130905498,45.320701757597135]]]}},{"type":"Feature","bbox":[8.498337449907517,44.67994448804671,9.551365149999645,45.39383804139007],"properties":{"prov_name":"Pavia","prov_istat_code_num":18,"prov_acr":"PV","reg_name":"Lombardia","reg_istat_code":"03","reg_istat_code_num":3,"prov_istat_code":"018"},"geometry":{"type":"Polygon","coordinates":[[[8.71612124420766,45.3028811175899],[8.724767739554945,45.33570847873725],[8.762537629465939,45.34861936563725],[8.71907630030604,45.378079459841615],[8.76088603715716,45.37648390707933],[8.76543026981057,45.38893774138547],[8.801541731870653,45.37918114503858],[8.842896248692098,45.393838036855655],[8.866075994465932,45.34312138037877],[8.941988077599236,45.316019121418606],[8.944611060928867,45.29146466600883],[8.98293896555435,45.26499362282745],[9.01869742968151,45.28057765461268],[8.993265420380379,45.29735074356579],[8.991665368573754,45.32275608487066],[9.020527017750862,45.32589498826378],[9.030087115977377,45.296514256325494],[9.081507062485757,45.31577084517706],[9.081406612564306,45.30273681525888],[9.129576723992667,45.31108693794977],[9.200844412364631,45.29105846053555],[9.182058540839135,45.310741778542706],[9.201727770749846,45.33483954263736],[9.309096078560088,45.327893383318774],[9.357603715220458,45.29258352664368],[9.320967575209359,45.29464566134224],[9.341450147690468,45.27130727933614],[9.310391407381072,45.24895661802516],[9.370822019204672,45.24510379485288],[9.4296126051732,45.18446157213731],[9.456829692865604,45.18325776049442],[9.478273390165286,45.16149847145916],[9.531578718364521,45.16535419088494],[9.543151752763285,45.15432227707673],[9.54874820228704,45.08779571004309],[9.528106433181096,45.07869325210454],[9.497799524823854,45.10389916770537],[9.410777734733125,45.082754579570334],[9.370819944710396,45.04815366782845],[9.375605534196941,45.01991794074667],[9.321822117464704,44.94410018778491],[9.285027562694523,44.93176625227332],[9.27740952539125,44.89560889289786],[9.341675182676607,44.86981198527784],[9.363098237992226,44.82240383453025],[9.286974942700697,44.772496364237654],[9.286512745462446,44.758679098631106],[9.332580793519327,44.735040348693005],[9.30848064742613,44.70563445728094],[9.324637473044445,44.69001562724433],[9.259475772762514,44.679946579637765],[9.235083648179383,44.7163598246305],[9.237087756748828,44.685117592746465],[9.200319866508892,44.68640480129943],[9.213550435359075,44.75234821484941],[9.171725568500907,44.77168354774491],[9.160976799610923,44.81473865973479],[9.108992328237122,44.805437848372456],[9.072639714856694,44.81708855710429],[9.049003773887875,44.84985985907856],[9.070066659213149,44.864684313822714],[9.055900393378613,44.888844634688006],[8.999687735608886,44.90931989821218],[8.960623873564188,44.98728493017082],[8.92560364566605,44.98215726789145],[8.910570827297466,44.995478403897295],[8.887175282021753,45.05991242147622],[8.796212547714765,45.035812850495006],[8.771748251390589,45.006780692584734],[8.710643239438717,45.03822062189001],[8.691997435760044,45.023314374049455],[8.651879834689225,45.02337241089586],[8.634737779035321,45.04096241797885],[8.645987642009215,45.0753328307849],[8.610978613935336,45.12363010591713],[8.542934603244777,45.17284198076765],[8.581186451721361,45.20223033626157],[8.524514530183682,45.19833425188276],[8.548048582255701,45.204124763485936],[8.523244916483161,45.22160388671498],[8.54365108711245,45.23400130521196],[8.529097375966732,45.23951414432257],[8.556180413198827,45.24139590364638],[8.52249488728397,45.24923983371279],[8.543383234986702,45.25327914803104],[8.535105949204628,45.27780169334966],[8.514077172805964,45.27432062329915],[8.498337449907513,45.292226423209435],[8.537899131124096,45.31724737050997],[8.526649725814849,45.34315966625771],[8.553757034433032,45.36152343114867],[8.578812417341547,45.34723450146499],[8.628834613232463,45.349856369656685],[8.666586878749547,45.29220662699266],[8.71612124420766,45.3028811175899]]]}},{"type":"Feature","bbox":[9.454408230805916,44.937178970937055,10.5968546980851,45.504477922567276],"properties":{"prov_name":"Cremona","prov_istat_code_num":19,"prov_acr":"CR","reg_name":"Lombardia","reg_istat_code":"03","reg_istat_code_num":3,"prov_istat_code":"019"},"geometry":{"type":"Polygon","coordinates":[[[9.550775453360938,45.46031910132044],[9.608640490741173,45.4754533662951],[9.661815773344337,45.437217783001586],[9.71979008291712,45.48213728457616],[9.762653611444128,45.45566245280816],[9.769290169094225,45.43017163860451],[9.807881473098774,45.42278525373805],[9.82412005854838,45.44617357730504],[9.810851231643905,45.452655689606104],[9.846512981514232,45.45211035286527],[9.889613952612992,45.42733124540823],[9.894765594387353,45.34124323363858],[9.922186644794659,45.33836971697636],[9.993997129010836,45.290492069853244],[10.054564996430829,45.27984023909026],[10.102339700263993,45.24692983252013],[10.219821810605309,45.224653825451576],[10.22078319552275,45.24176502252842],[10.26634722080124,45.25079180548642],[10.312914563002966,45.21992183524673],[10.310962982896289,45.18764667733917],[10.379189230647501,45.13846835424185],[10.417949198282608,45.13001814790872],[10.42131072385626,45.14121534484838],[10.479898428675817,45.14403975312797],[10.492467494334294,45.132417055459435],[10.459095401695071,45.11985899014991],[10.46667189321831,45.09549333477552],[10.417310788275989,45.09191291422345],[10.413176072860546,45.04224747266419],[10.493826079818813,45.056307795618416],[10.492032994802974,45.08301055971321],[10.533117142745313,45.07452706691899],[10.539555585099944,45.05514401833687],[10.51119686595039,45.01830242525157],[10.464412963729634,45.014709572646],[10.455698886801756,44.98235264191829],[10.512107401121732,44.98361737802496],[10.555225665300084,45.00687821211743],[10.596854698085103,45.003960301519726],[10.50780480141084,44.972438502617244],[10.495501698294584,44.947665014565416],[10.46400283143191,44.937178966232395],[10.434004443330021,44.944516173550504],[10.407996488208031,44.98383527048703],[10.3552845779883,44.96615901319707],[10.21106755805249,45.0340318227064],[10.187295914886903,45.02821575338494],[10.157721357914676,45.04407903892538],[10.106190811475322,45.02213035392455],[10.082307532363119,45.04660557342704],[10.050223568512001,45.041279035181425],[10.021649562604045,45.07588899114373],[10.028531941508184,45.09622513145378],[9.991107442436348,45.130960496474714],[9.915812999182721,45.10007427343275],[9.919720117793117,45.137588854095675],[9.891076140983522,45.130901184925314],[9.870903722157507,45.159066886022686],[9.832636204549406,45.14969356576368],[9.826499851107659,45.16343859816939],[9.785637367746476,45.16487922206198],[9.773881231190622,45.18845362534874],[9.750645765737193,45.18234363447778],[9.776941323242093,45.213142090853886],[9.716841475251433,45.23014293424198],[9.71896337582162,45.26303899955635],[9.675239915590424,45.25694184909227],[9.616477509937116,45.29383794907475],[9.588525018594519,45.35599571609945],[9.5680524251628,45.36694593188573],[9.5513862195877,45.339141548797755],[9.46194316237753,45.377082727653296],[9.494145904423267,45.48165873586998],[9.51918692896045,45.50447791807336],[9.550775453360938,45.46031910132044]]]}},{"type":"Feature","bbox":[10.309278301309508,44.90831390243301,11.427672760612367,45.42771638609479],"properties":{"prov_name":"Mantova","prov_istat_code_num":20,"prov_acr":"MN","reg_name":"Lombardia","reg_istat_code":"03","reg_istat_code_num":3,"prov_istat_code":"020"},"geometry":{"type":"Polygon","coordinates":[[[10.492467494334294,45.132417055459435],[10.459621473401416,45.14746033773151],[10.417949198282608,45.13001814790872],[10.379189230647501,45.13846835424185],[10.309278301309506,45.19189675876006],[10.361358120087129,45.21537588473104],[10.361962626741096,45.246101240994356],[10.397258285172652,45.25013814709285],[10.391630750208396,45.273817715572974],[10.425091745738161,45.2965567050217],[10.428381130905498,45.320701757597135],[10.471318070743099,45.33230005569863],[10.450308351956021,45.38312027634447],[10.467022916796411,45.4065981180764],[10.451185260770217,45.418595431921375],[10.511439012096304,45.41226575108519],[10.579991421443495,45.38114756697956],[10.638429536691483,45.385652792171854],[10.665232922753924,45.427716381572864],[10.698609527219658,45.42281731524526],[10.71936745914375,45.40596233588813],[10.697738069651116,45.38009222809268],[10.71462619736243,45.36793114457159],[10.6867630015376,45.342174744261854],[10.714970718949056,45.334076399068415],[10.706382653091984,45.316301302369226],[10.730482235632913,45.315857598347044],[10.728347992258387,45.2913005000321],[10.78281523396286,45.315421516458436],[10.84660806225848,45.256568802085994],[10.936790164805242,45.23293836729113],[10.934982178611678,45.21420230953548],[10.997118806445444,45.18693768011004],[10.994517318948215,45.150355581474436],[11.049459115810722,45.15068769801389],[11.028696816153287,45.12304537408107],[11.072942481278844,45.098748582693894],[11.097572655299532,45.09524707941589],[11.102143797937469,45.11313791267711],[11.127404576990582,45.103227157969776],[11.146437306916411,45.126068241880894],[11.203434138946099,45.111667284910084],[11.177508738328164,45.09734496137458],[11.17527971678991,45.06006622964793],[11.240440854247375,45.04295374197836],[11.265902508319542,45.0562238837539],[11.274036959497298,45.01825904810318],[11.4161395910063,44.966769933887775],[11.426742032083624,44.950083520838795],[11.301583514420194,44.962358968470426],[11.272257162042974,44.93832264842206],[11.246205680020314,44.95143857161268],[11.152435626018162,44.933244539378265],[11.07347468785877,44.962950417377684],[11.059537564708664,44.94888766525326],[10.996755531603704,44.954892345940245],[10.9413734562945,44.92191384426673],[10.890308500835644,44.91243750053132],[10.897990948287429,44.921805465599235],[10.743719814603848,44.94907684931742],[10.727396616704343,44.99202560239709],[10.694740944789768,44.96194010047426],[10.686679995034302,44.98659263323919],[10.62788141470537,44.92420179049769],[10.569838567539145,44.908341305988],[10.519853032428268,44.912726448134265],[10.46682876972033,44.942811350786535],[10.596854698085103,45.003960301519726],[10.555225665300084,45.00687821211743],[10.512107401121732,44.98361737802496],[10.455698886801756,44.98235264191829],[10.464412963729634,45.014709572646],[10.51119686595039,45.01830242525157],[10.53427411623975,45.04530237371089],[10.533117142745313,45.07452706691899],[10.492032994802974,45.08301055971321],[10.493826079818813,45.056307795618416],[10.411750528534508,45.04623489599876],[10.417310788275989,45.09191291422345],[10.46667189321831,45.09549333477552],[10.459095401695071,45.11985899014991],[10.492467494334294,45.132417055459435]]]}},{"type":"Feature","bbox":[9.243306419629615,45.649703682319675,9.540951561350234,46.15741309194919],"properties":{"prov_name":"Lecco","prov_istat_code_num":97,"prov_acr":"LC","reg_name":"Lombardia","reg_istat_code":"03","reg_istat_code_num":3,"prov_istat_code":"097"},"geometry":{"type":"Polygon","coordinates":[[[9.312382138449932,45.90536343219667],[9.289383144792465,45.893174383075205],[9.26827116509987,45.92554642407995],[9.277867872502728,45.938709062177566],[9.259182289319222,45.959543810573585],[9.284579093431567,45.96705266884608],[9.262180668379596,46.026364144708076],[9.289604835434218,46.05934673778279],[9.292324406924807,46.115779711226054],[9.36185433958754,46.1574130876883],[9.41090950905261,46.14992123917198],[9.415001821665303,46.09479887812074],[9.509839791331041,46.06252759160518],[9.501800244987486,46.04565179357406],[9.527134889110389,46.011831816473816],[9.48609717129437,46.00300446208435],[9.503117316334741,45.9671545544197],[9.540269313571738,45.94920923670983],[9.505042021264055,45.89769900656493],[9.524018496548809,45.87034662710281],[9.46947586742221,45.856919283093035],[9.496418002577823,45.796336819203184],[9.450121747895578,45.78541502367139],[9.470612841552132,45.76807604181338],[9.445847034936778,45.76051579818571],[9.451008034748687,45.684421424945604],[9.47657544798352,45.66926830171495],[9.44684070743216,45.649703677878506],[9.414440897008795,45.676504236700005],[9.372287100782577,45.65509243168588],[9.34362754944717,45.67200475724102],[9.314061055383641,45.660699843057124],[9.28710698436189,45.73021563951052],[9.247121523713295,45.742649069271394],[9.24990973564522,45.7826779233699],[9.332264247252022,45.864616241211024],[9.312382138449932,45.90536343219667]]]}},{"type":"Feature","bbox":[9.310391407381077,45.052590603019226,9.901106547342684,45.46971068681036],"properties":{"prov_name":"Lodi","prov_istat_code_num":98,"prov_acr":"LO","reg_name":"Lombardia","reg_istat_code":"03","reg_istat_code_num":3,"prov_istat_code":"098"},"geometry":{"type":"Polygon","coordinates":[[[9.648890958531576,45.27277061397662],[9.678100417915998,45.25641181868118],[9.71896337582162,45.26303899955635],[9.716841475251433,45.23014293424198],[9.776941323242093,45.213142090853886],[9.750645765737193,45.18234363447778],[9.773881231190622,45.18845362534874],[9.785637367746476,45.16487922206198],[9.826499851107659,45.16343859816939],[9.832636204549406,45.14969356576368],[9.870903722157507,45.159066886022686],[9.893675586399864,45.07828546873739],[9.838357332967174,45.09564621112564],[9.81876648529278,45.05339014009207],[9.813262350118379,45.078103284752146],[9.748570123505736,45.11327425401394],[9.750371881822652,45.07904693567876],[9.713726930607168,45.058397787183665],[9.6322797423952,45.08627007230271],[9.627807344469808,45.132689440753225],[9.601881983534746,45.104140689885725],[9.568583257704038,45.10733928891491],[9.515707776082174,45.187080275697724],[9.470670390081374,45.20131234365569],[9.4300566121983,45.18426187048561],[9.370822019204672,45.24510379485288],[9.310391407381072,45.24895661802516],[9.341450147690468,45.27130727933614],[9.320967575209359,45.29464566134224],[9.357603715220458,45.29258352664368],[9.336190740966124,45.311452443072916],[9.35466170458161,45.320804304152325],[9.377256072213603,45.30234981880383],[9.393213764663948,45.31554151813966],[9.356321078112881,45.34354984271373],[9.35299231012893,45.367717140290424],[9.378200161610808,45.36894801451529],[9.385194864853963,45.39932138942117],[9.404850713168356,45.391080293047956],[9.437648614392243,45.469710682303756],[9.488673093981125,45.439142916758954],[9.46194316237753,45.377082727653296],[9.5513862195877,45.339141548797755],[9.5721303644871,45.365580679340184],[9.648890958531576,45.27277061397662]]]}},{"type":"Feature","bbox":[9.051213776584076,45.53664834673984,9.495852113415872,45.74273250302638],"properties":{"prov_name":"Monza e della Brianza","prov_istat_code_num":108,"prov_acr":"MB","reg_name":"Lombardia","reg_istat_code":"03","reg_istat_code_num":3,"prov_istat_code":"108"},"geometry":{"type":"Polygon","coordinates":[[[9.361393468508343,45.55423623841974],[9.326373253113982,45.56163246018521],[9.325525025040944,45.53999410338488],[9.305073553972576,45.53664834225769],[9.176918551510182,45.59177238293191],[9.095589680721359,45.587933822007756],[9.107782810205915,45.62271857286911],[9.052270096269162,45.623961979771],[9.067046252230012,45.68512107833683],[9.139856162280944,45.69481187261607],[9.179654407162712,45.66348916856654],[9.204160468315369,45.70923893546636],[9.2460035221334,45.74273249861871],[9.274243455449149,45.74223616024267],[9.314061055383641,45.660699843057124],[9.34362754944717,45.67200475724102],[9.372287100782577,45.65509243168588],[9.414440897008795,45.676504236700005],[9.44684070743216,45.649703677878506],[9.487190493135985,45.664588107266546],[9.481654462846812,45.596808048763286],[9.361393468508343,45.55423623841974]]]}},{"type":"Feature","bbox":[10.386105190810296,46.219772403066244,12.477704031274008,47.09178374646217],"properties":{"prov_name":"Bolzano/Bozen","prov_istat_code_num":21,"prov_acr":"BZ","reg_name":"Trentino-Alto Adige/Südtirol","reg_istat_code":"04","reg_istat_code_num":4,"prov_istat_code":"021"},"geometry":{"type":"Polygon","coordinates":[[[11.47689681459508,46.363931397111415],[11.454471643923162,46.334726574676914],[11.359533727051472,46.299604491423075],[11.39762389425282,46.264832203418614],[11.358780819600131,46.2656676209212],[11.333783673208563,46.29772425337489],[11.305616489355065,46.258767084923385],[11.20642918438484,46.21977239882701],[11.174638171751424,46.232667292604525],[11.202378392020231,46.25560462890579],[11.13881063541623,46.28333005481803],[11.203612231428924,46.34209796033128],[11.191564945796683,46.35979415992536],[11.220421332791924,46.46204820200967],[11.187084975607835,46.50872858370938],[11.129678620462219,46.48162935634851],[11.089447396892554,46.50184788152551],[11.08063664726732,46.53117562924134],[11.034600957085246,46.5137787350432],[11.07485361015059,46.442346924194354],[10.975748219946166,46.484025131375176],[10.913044293138531,46.44399842355609],[10.883632574070955,46.45115550854237],[10.86132405586544,46.436131329815225],[10.80038053522728,46.442966144195765],[10.764977293405861,46.48595719291988],[10.63882460333178,46.44607840804679],[10.551960791889433,46.491456655742155],[10.476121560102179,46.49552620690462],[10.45318209425259,46.53204985628957],[10.472572698632717,46.54355535056337],[10.492294059113245,46.615116388383186],[10.445953812902339,46.641103662317384],[10.401607715014297,46.637047890315046],[10.386105190810296,46.680182122744384],[10.417540585434509,46.71429609401632],[10.401067909077717,46.73407708520645],[10.442105023595492,46.75285726453981],[10.42467327116607,46.78878929819525],[10.450966315644592,46.80491405139615],[10.46957843244866,46.85483812265977],[10.55263029219845,46.84978186224896],[10.550718005046082,46.83917072788757],[10.667933552062145,46.87588598789744],[10.763362481747825,46.82327206197256],[10.730494129755012,46.78790709256194],[10.788784393840283,46.79470057533571],[10.814115077222034,46.77541207446981],[10.840704950975482,46.78169191151703],[10.883195554351138,46.76310958080176],[10.923195699946639,46.77491734894379],[11.022135370312519,46.765174807194825],[11.039798522774968,46.80508423121923],[11.083452730605789,46.822219921546264],[11.071423958622393,46.85286074339836],[11.101546106138912,46.88985970615126],[11.095901354811785,46.91223352634891],[11.115012732548061,46.931005374347926],[11.16519482981577,46.94071307056381],[11.16452521123373,46.96556819114011],[11.206869301651977,46.96259967484308],[11.319305893763444,46.992427192857136],[11.358286501771763,46.99036168834062],[11.400908519190615,46.965244760185996],[11.442090680655228,46.976499940660496],[11.479315869910689,47.01090940519206],[11.538076938508823,46.98410808256332],[11.627210453739462,47.012577346967426],[11.664104053923316,46.992627606535066],[11.711231915465204,46.99302355524049],[11.747168164872114,46.96890271880678],[11.781782666582576,46.99205904992741],[11.836210497951647,46.992896200984006],[11.978281084476988,47.049754204828254],[12.020061028533313,47.04676017430571],[12.09366908470513,47.0766476403707],[12.185761111327635,47.09166535818262],[12.225890946894747,47.08259429766469],[12.240192643587916,47.06793919262804],[12.204790459886224,47.02788881172266],[12.14693260744751,47.02424366803175],[12.120988263371183,47.00665357361312],[12.131508216695195,46.96294703425126],[12.168205333581772,46.93788913189473],[12.144133320862387,46.91401100263354],[12.190163939062984,46.90623394486064],[12.21623032279695,46.873869373839355],[12.242186510084293,46.89108215977436],[12.274019671848931,46.88439727811943],[12.306921255409973,46.840943835661534],[12.282430622956191,46.8149916472956],[12.283843125406674,46.782902118802284],[12.357406561812837,46.77466334448093],[12.38369124637367,46.71655769296365],[12.477594353987703,46.67982125973841],[12.379773560307633,46.64290739156566],[12.385163313207316,46.622781704529466],[12.339704826308852,46.631377890368626],[12.283836514981516,46.617926054597206],[12.26121993611789,46.629124879830286],[12.192239785884182,46.594563858804506],[12.194264058122462,46.61933260951144],[12.068269659362675,46.67507128167226],[12.074224775676965,46.6426223932118],[12.046693499834117,46.584724414120586],[11.998418896176524,46.53285571386193],[11.966147470771398,46.544677917439124],[11.945494693106058,46.529416945757326],[11.911883948346723,46.532960250334305],[11.82831240084702,46.50891394260907],[11.811184716862716,46.5327642859907],[11.774640249404348,46.50919472694218],[11.636673288881914,46.500575019748645],[11.65026006941203,46.483066485145194],[11.624761688265467,46.47109294530033],[11.601723527874965,46.38978688522005],[11.563667883080498,46.38085407932931],[11.557246492130927,46.35094541987577],[11.47689681459508,46.363931397111415]]]}},{"type":"Feature","bbox":[10.452131419215545,45.67306257515287,11.962678629355665,46.53276429012237],"properties":{"prov_name":"Trento","prov_istat_code_num":22,"prov_acr":"TN","reg_name":"Trentino-Alto Adige/Südtirol","reg_istat_code":"04","reg_istat_code_num":4,"prov_istat_code":"022"},"geometry":{"type":"Polygon","coordinates":[[[11.122559725088495,45.689093438575476],[11.05640752992138,45.71847007152062],[11.016465929291718,45.70572738044589],[11.011467006118425,45.718945459441166],[10.986335727158105,45.68880685545286],[10.968319505533913,45.68012109284055],[10.972199918761856,45.701817488820275],[10.937459644557661,45.67341569364805],[10.889578631809837,45.71507464473654],[10.843832376572815,45.71859281468937],[10.884976455254083,45.77465488344036],[10.872797363143716,45.78856183638039],[10.887586263061646,45.811648430232275],[10.82538518465312,45.83774488326048],[10.772634352390561,45.84291458688625],[10.756350697267,45.83002636172593],[10.699505508055802,45.841664383524666],[10.654640146273259,45.8326276109595],[10.641409389169903,45.801885199903154],[10.532753208860093,45.788060208667986],[10.543627779013582,45.81764777041204],[10.50282759963151,45.82973396346142],[10.49004320091131,45.88461082545199],[10.508568119923448,45.92356616664726],[10.484706155456582,45.94511474359931],[10.488494978722512,45.96934582568037],[10.452131419215542,45.97968597369479],[10.457574185738592,46.009507653072795],[10.484705227565971,46.02461648534633],[10.477336000419973,46.051321055055794],[10.549498794956767,46.117394214869236],[10.565394906415648,46.16683863984275],[10.541399639511909,46.188619468267056],[10.585730953341058,46.24533910035925],[10.559721396663479,46.28305149885834],[10.579572506115131,46.29882843609753],[10.565620658695341,46.326343358635796],[10.515714815950894,46.34321786476749],[10.519472993635969,46.35573939587809],[10.607379470468398,46.37929735763415],[10.63046179164492,46.402550821356655],[10.621787366597745,46.447939910028076],[10.68464359566336,46.45147086185903],[10.745234654556594,46.48501309880709],[10.764977293405861,46.48595719291988],[10.80062598615907,46.44290828689725],[10.91246578785538,46.44383710874868],[10.975748219946166,46.484025131375176],[11.072821381416201,46.441494175991274],[11.034600957085246,46.5137787350432],[11.08242576629168,46.53137458081706],[11.089447396892554,46.50184788152551],[11.129678620462219,46.48162935634851],[11.187084975607835,46.50872858370938],[11.21025561404601,46.49378521702257],[11.203554599393529,46.34183804135462],[11.13881063541623,46.28333005481803],[11.202378392020231,46.25560462890579],[11.174638171751424,46.232667292604525],[11.20642918438484,46.21977239882701],[11.305616489355065,46.258767084923385],[11.333783673208563,46.29772425337489],[11.358780819600131,46.2656676209212],[11.39762389425282,46.264832203418614],[11.359533727051472,46.299604491423075],[11.454471643923162,46.334726574676914],[11.47689681459508,46.363931397111415],[11.557246492130927,46.35094541987577],[11.563667883080498,46.38085407932931],[11.601723527874965,46.38978688522005],[11.624761688265467,46.47109294530033],[11.65026006941203,46.483066485145194],[11.632807729886936,46.49928842341377],[11.774640249404348,46.50919472694218],[11.81156514364527,46.53264494605116],[11.82831240084702,46.50891394260907],[11.813157540083422,46.47814038820284],[11.877158098954164,46.471783298033664],[11.889108263464898,46.44274164678971],[11.850297729762607,46.434188980833355],[11.835394278529954,46.36622223801565],[11.82017320166327,46.37662105257022],[11.774378553466404,46.358241653955794],[11.831850611592182,46.3251465217394],[11.838022091296345,46.27034806660023],[11.885194688347571,46.27882468444162],[11.891986526191705,46.25262853932058],[11.929099454439866,46.248832884475405],[11.9095694545319,46.224427560931154],[11.939358754295393,46.19882041233394],[11.962599312533705,46.19966060745863],[11.950903220928648,46.170268493650276],[11.928626243220473,46.17580118509985],[11.887569284714175,46.11869537425629],[11.685289243013395,46.09356891234251],[11.706441012288918,46.04599326159589],[11.666686493512902,46.03779005938974],[11.690004516380625,45.988807200282885],[11.673230085830337,45.96435139351288],[11.587592031352592,45.96899707482093],[11.577230068511545,46.00652028199491],[11.510704090596755,46.011998648975755],[11.446781740879837,45.980893447728654],[11.373739917420469,45.98350283250133],[11.380749169633173,45.942673598516585],[11.358295873073077,45.94366346955512],[11.349315339041606,45.90953120604471],[11.313023732113757,45.92982345527069],[11.302888121773684,45.91802215493398],[11.258322548418718,45.920677935357716],[11.239323863122351,45.855981903535444],[11.188821250220089,45.813572541091915],[11.202787783381318,45.78337296449342],[11.173549247308896,45.78667054327877],[11.178430362538931,45.73806641228408],[11.122559725088495,45.689093438575476]]]}},{"type":"Feature","bbox":[10.623645962452686,45.05279873301486,11.4911110725656,45.83275599772702],"properties":{"prov_name":"Verona","prov_istat_code_num":23,"prov_acr":"VR","reg_name":"Veneto","reg_istat_code":"05","reg_istat_code_num":5,"prov_istat_code":"023"},"geometry":{"type":"Polygon","coordinates":[[[11.33150617479573,45.387627299460384],[11.354323631089887,45.35353890867114],[11.450290906582715,45.32522615202859],[11.43266286213861,45.30772633856345],[11.491111072565603,45.28265683033548],[11.480291669146785,45.25851638324709],[11.392359285081978,45.2587639682983],[11.428759465016105,45.15048933524566],[11.410742270551383,45.12218971992395],[11.445809113705554,45.08066814677614],[11.401721384746653,45.05279872835377],[11.360786475277047,45.05731646169312],[11.305673517527042,45.09222661737758],[11.22389040164162,45.08356929330854],[11.203434138946099,45.111667284910084],[11.146437306916411,45.126068241880894],[11.127404576990582,45.103227157969776],[11.102143797937469,45.11313791267711],[11.097572655299532,45.09524707941589],[11.072942481278844,45.098748582693894],[11.028696816153287,45.12304537408107],[11.049459115810722,45.15068769801389],[10.994517318948215,45.150355581474436],[10.997118806445444,45.18693768011004],[10.934982178611678,45.21420230953548],[10.936790164805242,45.23293836729113],[10.84660806225848,45.256568802085994],[10.78281523396286,45.315421516458436],[10.728347992258387,45.2913005000321],[10.730482235632913,45.315857598347044],[10.706382653091984,45.316301302369226],[10.714970718949056,45.334076399068415],[10.68554425149894,45.35368446372003],[10.71462619736243,45.36793114457159],[10.697738069651116,45.38009222809268],[10.715793353770287,45.41663758586954],[10.665232922753924,45.427716381572864],[10.643865089392897,45.417817233696674],[10.649454958526679,45.440788777047715],[10.623645962452683,45.44361598802001],[10.647737046112768,45.448536612376984],[10.62846764890511,45.60205659865871],[10.840150465662775,45.83275599335157],[10.887586263061646,45.811648430232275],[10.872797363143716,45.78856183638039],[10.884976455254083,45.77465488344036],[10.843832376572815,45.71859281468937],[10.889578631809837,45.71507464473654],[10.937459644557661,45.67341569364805],[10.972199918761856,45.701817488820275],[10.968319505533913,45.68012109284055],[10.986335727158105,45.68880685545286],[11.017022185479387,45.7194597411113],[11.016465929291718,45.70572738044589],[11.05640752992138,45.71847007152062],[11.092399049248419,45.695151095779075],[11.138509794435102,45.696848295615894],[11.154788433709637,45.684338110985145],[11.15895640731654,45.639794679430956],[11.182208366270427,45.61834434874029],[11.21431376772083,45.625188096197434],[11.251505011942832,45.54222701790221],[11.279710228790135,45.51019930003643],[11.323799058214268,45.493990399413846],[11.318097242414364,45.432846147773],[11.33591675183395,45.43016058943999],[11.345914920359832,45.39748561391388],[11.33150617479573,45.387627299460384]]]}},{"type":"Feature","bbox":[11.135850113477865,45.25532709803446,11.83396682927832,46.013303872095015],"properties":{"prov_name":"Vicenza","prov_istat_code_num":24,"prov_acr":"VI","reg_name":"Veneto","reg_istat_code":"05","reg_istat_code_num":5,"prov_istat_code":"024"},"geometry":{"type":"Polygon","coordinates":[[[11.580308823458587,45.28729131478294],[11.581534147065655,45.27298723539239],[11.617699638733969,45.25852620714835],[11.526309075936405,45.258668331776285],[11.48702428843556,45.265953657521024],[11.488255090672585,45.28528454872466],[11.43266286213861,45.30772633856345],[11.450290906582715,45.32522615202859],[11.354323631089887,45.35353890867114],[11.330835999556388,45.387172915209675],[11.33932643786749,45.42388663305191],[11.318097242414364,45.432846147773],[11.323799058214268,45.493990399413846],[11.279710228790135,45.51019930003643],[11.251505011942832,45.54222701790221],[11.21431376772083,45.625188096197434],[11.182208366270427,45.61834434874029],[11.15895640731654,45.639794679430956],[11.135876578014585,45.69935233530209],[11.178430362538931,45.73806641228408],[11.173549247308896,45.78667054327877],[11.202787783381318,45.78337296449342],[11.188821250220089,45.813572541091915],[11.239323863122351,45.855981903535444],[11.258322548418718,45.920677935357716],[11.302888121773684,45.91802215493398],[11.313023732113757,45.92982345527069],[11.349315339041606,45.90953120604471],[11.358295873073077,45.94366346955512],[11.380749169633173,45.942673598516585],[11.373739917420469,45.98350283250133],[11.446781740879837,45.980893447728654],[11.510704090596755,46.011998648975755],[11.577230068511545,46.00652028199491],[11.587592031352592,45.96899707482093],[11.62092413194144,45.971555867721335],[11.627608365097284,45.960641359921674],[11.685804477707393,45.96928584922115],[11.684283873872776,45.98407844741672],[11.716064400337968,45.9715537675779],[11.728931572133432,45.93420019704084],[11.78728248457528,45.92428511371498],[11.774243521407223,45.88963473602393],[11.79919808101708,45.8719601995184],[11.742970696951193,45.85527821282937],[11.750464520170834,45.82048075358047],[11.779202902811019,45.791882115731916],[11.803243051441397,45.79993522996082],[11.8170483983853,45.788528822644956],[11.833966829278316,45.747034357235634],[11.814066361169205,45.743350195917834],[11.821677040147387,45.687169424354565],[11.706465975486735,45.680309915365214],[11.679851131039706,45.6407459217985],[11.646551690106687,45.634195897577385],[11.644661221436639,45.59613362402623],[11.674266091604817,45.591874979793594],[11.657738223900425,45.54017134860456],[11.68324990114643,45.55240118207084],[11.721684746079438,45.54383798547987],[11.73016669921529,45.559938801722815],[11.758958220564955,45.52041538855799],[11.72791381720845,45.520549462500796],[11.74544830637479,45.471702366316116],[11.706888763986226,45.47597181004012],[11.683235195549615,45.42941755632135],[11.615883056332862,45.388323666329136],[11.627444551818963,45.35636423992463],[11.580308823458587,45.28729131478294]]]}},{"type":"Feature","bbox":[11.66623587865424,45.88055595073761,12.731981346929519,46.680462190726836],"properties":{"prov_name":"Belluno","prov_istat_code_num":25,"prov_acr":"BL","reg_name":"Veneto","reg_istat_code":"05","reg_istat_code_num":5,"prov_istat_code":"025"},"geometry":{"type":"Polygon","coordinates":[[[11.95053444487002,45.895791082698324],[11.876085751804627,45.88122829214981],[11.846421116690692,45.884293897926476],[11.825306745448664,45.90809432626338],[11.799565611388426,45.880555946379154],[11.774536246062617,45.88904257363948],[11.787868351301853,45.92362275847399],[11.728931572133432,45.93420019704084],[11.716064400337968,45.9715537675779],[11.689705204306481,45.97793805824928],[11.666650287801602,46.017098886866],[11.68193063684087,46.0279448801471],[11.66690200758507,46.0380619585901],[11.706441012288918,46.04599326159589],[11.685289243013395,46.09356891234251],[11.887569284714175,46.11869537425629],[11.928626243220473,46.17580118509985],[11.950903220928648,46.170268493650276],[11.962331732049666,46.18801105264595],[11.9095694545319,46.224427560931154],[11.929099454439866,46.248832884475405],[11.891986526191705,46.25262853932058],[11.885194688347571,46.27882468444162],[11.838022091296345,46.27034806660023],[11.831850611592182,46.3251465217394],[11.774378553466404,46.358241653955794],[11.82017320166327,46.37662105257022],[11.835394278529954,46.36622223801565],[11.850297729762607,46.434188980833355],[11.889108263464898,46.44274164678971],[11.877158098954164,46.471783298033664],[11.813409140310643,46.47793527912793],[11.815453512431443,46.50031750339749],[11.966147470771398,46.544677917439124],[11.998418896176524,46.53285571386193],[12.046693499834117,46.584724414120586],[12.074224775676965,46.6426223932118],[12.068269659362675,46.67507128167226],[12.194264058122462,46.61933260951144],[12.192239785884182,46.594563858804506],[12.26121993611789,46.629124879830286],[12.283836514981516,46.617926054597206],[12.339704826308852,46.631377890368626],[12.385163313207316,46.622781704529466],[12.379773560307633,46.64290739156566],[12.477594353987703,46.67982125973841],[12.521002879865755,46.67649167175108],[12.564575114927717,46.6511057250338],[12.624404630048158,46.66089701368689],[12.714558289100374,46.648308403264025],[12.731981346929514,46.633812912923446],[12.70624211853812,46.62077640556703],[12.708575286744345,46.60202493304259],[12.637038891951722,46.572638935717485],[12.619403062932456,46.54142322496202],[12.66236260245603,46.46796758684501],[12.569953967915163,46.47548561306833],[12.530842132006498,46.464933228040834],[12.498692154524955,46.41219951264498],[12.455047622009392,46.39166830818038],[12.46294262092892,46.369262686935656],[12.417374434686637,46.354854279873045],[12.41145700755108,46.33083200862546],[12.354654621268045,46.319682125303416],[12.320935749464109,46.26890453623651],[12.338327127229629,46.23895116996238],[12.376419789080604,46.22294136830613],[12.40168092486422,46.22899706339647],[12.406271364021265,46.20727447796735],[12.44645398853747,46.20776627468766],[12.447258707070311,46.17957972086947],[12.49581340895522,46.152552708282784],[12.483377466418528,46.10342658748084],[12.437487009762899,46.084833678774494],[12.404445248330985,46.04249673118672],[12.39149436441137,46.07134451796352],[12.320746671355316,46.08193891661915],[12.226167122351244,46.01311285978859],[12.11104242841835,46.00324782830287],[12.062245158653198,45.962749583533885],[12.031055017783293,45.97370770469535],[11.961571111292267,45.954676423515494],[11.95053444487002,45.895791082698324]]]}},{"type":"Feature","bbox":[11.742668623941489,45.53047412487848,12.68503100784058,46.08224163063291],"properties":{"prov_name":"Treviso","prov_istat_code_num":26,"prov_acr":"TV","reg_name":"Veneto","reg_istat_code":"05","reg_istat_code_num":5,"prov_istat_code":"026"},"geometry":{"type":"Polygon","coordinates":[[[11.803243051441397,45.79993522996082],[11.779202902811019,45.791882115731916],[11.764620226971537,45.80322624157816],[11.742668623941492,45.85489843434364],[11.79919808101708,45.8719601995184],[11.825306745448664,45.90809432626338],[11.86920475097549,45.880744360860355],[11.95053444487002,45.895791082698324],[11.961571111292267,45.954676423515494],[12.031055017783293,45.97370770469535],[12.062245158653198,45.962749583533885],[12.11104242841835,46.00324782830287],[12.226167122351244,46.01311285978859],[12.302783247071952,46.07634848985239],[12.330786773625602,46.08220449850754],[12.399507315261683,46.06242946904837],[12.428183916001386,45.995763437714736],[12.425841802918029,45.947352541058066],[12.506000692905149,45.922710754321564],[12.529860586774252,45.863608514252306],[12.558984977651162,45.847064694526544],[12.55407622163231,45.82941576086075],[12.593285381800708,45.81507760828241],[12.605682994729666,45.838247026842176],[12.654003135436245,45.809508228595305],[12.664088222484065,45.76157147390661],[12.64658207172414,45.74741769784574],[12.669497945998424,45.74597866156791],[12.685031007840582,45.71298380915056],[12.602457768408915,45.680061708712],[12.575169185307232,45.69715818368696],[12.533659267338082,45.679013250184646],[12.503950297411476,45.687566943066145],[12.485652578626363,45.63963798002443],[12.437734428144637,45.63967855700763],[12.42425411535327,45.62315262816571],[12.453107849100107,45.571844589527885],[12.440454254587086,45.559620559789735],[12.352364668784766,45.58786927880995],[12.335321893573997,45.561833038411145],[12.279351579840613,45.56757788258313],[12.279743759409971,45.535751654630396],[12.246229052269172,45.53048563928822],[12.20565757164797,45.5412369473772],[12.212318205182369,45.56449791465842],[12.19174914469282,45.583455567957735],[12.161391273948746,45.57428225276754],[12.113036085442934,45.613020472852924],[12.087333177949198,45.59970385953009],[12.074155982371632,45.641663658232694],[12.015932410870894,45.64605159471344],[11.96515748483994,45.60793904057595],[11.901094807751871,45.62798360887775],[11.898107333368351,45.61309064409026],[11.88090306249263,45.66577750635809],[11.815947674086903,45.69270025981031],[11.814066361169205,45.743350195917834],[11.833966829278316,45.747034357235634],[11.803243051441397,45.79993522996082]]]}},{"type":"Feature","bbox":[11.961946121673781,45.05562356529468,13.10212941061474,45.85444304907089],"properties":{"prov_name":"Venezia","prov_istat_code_num":27,"prov_acr":"VE","reg_name":"Veneto","reg_istat_code":"05","reg_istat_code_num":5,"prov_istat_code":"027"},"geometry":{"type":"Polygon","coordinates":[[[12.656680270132208,45.791337298776334],[12.779824328660423,45.854443044703174],[12.804297392582294,45.8446243357182],[12.808583556374634,45.82017597500275],[12.86118257091315,45.85079001852327],[12.890058566370064,45.8204744102311],[12.920512749906726,45.83134056134979],[12.929495350166526,45.81735103563348],[12.952065058743777,45.822206120749414],[12.961429486155499,45.84687167033317],[12.993241733926071,45.815014206912174],[12.97390360219967,45.806638812401346],[13.012036104535328,45.762512263378106],[13.008307263675436,45.7248921210734],[13.02920606847909,45.73616798354645],[13.063373869768904,45.65677057482833],[13.101491204685393,45.64077446175085],[12.90836288106287,45.614435613653065],[12.736517030560218,45.531733624808616],[12.480266037536198,45.449391085867994],[12.426900474479593,45.417969128390226],[12.397140715417331,45.4284816413257],[12.333417178711418,45.35848037069666],[12.342757872012479,45.333772495467706],[12.325178671663542,45.331311185307904],[12.30386145034034,45.28019877899274],[12.297234313468167,45.23644928516306],[12.314243483902992,45.233174956054654],[12.300026537023742,45.21157816339152],[12.332422929021385,45.16277241286366],[12.312545396406728,45.14465707999477],[12.28272042930735,45.14338579715325],[12.269635755735212,45.11744056446691],[12.203318545129719,45.105378240014204],[12.187995221360012,45.089064215947985],[12.167806783512745,45.09395639673995],[12.14814253678268,45.057593467996746],[12.121361594732212,45.05884239783027],[12.025529592603062,45.11960213611171],[12.02912436538601,45.137780211058946],[11.968753700976274,45.13399065450355],[11.961946121673783,45.14931965310411],[11.983427209537393,45.155565287991486],[11.977809465568857,45.18714579370528],[12.123034574617849,45.210369444538095],[12.183851645117644,45.19514333675096],[12.15390191280672,45.216962450552074],[12.193483823726233,45.23403115053012],[12.20618598197377,45.27312429307341],[12.186328268497936,45.3023324673715],[12.127524729889062,45.30090794649727],[12.08780482154981,45.331631657398106],[12.028650526686855,45.31745547826282],[12.012302739505433,45.34239470167285],[12.034697829654244,45.35731531783864],[11.975173741229389,45.39743579980215],[12.025919217044155,45.44398878870191],[11.976092414442984,45.461087405899924],[12.007584004128828,45.53194799843485],[12.026319117026546,45.51998513922762],[12.034377667307977,45.57002500929013],[12.082874683884905,45.580588851566475],[12.113036085442934,45.613020472852924],[12.161391273948746,45.57428225276754],[12.19174914469282,45.583455567957735],[12.212318205182369,45.56449791465842],[12.20565757164797,45.5412369473772],[12.246229052269172,45.53048563928822],[12.279743759409971,45.535751654630396],[12.279351579840613,45.56757788258313],[12.335321893573997,45.561833038411145],[12.352364668784766,45.58786927880995],[12.439548142336342,45.55926082431874],[12.453107849100107,45.571844589527885],[12.42425411535327,45.62315262816571],[12.437734428144637,45.63967855700763],[12.485652578626363,45.63963798002443],[12.503950297411476,45.687566943066145],[12.533659267338082,45.679013250184646],[12.575169185307232,45.69715818368696],[12.602457768408915,45.680061708712],[12.685031007840582,45.71298380915056],[12.669497945998424,45.74597866156791],[12.64658207172414,45.74741769784574],[12.664088222484065,45.76157147390661],[12.656680270132208,45.791337298776334]]]}},{"type":"Feature","bbox":[11.390703190153033,45.095383503130485,12.206185981973771,45.68716942878223],"properties":{"prov_name":"Padova","prov_istat_code_num":28,"prov_acr":"PD","reg_name":"Veneto","reg_istat_code":"05","reg_istat_code_num":5,"prov_istat_code":"028"},"geometry":{"type":"Polygon","coordinates":[[[11.982962831755968,45.16275175605422],[11.961946121673783,45.14931965310411],[11.968753700976274,45.13399065450355],[11.926540807525274,45.14330190365405],[11.865308128215995,45.13339674188423],[11.759499066670827,45.09543373123106],[11.572551020799915,45.12414835688064],[11.492981910511453,45.103070035315],[11.416905628331051,45.129332739522404],[11.428759465016105,45.15048933524566],[11.392601465549548,45.25937099516939],[11.612888342711456,45.25561194214481],[11.581534147065655,45.27298723539239],[11.580215382750083,45.29787916611543],[11.619778999921781,45.33025630054278],[11.615883056332862,45.388323666329136],[11.683235195549615,45.42941755632135],[11.706888763986226,45.47597181004012],[11.74544830637479,45.471702366316116],[11.72791381720845,45.520549462500796],[11.758958220564955,45.52041538855799],[11.73098351228711,45.559343188387686],[11.721684746079438,45.54383798547987],[11.68324990114643,45.55240118207084],[11.659749850441989,45.53821624550494],[11.653062500977882,45.55057070475071],[11.674266091604817,45.591874979793594],[11.644661221436639,45.59613362402623],[11.646551690106687,45.634195897577385],[11.679851131039706,45.6407459217985],[11.706465975486735,45.680309915365214],[11.841931749181958,45.683343334969464],[11.88090306249263,45.66577750635809],[11.898107333368351,45.61309064409026],[11.901094807751871,45.62798360887775],[11.96515748483994,45.60793904057595],[12.031949939085575,45.64721141811467],[12.074155982371632,45.641663658232694],[12.08681955393916,45.62345606190312],[12.082874683884905,45.580588851566475],[12.035383123007016,45.57132144950425],[12.026020704415636,45.519434975479356],[12.008322101012016,45.53209956816724],[11.99729928808159,45.51814512372805],[11.976092414442984,45.461087405899924],[12.026969170476846,45.44712041219969],[11.995491296608733,45.42308929085241],[12.002817221897617,45.40842255405156],[11.975173741229389,45.39743579980215],[12.034697829654244,45.35731531783864],[12.012302739505433,45.34239470167285],[12.028650526686855,45.31745547826282],[12.08780482154981,45.331631657398106],[12.127524729889062,45.30090794649727],[12.186328268497936,45.3023324673715],[12.20618598197377,45.27312429307341],[12.193483823726233,45.23403115053012],[12.15390191280672,45.216962450552074],[12.183851645117644,45.19514333675096],[12.123034574617849,45.210369444538095],[11.977809465568857,45.18714579370528],[11.982962831755968,45.16275175605422]]]}},{"type":"Feature","bbox":[11.173545967063768,44.79068397067831,12.554085675648931,45.16377968540891],"properties":{"prov_name":"Rovigo","prov_istat_code_num":29,"prov_acr":"RO","reg_name":"Veneto","reg_istat_code":"05","reg_istat_code_num":5,"prov_istat_code":"029"},"geometry":{"type":"Polygon","coordinates":[[[12.025529592603062,45.11960213611171],[12.141557282989435,45.0556235606347],[12.167806783512745,45.09395639673995],[12.260043998529328,45.11310617858876],[12.284265702776421,45.12578799883782],[12.28272042930735,45.14338579715325],[12.312545396406728,45.14465707999477],[12.334687779053036,45.163779680789375],[12.33723392618317,45.089522096644764],[12.444145243464884,45.013209168450615],[12.548328711836072,44.974235614546735],[12.465007790125687,44.84373283266655],[12.429039622497273,44.83092967214921],[12.396763299630528,44.790683965918],[12.353281638907736,44.81702771228777],[12.34053375361276,44.85007006870363],[12.294108695908477,44.86035908788002],[12.281872200113357,44.91001554991245],[12.294737316053073,44.92741452556546],[12.276164314190975,44.943288699394905],[12.22497180621868,44.92298071458791],[12.170675930200384,44.94204737791095],[12.142424359394449,44.92790385409693],[12.11313408080053,44.960366558953474],[12.0474868445578,44.976963504627555],[11.96267886787357,44.98682770968829],[11.924583086031834,44.97467677422368],[11.806468006074459,44.97716130600631],[11.745631000401303,44.95733380886986],[11.732932462485588,44.92660901869799],[11.600853464503201,44.888988278517],[11.583334556830131,44.914195440317],[11.534130503841567,44.936245906242824],[11.426351595301503,44.93010003778524],[11.421912204819751,44.96382999466549],[11.274036959497298,45.01825904810318],[11.265902508319542,45.0562238837539],[11.240440854247375,45.04295374197836],[11.174294908174181,45.06156128031734],[11.177508738328164,45.09734496137458],[11.205477524512853,45.109491417960726],[11.22389040164162,45.08356929330854],[11.305673517527042,45.09222661737758],[11.360786475277047,45.05731646169312],[11.402415594644799,45.0530001613569],[11.445809113705554,45.08066814677614],[11.410953791578628,45.13233689993618],[11.492981910511453,45.103070035315],[11.572551020799915,45.12414835688064],[11.758225751462643,45.09538349848541],[11.81305636087348,45.12313860328754],[11.924471889954416,45.14313890726373],[12.027448204451717,45.138310788453],[12.025529592603062,45.11960213611171]]]}},{"type":"Feature","bbox":[12.492478124094252,45.64339198505312,13.717331104575141,46.64780981108897],"properties":{"prov_name":"Udine","prov_istat_code_num":30,"prov_acr":"UD","reg_name":"Friuli-Venezia Giulia","reg_istat_code":"06","reg_istat_code_num":6,"prov_istat_code":"030"},"geometry":{"type":"Polygon","coordinates":[[[13.389810075240002,45.723695815597985],[13.371923667788051,45.737425019565805],[13.243761684550394,45.7569746275486],[13.242290658449084,45.717130975586336],[13.148820893111704,45.69883744333816],[13.10079185851302,45.64339198060966],[13.063944818587133,45.656147141980014],[13.02920606847909,45.73616798354645],[13.008307263675436,45.7248921210734],[13.012036104535328,45.762512263378106],[12.981230649743777,45.78689123421987],[12.991334877083837,45.79999494685702],[12.974233159067857,45.80759408886054],[12.993411850403115,45.81418527736709],[12.971064540861413,45.82804618785091],[12.974607855956014,45.87342607878125],[12.921477790706266,45.90427069798478],[12.903860817659675,45.963273698458636],[12.916880951240476,46.074070036537044],[12.965183342163273,46.194908883405695],[12.937667018250668,46.21191000278617],[12.973126041466944,46.23335433982255],[12.990579035274205,46.27324471235727],[12.953588403216521,46.30043162949917],[12.973555658315851,46.32824912133437],[12.915132017290517,46.34676513045461],[12.882064700778074,46.330414908579286],[12.880005553280705,46.3419877973432],[12.835001456522464,46.343688321462594],[12.809145217038285,46.35982795368853],[12.708010249073798,46.325282333174876],[12.67823815797326,46.34762168943636],[12.64554522542245,46.33688379447414],[12.594950876123132,46.3489329168187],[12.58585873739494,46.36766986916801],[12.542564117557482,46.35985402663535],[12.528162061709756,46.369620539941],[12.499256048119298,46.434255247527595],[12.530842132006498,46.464933228040834],[12.569953967915163,46.47548561306833],[12.66236260245603,46.46796758684501],[12.630021099358673,46.50070664672035],[12.623601782325679,46.550947527616835],[12.756477964839403,46.647217504849976],[12.83089868645869,46.630606651876136],[12.847035977992178,46.605803674595755],[13.084573223668555,46.601713907577604],[13.168416161239227,46.588833261784856],[13.23252521331079,46.553591006402485],[13.320184835235947,46.55288665005514],[13.372750478531831,46.57935960256728],[13.425433355584095,46.55791041387227],[13.504100254887016,46.56607595782774],[13.51816917820189,46.547297643708674],[13.56100328194771,46.55182287024636],[13.569900821573924,46.538883644501205],[13.597045850580477,46.545755021441906],[13.71385196417452,46.52308313896794],[13.688771639603775,46.43986611236969],[13.597543332349769,46.43925296683519],[13.565438475619386,46.3982099330296],[13.438988464540582,46.36020975906625],[13.439015322785792,46.322278457566696],[13.375547466288198,46.2982177050707],[13.423452394794005,46.206336663376796],[13.457028054782834,46.226422720487754],[13.529056136376209,46.21874629424901],[13.566947545905098,46.18566865536682],[13.632584106641788,46.1907449916095],[13.664165656060403,46.17089747262205],[13.595817465038973,46.10421388120852],[13.4964954331674,46.05861640180989],[13.460250656038822,46.005447100195894],[13.464940030130787,45.98481801092151],[13.436954876678628,45.97266480401881],[13.419497851940038,45.927908783883375],[13.38665415397008,45.91296550956779],[13.425885231250797,45.86805011150565],[13.411707128750924,45.856140872229155],[13.440286429282315,45.78568618113858],[13.41997538537681,45.756883300770774],[13.461776726101819,45.75225331735413],[13.389810075240002,45.723695815597985]]]}},{"type":"Feature","bbox":[13.237582243469111,45.675251422517135,13.64288619900265,46.051356398825114],"properties":{"prov_name":"Gorizia","prov_istat_code_num":31,"prov_acr":"GO","reg_name":"Friuli-Venezia Giulia","reg_istat_code":"06","reg_istat_code_num":6,"prov_istat_code":"031"},"geometry":{"type":"Polygon","coordinates":[[[13.420779653812748,45.93050098370757],[13.496965105026973,46.05135639452707],[13.507554618995893,46.03348054303827],[13.476190270924155,46.00625385538082],[13.52781024030635,45.96705969128774],[13.568246366048216,45.968075458745304],[13.590541485162467,45.989773435460926],[13.64288619900265,45.98300061960014],[13.637545531807966,45.93538934708902],[13.57273335193298,45.847552271605466],[13.596872306082453,45.81876285366782],[13.579976682738288,45.77497731189441],[13.532853572032865,45.80407925604147],[13.548147757788657,45.7902426741601],[13.530034178480573,45.788110855469085],[13.54709668367152,45.78578134790392],[13.516438229011854,45.74426536649545],[13.552838733224576,45.72412008855584],[13.485633729923267,45.70443344000779],[13.461080214321466,45.71120908804436],[13.46022194264165,45.694145438114155],[13.424270306689502,45.67723647741911],[13.348921416574235,45.67931119432692],[13.254117676797394,45.71060730366521],[13.237582243469113,45.75522861172664],[13.371923667788051,45.737425019565805],[13.389810075240002,45.723695815597985],[13.461113766186621,45.749686857668884],[13.419688025071245,45.75753803531536],[13.440286429282315,45.78568618113858],[13.411707128750924,45.856140872229155],[13.425885231250797,45.86805011150565],[13.38665415397008,45.91296550956779],[13.420779653812748,45.93050098370757]]]}},{"type":"Feature","bbox":[13.578760013247019,45.58092671755747,13.918853096650253,45.80793968781565],"properties":{"prov_name":"Trieste","prov_istat_code_num":32,"prov_acr":"TS","reg_name":"Friuli-Venezia Giulia","reg_istat_code":"06","reg_istat_code_num":6,"prov_istat_code":"032"},"geometry":{"type":"Polygon","coordinates":[[[13.583443857295965,45.801053138437894],[13.669400445009789,45.79963994679976],[13.79302131763262,45.74438905877074],[13.835496207436107,45.68613290596057],[13.918066026827372,45.63114280829165],[13.842244589372807,45.583125590145606],[13.722935892957484,45.594707870122505],[13.731744550640881,45.60887103513676],[13.808906291948308,45.606738769318845],[13.774047685405627,45.61277391317083],[13.775706131843837,45.63556230592679],[13.756847337880489,45.627889885112474],[13.74423917855291,45.63912960011798],[13.769104473509245,45.65299229186609],[13.753336827602231,45.68044345978886],[13.63201014045495,45.76821528083441],[13.58128818065359,45.78052206113779],[13.583443857295965,45.801053138437894]]]}},{"type":"Feature","bbox":[12.320935749464107,45.79078994111717,12.990579035274207,46.41219951681782],"properties":{"prov_name":"Pordenone","prov_istat_code_num":93,"prov_acr":"PN","reg_name":"Friuli-Venezia Giulia","reg_istat_code":"06","reg_istat_code_num":6,"prov_istat_code":"093"},"geometry":{"type":"Polygon","coordinates":[[[12.488962075056895,46.1144324076661],[12.49581340895522,46.152552708282784],[12.447258707070311,46.17957972086947],[12.44645398853747,46.20776627468766],[12.406271364021265,46.20727447796735],[12.40168092486422,46.22899706339647],[12.376419789080604,46.22294136830613],[12.338327127229629,46.23895116996238],[12.320935749464109,46.26890453623651],[12.354654621268045,46.319682125303416],[12.41145700755108,46.33083200862546],[12.417374434686637,46.354854279873045],[12.46294262092892,46.369262686935656],[12.455047622009392,46.39166830818038],[12.49396411163371,46.41141213260276],[12.541518530630409,46.360260625892984],[12.58585873739494,46.36766986916801],[12.605802177581145,46.34449105149884],[12.646889021290038,46.33676888630116],[12.67823815797326,46.34762168943636],[12.708010249073798,46.325282333174876],[12.809145217038285,46.35982795368853],[12.835001456522464,46.343688321462594],[12.880005553280705,46.3419877973432],[12.883463388232377,46.330178322967974],[12.915132017290517,46.34676513045461],[12.961202975531878,46.337003271306656],[12.975632647063264,46.31744706322008],[12.956608399790806,46.291857261794185],[12.990579035274205,46.27324471235727],[12.973126041466944,46.23335433982255],[12.937667018250668,46.21191000278617],[12.965183342163273,46.194908883405695],[12.916880951240476,46.074070036537044],[12.903860817659675,45.963273698458636],[12.920718837883323,45.9052553979317],[12.974607855956014,45.87342607878125],[12.984280402112967,45.83397418464668],[12.957780269595608,45.84736736880524],[12.952065058743777,45.822206120749414],[12.929495350166526,45.81735103563348],[12.920512749906726,45.83134056134979],[12.893047921237462,45.8196883578004],[12.86118257091315,45.85079001852327],[12.80695071384332,45.82031645166841],[12.804297392582294,45.8446243357182],[12.779824328660423,45.854443044703174],[12.669675293888918,45.79078993672674],[12.605682994729666,45.838247026842176],[12.593845436799164,45.81517923555244],[12.559299514513793,45.82592495932847],[12.506000692905149,45.922710754321564],[12.425841802918029,45.947352541058066],[12.428183916001386,45.995763437714736],[12.39898766512725,46.041424221393065],[12.488962075056895,46.1144324076661]]]}},{"type":"Feature","bbox":[7.49479106932911,43.77603383110579,8.135397036093174,44.14088229634457],"properties":{"prov_name":"Imperia","prov_istat_code_num":8,"prov_acr":"IM","reg_name":"Liguria","reg_istat_code":"07","reg_istat_code_num":7,"prov_istat_code":"008"},"geometry":{"type":"Polygon","coordinates":[[[7.551656556658464,43.89429408553251],[7.568820612064321,43.946397289395684],[7.652096049942487,43.97352003199906],[7.670344906809393,43.99822755565002],[7.66302515467693,44.028766949472214],[7.759088406588811,44.08388399919912],[7.7328920305363535,44.08364593670622],[7.719295838473723,44.104480812005924],[7.725355104959094,44.125517002312826],[7.762738821337712,44.140882291331245],[7.8839439559944795,44.10465856294033],[7.9423679073514615,44.10011657055158],[7.971531404232713,44.11309520010244],[8.004633814641837,44.102326665847],[8.018108225094702,44.112490873023056],[8.036233550065129,44.05752725846265],[7.979497965579962,44.01390857932323],[8.016899740640362,43.979331761950256],[8.105490363461186,43.973562340476356],[8.135379748502013,43.93897696071058],[8.073017870005259,43.89137052017996],[7.965612931311613,43.85209232285411],[7.832975972526387,43.816418574557844],[7.784338432467009,43.81950844712905],[7.739080128183089,43.795556738693335],[7.699996775466548,43.79865047273343],[7.673216607070949,43.77603382594611],[7.575391315295706,43.79286117762842],[7.5557415599918105,43.77978205194794],[7.529601085691222,43.78425436397914],[7.495687214597776,43.86089262527722],[7.551656556658464,43.89429408553251]]]}},{"type":"Feature","bbox":[7.9774370365222,43.938976965804535,8.670898708132103,44.52874739172256],"properties":{"prov_name":"Savona","prov_istat_code_num":9,"prov_acr":"SV","reg_name":"Liguria","reg_istat_code":"07","reg_istat_code_num":7,"prov_istat_code":"009"},"geometry":{"type":"Polygon","coordinates":[[[8.208341569325443,44.03474759224608],[8.163118978459918,43.99259556691484],[8.173706632618622,43.95474786560497],[8.135379748502013,43.93897696071058],[8.083675310205132,43.983432792412096],[8.016899740640362,43.979331761950256],[7.977437036522201,44.019949413571005],[8.02965071268731,44.05008882330173],[8.038155641688832,44.07587415719546],[8.011349943614094,44.121701395139496],[7.978773995819749,44.13663250705668],[8.011840731819255,44.15589884619676],[8.06820484990933,44.14497537149492],[8.097171277680406,44.17870869240616],[8.065363260272331,44.21693657859265],[8.08110291672007,44.24004410542148],[8.063096634217187,44.253074189580246],[8.090698507924577,44.27479639876368],[8.059739808101252,44.300703822952705],[8.076021695437712,44.313958457100114],[8.10195677511945,44.300931020277794],[8.106436357607958,44.33237280731591],[8.144916340198211,44.345780062990265],[8.149519219361125,44.38479201805117],[8.208046823060954,44.41034431968237],[8.221357640942191,44.432911217117585],[8.197327511264577,44.47755581112722],[8.223315457437085,44.48566935948618],[8.224162881767995,44.51417494867912],[8.252777445079877,44.52874738686149],[8.271312522344424,44.50679727014652],[8.34917711337932,44.48555315074634],[8.358490861829068,44.46493569449687],[8.39243166209117,44.47704985081698],[8.403879279100119,44.50897167652648],[8.449498672110684,44.49738809012674],[8.47065675441548,44.522479406745454],[8.478073505968275,44.510648088374836],[8.576161594499707,44.50922667680751],[8.594938389072942,44.49448546618907],[8.610819609844409,44.506964334093055],[8.653893504341267,44.503726997533214],[8.66894640557249,44.45231340458061],[8.585075731304379,44.42862228363104],[8.593904230736523,44.4035182618425],[8.633176153558203,44.379750911508225],[8.509346068312823,44.32844688771655],[8.45105601067118,44.287972238151426],[8.440428115888443,44.270256810418616],[8.4563295903677,44.258401234039525],[8.415917670728092,44.22128025078466],[8.424508006591486,44.19471744984096],[8.270313000504315,44.140252060204496],[8.208341569325443,44.03474759224608]]]}},{"type":"Feature","bbox":[8.571554211631934,44.21666069360447,9.57359110506597,44.676442408258204],"properties":{"prov_name":"Genova","prov_istat_code_num":10,"prov_acr":"GE","reg_name":"Liguria","reg_istat_code":"07","reg_istat_code_num":7,"prov_istat_code":"010"},"geometry":{"type":"Polygon","coordinates":[[[8.669012703261378,44.45244199812303],[8.656879427832918,44.500540067314574],[8.610819609844409,44.506964334093055],[8.594938389072942,44.49448546618907],[8.571554211631934,44.518194108359786],[8.612092995715544,44.54287106066729],[8.597816090775186,44.55655960183366],[8.620151167637662,44.58420182906341],[8.72099803538532,44.579865411716824],[8.782453626018143,44.48836102041068],[8.826840445761217,44.56179937591753],[8.868607360175517,44.566244204785114],[8.891337072465756,44.55063065569634],[8.917502849410628,44.56105501216087],[8.909367678556746,44.613326426463445],[8.882620678446731,44.63874749365375],[8.931140753894843,44.676133175020105],[9.01469073619008,44.66607066295126],[9.043908881050113,44.61442523593959],[9.075853438802273,44.62369903449081],[9.103532255094537,44.60938587955057],[9.11070409946343,44.58197104899057],[9.139434091112399,44.573643764427345],[9.231485585379573,44.618740829233694],[9.256152294825968,44.611513205878985],[9.246245271312734,44.599269116946346],[9.30041024509507,44.607777374788974],[9.343003450762627,44.577697075420836],[9.381080345567636,44.57674963804158],[9.405628924057886,44.60080680675928],[9.423076562701882,44.574612231714944],[9.493338450115225,44.55587663663522],[9.496803432387548,44.482730397845614],[9.46887309941641,44.48188067663821],[9.438393705470837,44.41854154898485],[9.472564803476835,44.42428409261311],[9.472182584318658,44.386347901974005],[9.518164822047742,44.355187773803955],[9.499281336974404,44.32685424789165],[9.554473706492681,44.28979564015687],[9.573486540663028,44.256021560987904],[9.533870348912064,44.25303551389456],[9.511287011758661,44.216660688621154],[9.488156975646502,44.23910411413388],[9.40314289304875,44.255277753210365],[9.376938538231572,44.29051494941561],[9.234231650734797,44.34838606655093],[9.21373671019162,44.333602982732856],[9.21754714350842,44.29850458844432],[9.152255671546515,44.31712709603596],[9.140098110425624,44.36112746005393],[8.951967080571476,44.39126180388333],[8.924010860180518,44.41416083119577],[8.916505821030134,44.39856238738405],[8.821850567296753,44.41492080775555],[8.852366604990225,44.41899964020708],[8.83580568272425,44.4238930003753],[8.743775342748352,44.42698046844864],[8.633176153558203,44.379750911508225],[8.593904230736523,44.4035182618425],[8.585075731304379,44.42862228363104],[8.669012703261378,44.45244199812303]]]}},{"type":"Feature","bbox":[9.465737414262746,44.02334876728854,10.071019413563143,44.438135252920134],"properties":{"prov_name":"La Spezia","prov_istat_code_num":11,"prov_acr":"SP","reg_name":"Liguria","reg_istat_code":"07","reg_istat_code_num":7,"prov_istat_code":"011"},"geometry":{"type":"Polygon","coordinates":[[[9.8448854857052,44.0337935303598],[9.675578116235304,44.1394088156778],[9.648530868641396,44.14534561478103],[9.635464679204366,44.13352131359512],[9.607140367134713,44.170813484393676],[9.511287011758661,44.216660688621154],[9.533870348912064,44.25303551389456],[9.57151004843883,44.25339358071918],[9.573591105065967,44.267742957336786],[9.499281336974404,44.32685424789165],[9.518164822047742,44.355187773803955],[9.465737414262742,44.40158460998302],[9.493902292042117,44.42389672018459],[9.600031797185517,44.43691061522172],[9.655028200201599,44.41187787428897],[9.674979443495078,44.36471301704992],[9.706301260291493,44.366189150632806],[9.765416146396523,44.30432756433875],[9.852656948112894,44.270205120093436],[9.857027383161219,44.23402981904805],[9.875356733717789,44.223942457043506],[9.864956784626825,44.1807078200818],[9.908508545812083,44.20977386147475],[9.934010411227383,44.19662212718031],[9.89295306490963,44.166501535878986],[9.974028992795704,44.16692837089629],[9.995353698657143,44.11789334064251],[9.983451606983126,44.09887807865564],[9.993322038355128,44.09267571293746],[10.021952318205429,44.119621183423725],[10.0696025471621,44.09744669492121],[10.018772948617338,44.04447688467762],[9.994114131995637,44.05086923719599],[9.977587493633031,44.03548674393144],[9.906784864338888,44.08141693327938],[9.8809977601479,44.081077385234174],[9.85188791590156,44.11005005549322],[9.8211969468071,44.0955229760287],[9.813528362370597,44.10409491795389],[9.847278800551015,44.061229080796195],[9.835550692626578,44.047925518428556],[9.855305896785902,44.05091124291938],[9.8448854857052,44.0337935303598]]]}},{"type":"Feature","bbox":[9.1980365494465,44.555876641485796,10.08347462802399,45.13913153551511],"properties":{"prov_name":"Piacenza","prov_istat_code_num":33,"prov_acr":"PC","reg_name":"Emilia-Romagna","reg_istat_code":"08","reg_istat_code_num":8,"prov_istat_code":"033"},"geometry":{"type":"Polygon","coordinates":[[[9.29534259306565,44.704948994053346],[9.332580793519327,44.735040348693005],[9.286512745462446,44.758679098631106],[9.286974942700697,44.772496364237654],[9.363098237992226,44.82240383453025],[9.341675182676607,44.86981198527784],[9.27740952539125,44.89560889289786],[9.285027562694523,44.93176625227332],[9.321822117464704,44.94410018778491],[9.375605534196941,45.01991794074667],[9.370819944710396,45.04815366782845],[9.412242960425317,45.08355410199268],[9.49928606247426,45.10391966581507],[9.532026203856983,45.07843202204813],[9.551330394567364,45.09211309360666],[9.537215644487688,45.12605370402005],[9.55299541529928,45.13064424957808],[9.587447002472897,45.099624987883104],[9.622403849298404,45.13397925112439],[9.639564151929363,45.12185822673859],[9.638989017664189,45.081713865706384],[9.720247635393738,45.05881593132196],[9.750371881822652,45.07904693567876],[9.753669090059192,45.11335774493333],[9.813262350118379,45.078103284752146],[9.82375865232362,45.05259059835807],[9.838357332967174,45.09564621112564],[9.880650024213416,45.07479496201579],[9.896772745435753,45.08053862586138],[9.875421008316904,45.12170704757943],[9.91473349896566,45.13911417793226],[9.915812999182721,45.10007427343275],[9.986856975585816,45.13299567528361],[10.028531941508184,45.09622513145378],[10.021649562604045,45.07588899114373],[10.050223568512001,45.041279035181425],[10.082307532363119,45.04660557342704],[10.045459469844578,45.02924720245068],[10.03338340860088,44.986724024149346],[9.99416253458185,44.9552054794451],[9.993913501394644,44.90771329427067],[10.012340521460708,44.88790002657154],[9.9866816595307,44.845562882214615],[9.936911558814735,44.83681792143606],[9.882167052921531,44.80366699363201],[9.880661338966478,44.768687118448035],[9.819752770398843,44.761677750368726],[9.815803758881824,44.73875029109009],[9.762166227027924,44.70541629729138],[9.765156418648065,44.68134207509456],[9.702011413182712,44.67138147198174],[9.675212231522446,44.68761677042654],[9.624877212154315,44.656268956239515],[9.631795494195025,44.64061171625599],[9.584974625308249,44.622757236861766],[9.513022202452495,44.56230476399928],[9.440233008525043,44.56680821207137],[9.405628924057886,44.60080680675928],[9.381080345567636,44.57674963804158],[9.343003450762627,44.577697075420836],[9.30041024509507,44.607777374788974],[9.272230477095949,44.595915222125576],[9.245642316399218,44.599711539879465],[9.245502627472392,44.61964781210197],[9.202973227775669,44.613494116561384],[9.200319866508892,44.68640480129943],[9.237087756748828,44.685117592746465],[9.235083648179383,44.7163598246305],[9.259475772762514,44.679946579637765],[9.324637473044445,44.69001562724433],[9.29534259306565,44.704948994053346]]]}},{"type":"Feature","bbox":[9.438369410503324,44.3461675346044,10.504315232298703,45.04442073239809],"properties":{"prov_name":"Parma","prov_istat_code_num":34,"prov_acr":"PR","reg_name":"Emilia-Romagna","reg_istat_code":"08","reg_istat_code_num":8,"prov_istat_code":"034"},"geometry":{"type":"Polygon","coordinates":[[[9.686700448591361,44.365939562245266],[9.655028200201599,44.41187787428897],[9.601487822735661,44.43675890827656],[9.493902292042117,44.42389672018459],[9.47903434845337,44.40925851726183],[9.472564803476835,44.42428409261311],[9.438393705470837,44.41854154898485],[9.46887309941641,44.48188067663821],[9.496803432387548,44.482730397845614],[9.490675339168995,44.55342290174003],[9.631795494195025,44.64061171625599],[9.624877212154315,44.656268956239515],[9.675212231522446,44.68761677042654],[9.702011413182712,44.67138147198174],[9.765156418648065,44.68134207509456],[9.762166227027924,44.70541629729138],[9.815803758881824,44.73875029109009],[9.819752770398843,44.761677750368726],[9.880661338966478,44.768687118448035],[9.882167052921531,44.80366699363201],[9.936911558814735,44.83681792143606],[9.9866816595307,44.845562882214615],[10.012340521460708,44.88790002657154],[9.993913501394644,44.90771329427067],[9.99416253458185,44.9552054794451],[10.030039439781076,44.982037239144525],[10.056893135143449,45.03734222873378],[10.083474628023987,45.04396380011929],[10.106190811475322,45.02213035392455],[10.157721357914676,45.04407903892538],[10.187295914886903,45.02821575338494],[10.21106755805249,45.0340318227064],[10.358831874945455,44.965486724373],[10.405673992142162,44.984494282886956],[10.435668377437985,44.94313646989879],[10.5043152322987,44.922427597942125],[10.46373021151263,44.897773745395234],[10.474312952502876,44.8758166827312],[10.42351513324003,44.798201575533994],[10.425215965585386,44.739387002148526],[10.4473370532504,44.719330787205074],[10.413769763691482,44.66586351717654],[10.401600637915882,44.56292673207444],[10.34245658892159,44.52571867920824],[10.331606609385489,44.48480289183908],[10.255427843186428,44.452292944410516],[10.205749347895775,44.392536986026286],[10.157361226254222,44.37937137009444],[10.14203472784364,44.35386763307039],[10.098272854462348,44.34629330929916],[9.996669924388565,44.397127757422545],[10.00693709007121,44.431734301788204],[9.970712722807285,44.464439665079865],[9.86240373207518,44.471282166476946],[9.819936688079295,44.46642290027967],[9.756464975111589,44.40617352742547],[9.76047516556101,44.3900499009207],[9.686700448591361,44.365939562245266]]]}},{"type":"Feature","bbox":[10.142034727843638,44.2260554063279,10.897990948287426,44.99202560708101],"properties":{"prov_name":"Reggio nell'Emilia","prov_istat_code_num":35,"prov_acr":"RE","reg_name":"Emilia-Romagna","reg_istat_code":"08","reg_istat_code_num":8,"prov_istat_code":"035"},"geometry":{"type":"Polygon","coordinates":[[[10.668195830590143,44.46778259396989],[10.618817987327661,44.378542904945085],[10.527693311830584,44.35049425005707],[10.516001556561541,44.282183314356345],[10.470129668884708,44.22605540134831],[10.430263427472218,44.22743489060416],[10.371588787979585,44.269379207048395],[10.30711600913114,44.28432390719822],[10.25385666310428,44.26858068537814],[10.14203472784364,44.35386763307039],[10.157361226254222,44.37937137009444],[10.208071407817231,44.3943310103469],[10.255427843186428,44.452292944410516],[10.331606609385489,44.48480289183908],[10.34245658892159,44.52571867920824],[10.400825495369652,44.56158587186732],[10.413769763691482,44.66586351717654],[10.4473370532504,44.719330787205074],[10.425215965585386,44.739387002148526],[10.42351513324003,44.798201575533994],[10.474312952502876,44.8758166827312],[10.46373021151263,44.897773745395234],[10.5043152322987,44.922427597942125],[10.568558406840614,44.90831389771743],[10.62788141470537,44.92420179049769],[10.686679995034302,44.98659263323919],[10.694740944789768,44.96194010047426],[10.730563452940512,44.991896628365545],[10.743719814603848,44.94907684931742],[10.897990948287429,44.921805465599235],[10.877145603569604,44.901885177061814],[10.878310393559802,44.86774815751272],[10.850068386464576,44.86651889369047],[10.81499192071986,44.807226111428896],[10.84204233652155,44.79553861440206],[10.815454814672862,44.75479982675817],[10.815288950285515,44.65653085397384],[10.78252940811024,44.62998143389171],[10.767156304992296,44.54350437448779],[10.730032057492199,44.50162595410472],[10.668195830590143,44.46778259396989]]]}},{"type":"Feature","bbox":[10.470129668884706,44.114680512151935,11.368592057376947,44.96295042207255],"properties":{"prov_name":"Modena","prov_istat_code_num":36,"prov_acr":"MO","reg_name":"Emilia-Romagna","reg_istat_code":"08","reg_istat_code_num":8,"prov_istat_code":"036"},"geometry":{"type":"Polygon","coordinates":[[[10.815415951152193,44.74161797675394],[10.84204233652155,44.79553861440206],[10.81499192071986,44.807226111428896],[10.850068386464576,44.86651889369047],[10.878310393559802,44.86774815751272],[10.877145603569604,44.901885177061814],[10.997472247978283,44.95508684337339],[11.059537564708664,44.94888766525326],[11.07347468785877,44.962950417377684],[11.152435626018162,44.933244539378265],[11.246205680020314,44.95143857161268],[11.260433758974624,44.93310137455174],[11.234743534232477,44.90597572633009],[11.341128644899019,44.87259426928791],[11.368592057376947,44.84267961890907],[11.311609347632453,44.82749439985401],[11.293347287414603,44.80280763867863],[11.20784504493147,44.80430345219717],[11.12989021504224,44.782919199879096],[11.116750857392608,44.709746178647734],[11.078091087721083,44.6470298474747],[11.12779278876005,44.631355931358456],[11.118291639747369,44.61784003222517],[11.152454875692918,44.5866198530027],[11.107712011245923,44.545138725541754],[11.108151681237473,44.524670208803805],[11.056142631301494,44.53406923306282],[11.050560761403808,44.47070068694848],[10.990396887703167,44.440969179266055],[11.048166596800119,44.41610732133779],[11.02235401985154,44.37331967228889],[11.040149805630852,44.33108039156516],[11.007866317799923,44.29693476464938],[11.002230556483232,44.30599153726722],[10.949906790965095,44.29315874245178],[10.973720825723584,44.2769810983868],[10.957159488566951,44.22610608048805],[10.907243230778814,44.20543402845052],[10.889702929564978,44.22446601154309],[10.85028285319419,44.22782142377159],[10.855200010265433,44.20738595313312],[10.808859364510772,44.15484950548147],[10.81436521757026,44.115990396906334],[10.754259887988875,44.154148208167534],[10.643980729446971,44.16009232311981],[10.62405585062793,44.1203660949935],[10.593103763332437,44.11541513566435],[10.525121668328248,44.15623593922834],[10.48521494388305,44.2044960842065],[10.49290258414583,44.21700007232973],[10.470129668884708,44.22605540134831],[10.516001556561541,44.282183314356345],[10.52802969834056,44.350885867203864],[10.61424353913105,44.37475446878495],[10.657557430401553,44.45836320659162],[10.766728627263184,44.54268276044134],[10.78252940811024,44.62998143389171],[10.815288950285515,44.65653085397384],[10.815415951152193,44.74161797675394]]]}},{"type":"Feature","bbox":[10.805601607282,44.062255739136646,11.840427720460978,44.80475514218611],"properties":{"prov_name":"Bologna","prov_istat_code_num":37,"prov_acr":"BO","reg_name":"Emilia-Romagna","reg_istat_code":"08","reg_istat_code_num":8,"prov_istat_code":"037"},"geometry":{"type":"Polygon","coordinates":[[[11.152454875692918,44.5866198530027],[11.118291639747369,44.61784003222517],[11.12779278876005,44.631355931358456],[11.078091087721083,44.6470298474747],[11.116750857392608,44.709746178647734],[11.12989021504224,44.782919199879096],[11.20784504493147,44.80430345219717],[11.293347287414603,44.80280763867863],[11.246083088071655,44.75838253368153],[11.27310365942723,44.750440690971836],[11.25315405764266,44.716322082236246],[11.27543385378606,44.70557786076377],[11.383305847512593,44.780222854810056],[11.592726673459811,44.71169760728296],[11.673999752444692,44.632261278916964],[11.723874960635946,44.63671103543444],[11.728036410678945,44.654218969897045],[11.801288946039492,44.62901478937157],[11.785623616093547,44.58504550619797],[11.745584690921396,44.57995944954506],[11.789677244262606,44.5657596418228],[11.778688441959885,44.50351639660053],[11.763112643171134,44.51035917220085],[11.749772774569017,44.49756928759399],[11.796705822333388,44.485693395211534],[11.781334455061543,44.43626721654002],[11.840427720460971,44.42357008457806],[11.836857380634186,44.414045299509176],[11.732972000616119,44.306073886720576],[11.696115905985753,44.28868388715911],[11.697550916154599,44.309338224690535],[11.672782392522246,44.315475541357635],[11.665442359822796,44.27871801880467],[11.639944735312197,44.27374235211874],[11.627023305318774,44.24777937593693],[11.555441233176662,44.223170011746454],[11.561676829365027,44.18549325040185],[11.535634877685,44.190389468213624],[11.522369235069448,44.15536096152235],[11.447627004684872,44.19948528965713],[11.451297227596203,44.22056833271067],[11.421064893564795,44.239244265226844],[11.380545127404192,44.20000075994102],[11.342809365390293,44.20581920768716],[11.280713653565758,44.15533921595022],[11.195730599430343,44.15141455221869],[11.260226123504278,44.11584190880061],[11.24803619524293,44.097572286113035],[11.159202384871936,44.11242201574375],[11.04942712849881,44.09024606656759],[11.00200901991643,44.110892488845955],[11.006952850024623,44.13854570930804],[10.904729810023811,44.06325072132574],[10.892075317925018,44.09243319988919],[10.815036924984012,44.1156214353602],[10.808859364510772,44.15484950548147],[10.855200010265433,44.20738595313312],[10.85028285319419,44.22782142377159],[10.889702929564978,44.22446601154309],[10.907243230778814,44.20543402845052],[10.95679070290679,44.225886756454194],[10.973720825723584,44.2769810983868],[10.949906790965095,44.29315874245178],[11.002230556483232,44.30599153726722],[11.007866317799923,44.29693476464938],[11.030691617807625,44.31684145312112],[11.022373526480958,44.37352189941597],[11.048166596800119,44.41610732133779],[10.990232257870595,44.44058493849171],[11.050560761403808,44.47070068694848],[11.056142631301494,44.53406923306282],[11.108151681237473,44.524670208803805],[11.152454875692918,44.5866198530027]]]}},{"type":"Feature","bbox":[11.23474353423248,44.545680955181226,12.398107696608706,44.98682771437421],"properties":{"prov_name":"Ferrara","prov_istat_code_num":38,"prov_acr":"FE","reg_name":"Emilia-Romagna","reg_istat_code":"08","reg_istat_code_num":8,"prov_istat_code":"038"},"geometry":{"type":"Polygon","coordinates":[[[11.592726673459811,44.71169760728296],[11.383305847512593,44.780222854810056],[11.27543385378606,44.70557786076377],[11.25315405764266,44.716322082236246],[11.27310365942723,44.750440690971836],[11.246083088071655,44.75838253368153],[11.311609347632453,44.82749439985401],[11.368592057376947,44.84267961890907],[11.341128644899019,44.87259426928791],[11.234743534232477,44.90597572633009],[11.260433758974624,44.93310137455174],[11.246205680020314,44.95143857161268],[11.272257162042974,44.93832264842206],[11.30432999239026,44.962249373223756],[11.426313458038718,44.952104701811386],[11.429373425682746,44.92904554366034],[11.534130503841567,44.936245906242824],[11.584686696649337,44.91318361886634],[11.593535832879473,44.890892166211714],[11.619590289705993,44.88806465469946],[11.734072551118395,44.92713532617685],[11.745631000401303,44.95733380886986],[11.804719119685783,44.97696125030213],[11.924583086031834,44.97467677422368],[11.96267886787357,44.98682770968829],[12.0474868445578,44.976963504627555],[12.11313408080053,44.960366558953474],[12.142424359394449,44.92790385409693],[12.170675930200384,44.94204737791095],[12.22497180621868,44.92298071458791],[12.28185396697242,44.94126176516135],[12.294108695908477,44.86035908788002],[12.34053375361276,44.85007006870363],[12.355192217652911,44.81508110634113],[12.398107696608704,44.792777475046556],[12.383428884582617,44.7925401555524],[12.308601320945781,44.842309582058505],[12.257775451104003,44.81519056138668],[12.266309654086177,44.80435113287289],[12.286070548915474,44.81721631648942],[12.242304141733788,44.72710504612679],[12.269579893804021,44.629804821596444],[12.237084043897745,44.62058595091297],[12.153781137252347,44.54845202530758],[12.07599118948194,44.561297460645854],[12.059542758628414,44.54850624777461],[12.028087484672225,44.560476621828236],[12.002196525918274,44.60020257369541],[11.870825069068772,44.57743653624822],[11.849585776397934,44.55606852938535],[11.789194771203443,44.5543432676796],[11.789677244262606,44.5657596418228],[11.745584690921396,44.57995944954506],[11.785623616093547,44.58504550619797],[11.801288946039492,44.62901478937157],[11.728036410678945,44.654218969897045],[11.723874960635946,44.63671103543444],[11.673999752444692,44.632261278916964],[11.592726673459811,44.71169760728296]]]}},{"type":"Feature","bbox":[11.524947072228189,44.101155061320775,12.383523730403535,44.62922093970416],"properties":{"prov_name":"Ravenna","prov_istat_code_num":39,"prov_acr":"RA","reg_name":"Emilia-Romagna","reg_istat_code":"08","reg_istat_code_num":8,"prov_istat_code":"039"},"geometry":{"type":"Polygon","coordinates":[[[11.88393035098164,44.57915950611664],[12.002196525918274,44.60020257369541],[12.028087484672225,44.560476621828236],[12.059542758628414,44.54850624777461],[12.07599118948194,44.561297460645854],[12.152281287342113,44.54823666868206],[12.237084043897745,44.62058595091297],[12.268731326781467,44.6292209348819],[12.289264770940745,44.46305700525387],[12.383523730403537,44.224494061058714],[12.349336079792467,44.19073231229392],[12.280241230693385,44.233189220645095],[12.226246867834453,44.21412035704514],[12.201672983810518,44.22618754544238],[12.208819514617415,44.25560560108803],[12.17653912344037,44.245111051012415],[12.103246709175734,44.271975319740406],[12.1080004230909,44.288554654173254],[12.055007375508326,44.30530831098102],[12.035587240279398,44.33080881743695],[11.975862460901881,44.25569716036992],[11.947493641681337,44.23588460889241],[11.926247751095216,44.2409821824665],[11.928291512187602,44.21562754589696],[11.888610157877835,44.17065689690503],[11.829380101055378,44.19896882753703],[11.778086295181385,44.18094468432996],[11.771386147412795,44.19887013258304],[11.72861269856475,44.171838719779984],[11.715885199932135,44.122557296674735],[11.678806500213431,44.12291267339678],[11.652556286476269,44.101155056291674],[11.61616647266099,44.11849090259054],[11.58457420953013,44.11220515171498],[11.615364491489578,44.1582543778883],[11.565172906168808,44.16724202704946],[11.544818930124903,44.15260861786431],[11.524947072228187,44.157663029361295],[11.535634877685,44.190389468213624],[11.561676829365027,44.18549325040185],[11.55132024975266,44.21921091831787],[11.627023305318774,44.24777937593693],[11.639944735312197,44.27374235211874],[11.665442359822796,44.27871801880467],[11.672782392522246,44.315475541357635],[11.697550916154599,44.309338224690535],[11.702658594427236,44.28793949008446],[11.78596702380459,44.34805946567336],[11.840427720460971,44.42357008457806],[11.781334455061543,44.43626721654002],[11.796705822333388,44.485693395211534],[11.749772774569017,44.49756928759399],[11.763112643171134,44.51035917220085],[11.778688441959885,44.50351639660053],[11.789194771203443,44.5543432676796],[11.849585776397934,44.55606852938535],[11.88393035098164,44.57915950611664]]]}},{"type":"Feature","bbox":[11.645549050912198,43.74065425810705,12.45508780573733,44.330808822375296],"properties":{"prov_name":"Forlì-Cesena","prov_istat_code_num":40,"prov_acr":"FC","reg_name":"Emilia-Romagna","reg_istat_code":"08","reg_istat_code_num":8,"prov_istat_code":"040"},"geometry":{"type":"Polygon","coordinates":[[[11.918787746585984,43.793688204536195],[11.909747639978688,43.81271910176586],[11.841674555463044,43.80802426209675],[11.710166740227894,43.87744594433773],[11.717031653912047,43.92181760381345],[11.684205203410736,43.93512639139748],[11.69088475398162,43.95685807099834],[11.645549050912198,43.98984931289268],[11.748876930689066,44.10414141134529],[11.748483282944337,44.12474058782323],[11.715885199932135,44.122557296674735],[11.720228301667595,44.15868756717753],[11.752838668197263,44.193485105135345],[11.771386147412795,44.19887013258304],[11.78081344339708,44.180410126358765],[11.829380101055378,44.19896882753703],[11.888610157877835,44.17065689690503],[11.928291512187602,44.21562754589696],[11.926247751095216,44.2409821824665],[11.947493641681337,44.23588460889241],[11.975862460901881,44.25569716036992],[12.035587240279398,44.33080881743695],[12.055007375508326,44.30530831098102],[12.1080004230909,44.288554654173254],[12.103246709175734,44.271975319740406],[12.17653912344037,44.245111051012415],[12.208819514617415,44.25560560108803],[12.201672983810518,44.22618754544238],[12.226246867834453,44.21412035704514],[12.280241230693385,44.233189220645095],[12.349336079792467,44.19073231229392],[12.383523730403537,44.224494061058714],[12.450616465542094,44.16222389709089],[12.42872042004216,44.14734462789046],[12.454523559834156,44.09319055548503],[12.364997087668497,44.061383500952886],[12.360547917930509,44.0498379308374],[12.39529124073767,44.03024571391904],[12.385725974700186,44.00978731157738],[12.294761958290438,43.928189597704325],[12.21908817834034,43.90805634567503],[12.159497612589789,43.92174735920973],[12.168050732909741,43.897557360178894],[12.138259788488755,43.84764094171654],[12.149468129514952,43.83329454045603],[12.102893028688877,43.79227068523379],[12.107445574331052,43.75377136751974],[12.070542918670224,43.740730605306105],[12.053002579133905,43.75696562901388],[11.986510468773211,43.761927468089326],[11.918787746585984,43.793688204536195]]]}},{"type":"Feature","bbox":[12.09617530112244,43.73192431848447,12.755640592249431,44.16246519518058],"properties":{"prov_name":"Rimini","prov_istat_code_num":99,"prov_acr":"RN","reg_name":"Emilia-Romagna","reg_istat_code":"08","reg_istat_code_num":8,"prov_istat_code":"099"},"geometry":{"type":"Polygon","coordinates":[[[12.42872042004216,44.14734462789046],[12.449760333758055,44.16246519017586],[12.668543200113051,43.999707196174164],[12.750621437533926,43.96854449564636],[12.727907581132268,43.92418244740162],[12.727959115334063,43.86374008900301],[12.68229503509492,43.85279664948034],[12.673024622224398,43.82370720198275],[12.623627971705883,43.8210437254997],[12.589492263833087,43.88564495901325],[12.541692224843729,43.86402776418859],[12.51817448745748,43.88104146553019],[12.499338864964455,43.873603386564575],[12.4870860030365,43.89427106350369],[12.515665508624716,43.94153288774483],[12.509471054667955,43.99120346527421],[12.436867357127205,43.956622636924735],[12.404592592126999,43.955696082181724],[12.408355601559503,43.90297161650456],[12.44369392343687,43.904978630211836],[12.4636416173895,43.89124196138782],[12.445693194982423,43.87080603858291],[12.400608558757074,43.872774851076436],[12.387966898760112,43.816787276983405],[12.2848538691388,43.794794786610154],[12.283780916917237,43.76491721463657],[12.245910242574288,43.75119445015293],[12.209310650537889,43.75707280675845],[12.194632649708916,43.73192431330688],[12.163669515182884,43.76236200643127],[12.108553634830681,43.753062959294304],[12.102676997529997,43.79164910545318],[12.149468129514952,43.83329454045603],[12.138259788488755,43.84764094171654],[12.168050732909741,43.897557360178894],[12.159497612589789,43.92174735920973],[12.21908817834034,43.90805634567503],[12.294761958290438,43.928189597704325],[12.385725974700186,44.00978731157738],[12.39529124073767,44.03024571391904],[12.360547917930509,44.0498379308374],[12.364997087668497,44.061383500952886],[12.452079919574922,44.087199680872544],[12.42872042004216,44.14734462789046]],[[12.176541373611943,43.81054074382277],[12.186139625861244,43.77413007733762],[12.237261526973208,43.78700399375708],[12.229788104841294,43.80868106518506],[12.176541373611943,43.81054074382277]]]}},{"type":"Feature","bbox":[9.686700448591356,43.97563319388331,10.255582332275495,44.472707491373264],"properties":{"prov_name":"Massa-Carrara","prov_istat_code_num":45,"prov_acr":"MS","reg_name":"Toscana","reg_istat_code":"09","reg_istat_code_num":9,"prov_istat_code":"045"},"geometry":{"type":"Polygon","coordinates":[[[9.897858876292739,44.163592579599715],[9.934010411227383,44.19662212718031],[9.897147992549254,44.20991766955559],[9.864956784626825,44.1807078200818],[9.875356733717789,44.223942457043506],[9.857027383161219,44.23402981904805],[9.852656948112894,44.270205120093436],[9.765416146396523,44.30432756433875],[9.711149302548812,44.363575251082956],[9.686700448591361,44.365939562245266],[9.76047516556101,44.3900499009207],[9.756464975111589,44.40617352742547],[9.819936688079295,44.46642290027967],[9.924305944889952,44.47236891978171],[10.001018024935927,44.44324680520103],[9.996669924388565,44.397127757422545],[10.098272854462348,44.34629330929916],[10.146281036526865,44.3521325565403],[10.25385666310428,44.26858068537814],[10.230794784493002,44.228354091842306],[10.186774320705261,44.20620882978957],[10.199608186428486,44.172677835271756],[10.186468542428488,44.123738935666616],[10.232590529373262,44.10865189837494],[10.24319182446215,44.08460196410359],[10.170443926742998,43.98488448422432],[10.143143823555338,43.97563318880409],[10.018772948617338,44.04447688467762],[10.071019413563143,44.09366556523632],[10.021952318205429,44.119621183423725],[9.993322038355128,44.09267571293746],[9.983451606983126,44.09887807865564],[9.995353698657143,44.11789334064251],[9.974028992795704,44.16692837089629],[9.897858876292739,44.163592579599715]]]}},{"type":"Feature","bbox":[10.143143823555333,43.7497486040246,10.737797524316807,44.28546092802383],"properties":{"prov_name":"Lucca","prov_istat_code_num":46,"prov_acr":"LU","reg_name":"Toscana","reg_istat_code":"09","reg_istat_code_num":9,"prov_istat_code":"046"},"geometry":{"type":"Polygon","coordinates":[[[10.727880349802065,43.8133383008408],[10.711089058052474,43.78635067693147],[10.661628572771724,43.80615869723491],[10.62271210803007,43.756692198384656],[10.553971981545757,43.74974859885429],[10.453276732806495,43.76536313378805],[10.439047459321946,43.78746714275864],[10.452010761521821,43.80445957708544],[10.425150870556108,43.83496431660076],[10.380005350665945,43.81251427767474],[10.307051003291427,43.82943902682753],[10.257884745380967,43.815695342224224],[10.236002245918963,43.876168178645784],[10.143143823555338,43.97563318880409],[10.1735585909095,43.987436505792],[10.239108286124784,44.07162764063905],[10.232590529373262,44.10865189837494],[10.186468542428488,44.123738935666616],[10.199608186428486,44.172677835271756],[10.186774320705261,44.20620882978957],[10.230794784493002,44.228354091842306],[10.25385666310428,44.26858068537814],[10.296616312209336,44.28546092306765],[10.371588787979585,44.269379207048395],[10.430263427472218,44.22743489060416],[10.488393276003928,44.22086719674116],[10.525121668328248,44.15623593922834],[10.585528118344696,44.11859062119299],[10.62405585062793,44.1203660949935],[10.72232230013061,44.08297397273749],[10.718958190638354,44.04389449260685],[10.737797524316813,44.024938950739546],[10.671332163475547,43.98110341235232],[10.647719340578378,43.909353667621566],[10.650829499217782,43.86995389308435],[10.67837216274459,43.8755253418459],[10.727880349802065,43.8133383008408]]]}},{"type":"Feature","bbox":[10.623408936946824,43.788830418599964,11.071477934562418,44.16009232812548],"properties":{"prov_name":"Pistoia","prov_istat_code_num":47,"prov_acr":"PT","reg_name":"Toscana","reg_istat_code":"09","reg_istat_code_num":9,"prov_istat_code":"047"},"geometry":{"type":"Polygon","coordinates":[[[11.012952116335038,43.86977764253356],[11.030296183477708,43.83885000990875],[10.96411488123975,43.812483396114594],[10.941989741440693,43.82341374856808],[10.915778589786418,43.800573202369165],[10.84746483956795,43.80300157515658],[10.8127286363519,43.78883041344548],[10.81567035217423,43.808708581101385],[10.78658603464174,43.79855189435275],[10.727755088170307,43.814168522632414],[10.67837216274459,43.8755253418459],[10.650829499217782,43.86995389308435],[10.671332163475547,43.98110341235232],[10.737797524316813,44.024938950739546],[10.718958190638354,44.04389449260685],[10.72232230013061,44.08297397273749],[10.62405585062793,44.1203660949935],[10.641209711772992,44.15983507806959],[10.754259887988875,44.154148208167534],[10.848664830564157,44.098058528360696],[10.892075317925018,44.09243319988919],[10.912006030071721,44.06238187228281],[11.014309068985542,44.137487321524524],[11.00200901991643,44.110892488845955],[11.047130693877525,44.09494936518299],[11.054471350008637,44.07153998424734],[11.014333103200245,43.99573846681133],[11.07147793456242,43.982886518027726],[11.029317534288671,43.941956155006466],[11.012952116335038,43.86977764253356]]]}},{"type":"Feature","bbox":[10.711089058052474,43.45144007685371,11.752937086897612,44.23924427020121],"properties":{"prov_name":"Firenze","prov_istat_code_num":48,"prov_acr":"FI","reg_name":"Toscana","reg_istat_code":"09","reg_istat_code_num":9,"prov_istat_code":"048"},"geometry":{"type":"Polygon","coordinates":[[[11.20241931569574,44.100737707785306],[11.263687926949073,44.10427195296368],[11.195730599430343,44.15141455221869],[11.280713653565758,44.15533921595022],[11.342809365390293,44.20581920768716],[11.380545127404192,44.20000075994102],[11.421064893564795,44.239244265226844],[11.451297227596203,44.22056833271067],[11.447627004684872,44.19948528965713],[11.516132499646984,44.15755237174652],[11.544415747795233,44.152527617264845],[11.565172906168808,44.16724202704946],[11.615364491489578,44.1582543778883],[11.58457420953013,44.11220515171498],[11.61616647266099,44.11849090259054],[11.652556286476269,44.101155056291674],[11.678806500213431,44.12291267339678],[11.75263880415604,44.12139040661821],[11.645549050912198,43.98984931289268],[11.69088475398162,43.95685807099834],[11.684205203410736,43.93512639139748],[11.717607920243225,43.919976247771565],[11.710534363199598,43.877766320005684],[11.670404990332646,43.8768323666903],[11.65268423013049,43.84177477340276],[11.630213537175086,43.84674214276688],[11.628532075593457,43.82121147331862],[11.582945568292738,43.76810623554286],[11.572051463167389,43.73340888799255],[11.610215838626226,43.687003596197286],[11.539241337480876,43.66158376041724],[11.549268201437755,43.64662179765544],[11.483917657857416,43.62612846361264],[11.519837781183064,43.5798645025576],[11.464527011583453,43.586869348097586],[11.364023124707485,43.5261199019637],[11.294284301249814,43.5186635909744],[11.269589414533083,43.545833186381856],[11.267738277370874,43.522776981108],[11.22963411067133,43.489690292237356],[11.175651465012681,43.488263632387415],[11.183470210331137,43.52265336514915],[11.123598015493346,43.47512453815506],[11.033976482166018,43.54667664678008],[10.965377828631768,43.51400651285614],[10.951509463590027,43.45144007156128],[10.910842589719552,43.46629055323297],[10.86983653379899,43.46051407335381],[10.825518811802889,43.53549528167735],[10.848477859955384,43.56266022198097],[10.830643856187496,43.56988026305388],[10.840774421713817,43.58860765456407],[10.82240023642228,43.61391479332077],[10.849764933737225,43.62571131266486],[10.874051292022724,43.614204927416274],[10.888264672406306,43.63961374261756],[10.934047213247773,43.65773202135834],[10.877219418498397,43.719199482634146],[10.79791703655291,43.7054566784189],[10.711089058052474,43.78635067693147],[10.727755088170307,43.814168522632414],[10.78658603464174,43.79855189435275],[10.81567035217423,43.808708581101385],[10.8127286363519,43.78883041344548],[10.84746483956795,43.80300157515658],[10.915778589786418,43.800573202369165],[10.941989741440693,43.82341374856808],[10.977817041716063,43.785380482990234],[11.028115650265876,43.7796097146682],[11.056727587268222,43.75876818746541],[11.05619559559226,43.782394059524265],[11.076369275655656,43.79293243726987],[11.062540212344347,43.817627443944666],[11.094975011466076,43.82008077354639],[11.148765097592166,43.8666103206793],[11.134562343425662,43.884757321230126],[11.14164596952087,43.90687201751017],[11.169344533979384,43.91861182618552],[11.174033392728095,44.009979951588],[11.191570202553102,44.02980512335735],[11.17933692198717,44.045772237399696],[11.20241931569574,44.100737707785306]]]}},{"type":"Feature","bbox":[9.791282843211,42.314186979693815,10.796219655378454,43.63463830579779],"properties":{"prov_name":"Livorno","prov_istat_code_num":49,"prov_acr":"LI","reg_name":"Toscana","reg_istat_code":"09","reg_istat_code_num":9,"prov_istat_code":"049"},"geometry":{"type":"Polygon","coordinates":[[[10.082554516106722,42.57079407997354],[10.052134187902384,42.57386920069825],[10.04553760083343,42.58306572262038],[10.071638554910146,42.589520165672454],[10.081501115079199,42.60148812491426],[10.07965206247158,42.61935445635937],[10.137784379097079,42.73331198885792],[10.105555738490247,42.76260790043964],[10.108533541230575,42.79363132748362],[9.801136825804438,43.00701105831207],[9.791282843211,43.02316016862074],[9.800136664505633,43.05376928072639],[9.825565686184177,43.07289731011435],[9.836619472745934,43.06537902844606],[9.835477514326602,43.04911558898209],[9.847599823543803,43.04514534270566],[9.814696958846692,43.00455063727269],[10.110921436840043,42.795061789341716],[10.139917433354931,42.80930522219403],[10.174607403750162,42.80628005546076],[10.185973272646898,42.81225938435005],[10.241861519693169,42.78738889235022],[10.247571581042392,42.79897276018922],[10.269405620727852,42.80345597203108],[10.275318137275358,42.818464871639556],[10.263145069706695,42.83009036189852],[10.295397265752158,42.81874147891045],[10.332964413681452,42.817380472243805],[10.315034327102843,42.80955075245116],[10.317373230264172,42.80464308069388],[10.351868989427276,42.79771674223519],[10.36146697599168,42.80337755209436],[10.359430542234184,42.817046755648455],[10.379261695658036,42.82749635293934],[10.407719808583584,42.87134222184486],[10.499046896337273,42.93537165825666],[10.48300314968812,42.98839191255074],[10.513317212443917,42.99496251010935],[10.510757522463804,43.01215270478418],[10.521516526662639,43.019261238731474],[10.531618530083914,43.05252952821079],[10.539744793727753,43.1449791545649],[10.530324134469598,43.222141479010965],[10.506741436222956,43.28293729540257],[10.45931642495785,43.32204594593548],[10.424991223265964,43.39837819754032],[10.406780663369567,43.408796486761915],[10.381206176407396,43.45009545019805],[10.330446324827138,43.47383540474842],[10.318925046133389,43.510311604918755],[10.296184830385473,43.540327137696295],[9.908812040643188,43.43390412287991],[9.900517780117081,43.420092222208],[9.889054950721409,43.42818153953682],[9.90143052483003,43.439561278715935],[9.907193452922332,43.43586766834789],[10.303828017513167,43.54503103741679],[10.294121927763022,43.55240934555422],[10.310241346283167,43.572354791876286],[10.30359310854209,43.578232837873955],[10.298142316110395,43.56191149067554],[10.303934086319085,43.58564746076991],[10.411430104112247,43.61762215200923],[10.433827461872967,43.63337930343871],[10.50892642991949,43.62921386075143],[10.486197806043624,43.58639422237881],[10.47520595389841,43.5840447767115],[10.479657935906005,43.55808958485153],[10.464333923609825,43.53983773552413],[10.499912629442482,43.44766995279057],[10.487220429588293,43.43758004104361],[10.506991862821407,43.4321527510885],[10.4942371514369,43.407882816179416],[10.506311097573246,43.36931236312674],[10.514660687104817,43.3620892935004],[10.540028535603044,43.36776712752978],[10.523140817596158,43.3255882873107],[10.561802700663838,43.30831118821059],[10.566344968400493,43.297305870638596],[10.614816354485637,43.28282193583385],[10.65184751007403,43.283535623394066],[10.657105268662306,43.29226030350658],[10.68435353528796,43.30078870782806],[10.697009858796378,43.294733025063344],[10.696735075161667,43.28086144380106],[10.66700925686836,43.26509981015419],[10.671982806693928,43.24693741649783],[10.662085250541402,43.22948708860124],[10.670610907506644,43.22197924561599],[10.690311032389035,43.224202014692686],[10.690497225128313,43.20821640736993],[10.67880349652416,43.19298203555711],[10.643819316137352,43.19176132169705],[10.649244928004093,43.171594205552616],[10.663548793410303,43.1732599993568],[10.663435355492565,43.145509731650066],[10.688999181061233,43.142748920976686],[10.694621356059477,43.125926322048365],[10.719607213085379,43.12174451975252],[10.72531701388956,43.08258166630661],[10.713136483355827,43.0721950020818],[10.728115168373503,43.066377194757884],[10.75380421857874,43.07489201339188],[10.780422599856529,43.063382940373074],[10.776849012968723,43.02341284809756],[10.796219655378456,43.01766255354501],[10.780196007061171,43.00418083623961],[10.741363367486498,43.014557536843604],[10.737864198592403,43.001436847015455],[10.75051526651351,42.98553075255718],[10.714444861900438,42.95911660557183],[10.706263855822689,42.94192940023368],[10.64508201389306,42.95319430951039],[10.56191480675874,42.9511516580534],[10.541311704936751,42.935573426245725],[10.543502869971775,42.92075111510923],[10.497637108099472,42.93153178572988],[10.414383283071986,42.87189324861793],[10.44402401269434,42.84684659285548],[10.428616508784243,42.816310124190984],[10.434516418129972,42.7765282891184],[10.38571072161896,42.7593486571489],[10.401618963253677,42.75744854780754],[10.411015075748848,42.7437915880688],[10.432765266380136,42.734894518482186],[10.434878449741872,42.71819714605514],[10.424255311873456,42.70839923430936],[10.411159461558615,42.71635315031873],[10.382723303497977,42.71498228503718],[10.35815225099972,42.758334826924376],[10.342398230494782,42.76419612961516],[10.318177009250467,42.759974932172454],[10.325762167928376,42.74402467428933],[10.319511005663742,42.73601918293526],[10.312460248689648,42.75778254503193],[10.302712597452157,42.75973542311134],[10.283022847542501,42.734907429923986],[10.238998747655552,42.74882130384307],[10.236789359769373,42.726037111731],[10.188139569372044,42.73624863503015],[10.14055644719783,42.73236188598689],[10.084202140335584,42.61792589330926],[10.100982423672573,42.576318985641954],[10.088892864760084,42.5685365110773],[10.300562109446762,42.350711552482906],[10.327487486103141,42.34267783466221],[10.331518590120476,42.324678730533854],[10.315420790002497,42.31418697391812],[10.29349094884808,42.31754849304223],[10.288782177621309,42.33357792119226],[10.297990103243707,42.34951450285968],[10.082554516106722,42.57079407997354]]]}},{"type":"Feature","bbox":[10.258441449776214,43.10876073027344,11.01400568339971,43.83496432173655],"properties":{"prov_name":"Pisa","prov_istat_code_num":50,"prov_acr":"PI","reg_name":"Toscana","reg_istat_code":"09","reg_istat_code_num":9,"prov_istat_code":"050"},"geometry":{"type":"Polygon","coordinates":[[[10.645481324450175,43.79502955142718],[10.68752997148823,43.80426568614635],[10.738451724712007,43.75384422409846],[10.77882040274046,43.737164888673476],[10.79791703655291,43.7054566784189],[10.877219418498397,43.719199482634146],[10.934047213247773,43.65773202135834],[10.888264672406306,43.63961374261756],[10.874051292022724,43.614204927416274],[10.825522232485595,43.62043775094631],[10.830643856187496,43.56988026305388],[10.848477859955384,43.56266022198097],[10.825518811802889,43.53549528167735],[10.86983653379899,43.46051407335381],[10.910842589719552,43.46629055323297],[10.951509463590027,43.45144007156128],[10.978959696843837,43.40683476919855],[11.002034338412034,43.401252586075856],[11.01400568339971,43.36523365797505],[10.997709816408067,43.34404409418543],[10.972067898194174,43.3442641708543],[10.952061301005044,43.30204804458055],[10.985965658020039,43.287362278900986],[10.996517814444703,43.23947186508287],[10.93946537185791,43.24515398828642],[10.927210800465168,43.23112534490375],[10.941410439793097,43.20400718936768],[10.908668203907165,43.1597704254246],[10.81535009123163,43.15071837572715],[10.800523345673371,43.16261353178825],[10.768053459945053,43.14313008529282],[10.755403391963327,43.15398625185608],[10.749148105272559,43.12440318958158],[10.71750313973776,43.108760724838355],[10.717457751761044,43.12444215759071],[10.663073904812268,43.145785124616204],[10.643140266052365,43.190762579259655],[10.689709725759688,43.20644516543884],[10.690624075051852,43.223945262935594],[10.662085250541402,43.22948708860124],[10.66700925686836,43.26509981015419],[10.697009858796378,43.294733025063344],[10.614816354485637,43.28282193583385],[10.523140817596158,43.3255882873107],[10.540028535603044,43.36776712752978],[10.506311097573246,43.36931236312674],[10.4942371514369,43.407882816179416],[10.506991862821407,43.4321527510885],[10.487220429588293,43.43758004104361],[10.499912629442482,43.44766995279057],[10.464333923609825,43.53983773552413],[10.50892642991949,43.62921386075143],[10.434264420806475,43.63350888019513],[10.298227820360186,43.58122392724333],[10.258441449776209,43.81541235224239],[10.307051003291427,43.82943902682753],[10.380005350665945,43.81251427767474],[10.425150870556108,43.83496431660076],[10.452010761521821,43.80445957708544],[10.439047459321946,43.78746714275864],[10.453276732806495,43.76536313378805],[10.553971981545757,43.74974859885429],[10.62271210803007,43.756692198384656],[10.645481324450175,43.79502955142718]]]}},{"type":"Feature","bbox":[11.397508987486924,43.156326421950766,12.37135441647987,43.877473894011025],"properties":{"prov_name":"Arezzo","prov_istat_code_num":51,"prov_acr":"AR","reg_name":"Toscana","reg_istat_code":"09","reg_istat_code_num":9,"prov_istat_code":"051"},"geometry":{"type":"Polygon","coordinates":[[[12.09539488474706,43.52260999436249],[12.092498820950507,43.50106721356629],[12.143244283316726,43.47029255310193],[12.032138221158917,43.42370960117121],[12.031435375471617,43.4010840649136],[12.072136273746375,43.404548250900504],[12.075430217680562,43.36703151408549],[12.121432944640274,43.361662856305266],[12.132523236121534,43.293069699405926],[12.177042441060314,43.28178185984065],[12.193818427023867,43.31307151512086],[12.223473888570474,43.29501344492473],[12.092365101100254,43.23590807797798],[12.04889637624834,43.2531072536738],[12.018776127154075,43.18408472064603],[11.96218859922408,43.166959400549715],[11.903418088886767,43.174498695284335],[11.887821426991835,43.15632641653564],[11.833729401980298,43.224469493494986],[11.75118816163551,43.2369340388336],[11.702513113082375,43.28460381618608],[11.678053150984892,43.285524102030614],[11.658024267131177,43.32170128209588],[11.548008638827035,43.37773517015461],[11.529731892825737,43.39860703421606],[11.55063257466095,43.459580186608505],[11.50176225485136,43.46069879671413],[11.460813118462275,43.51029172902172],[11.435877204248895,43.51161384030332],[11.39750898748692,43.54824451266456],[11.464527011583453,43.586869348097586],[11.521541976905878,43.581080662832825],[11.483917657857416,43.62612846361264],[11.549268201437755,43.64662179765544],[11.539241337480876,43.66158376041724],[11.609740749834597,43.68634819286971],[11.57197795659659,43.73430188421857],[11.604819514135839,43.810226006600004],[11.628532075593457,43.82121147331862],[11.630213537175086,43.84674214276688],[11.65268423013049,43.84177477340276],[11.660383105153008,43.871954693761765],[11.709768077719934,43.87747388889238],[11.841674555463044,43.80802426209675],[11.909747639978688,43.81271910176586],[11.953380474185746,43.77608869428288],[12.053002579133905,43.75696562901388],[12.070542918670224,43.740730605306105],[12.163669515182884,43.76236200643127],[12.194632649708916,43.73192431330688],[12.20916635859673,43.75573089716704],[12.170052414852783,43.80642659700808],[12.226846526290329,43.80949124813548],[12.237261526973208,43.78700399375708],[12.200614444487334,43.77459409382859],[12.210848940833788,43.757372243344086],[12.245910242574288,43.75119445015293],[12.283780916917237,43.76491721463657],[12.327074389378872,43.75100983045093],[12.368190442424892,43.71510152890616],[12.357324784211459,43.70202482141029],[12.330488893511012,43.70796512061325],[12.330831939726222,43.67362134224771],[12.315718927532362,43.67791910164958],[12.305606306620518,43.72849076858654],[12.297210786807145,43.68595025997575],[12.24507069256927,43.68147633059717],[12.23265648513224,43.655595897048315],[12.185508499890092,43.64182830316117],[12.213834576267306,43.61088376067105],[12.162662184634627,43.56136664776629],[12.153237649315848,43.528712787130154],[12.09539488474706,43.52260999436249]]]}},{"type":"Feature","bbox":[10.908312951711318,42.78575944729584,11.982431524565104,43.548372512061825],"properties":{"prov_name":"Siena","prov_istat_code_num":52,"prov_acr":"SI","reg_name":"Toscana","reg_istat_code":"09","reg_istat_code_num":9,"prov_istat_code":"052"},"geometry":{"type":"Polygon","coordinates":[[[11.636214571175017,42.858463960272076],[11.614550482805852,42.944708410692016],[11.571601066626608,42.97025507020838],[11.530572359779,42.96515513009603],[11.515005189381947,42.98119317467638],[11.456241245929231,42.95730260233872],[11.350390790117647,42.97201557663478],[11.38051621008091,42.9960829636284],[11.361090264506023,43.0099832681229],[11.361458394850303,43.083235558815026],[11.08359286314627,43.08355643131605],[11.051139114759549,43.14359036564577],[11.059095647133036,43.183877048697774],[11.021703325067799,43.18906437876938],[10.942425738847259,43.160354659349416],[10.90879769074807,43.16392831314876],[10.941410439793097,43.20400718936768],[10.927210800465168,43.23112534490375],[10.93946537185791,43.24515398828642],[10.98894270195599,43.23112182002407],[10.99660137121614,43.23976754763746],[10.985965658020039,43.287362278900986],[10.952061301005044,43.30204804458055],[10.972067898194174,43.3442641708543],[10.997709816408067,43.34404409418543],[11.01400568339971,43.36523365797505],[11.002034338412034,43.401252586075856],[10.978959696843837,43.40683476919855],[10.950845185480688,43.450056803207154],[10.965377828631768,43.51400651285614],[11.033976482166018,43.54667664678008],[11.111232437456128,43.4981425384554],[11.12045917032457,43.47587611800921],[11.183470210331137,43.52265336514915],[11.174457234562476,43.489790010376],[11.208146786842951,43.480356263510224],[11.248133325813226,43.500731278244146],[11.269589414533083,43.545833186381856],[11.307246378626221,43.518222543319276],[11.404497394643029,43.5469384349965],[11.50176225485136,43.46069879671413],[11.55063257466095,43.459580186608505],[11.531520458791666,43.39233674027954],[11.658024267131177,43.32170128209588],[11.72129106943534,43.2542609748168],[11.796278787266441,43.22190740494012],[11.833729401980298,43.224469493494986],[11.887821426991835,43.15632641653564],[11.903418088886767,43.174498695284335],[11.961246989944371,43.166907687011886],[11.912351770617628,43.12840240198102],[11.93606540500577,43.055925918913694],[11.956587920974002,43.06867684284778],[11.982401607795714,43.05094818204805],[11.93272156509341,42.908497903385275],[11.95881228099156,42.8916464879754],[11.958657049514771,42.87105760051367],[11.929018727873537,42.86929018903427],[11.894592613899196,42.83428840398686],[11.850593088594644,42.838683184326555],[11.814572594779548,42.823351626585314],[11.806850201948428,42.79485624876971],[11.76850477431189,42.81995834777805],[11.746017675943753,42.78575944172388],[11.625575032920349,42.79794359898244],[11.636214571175017,42.858463960272076]]]}},{"type":"Feature","bbox":[10.706263855822694,42.23824385377517,11.818658361058544,43.189064384170784],"properties":{"prov_name":"Grosseto","prov_istat_code_num":53,"prov_acr":"GR","reg_name":"Toscana","reg_istat_code":"09","reg_istat_code_num":9,"prov_istat_code":"053"},"geometry":{"type":"Polygon","coordinates":[[[11.109881123229663,42.23824384796622],[11.091307809159838,42.25326105671495],[11.109020737111441,42.26134104083349],[11.152073684021651,42.362202213434024],[11.092435960678216,42.40198765924541],[10.921937407044407,42.354616460889154],[10.921130763940447,42.31956224585018],[10.866572953025855,42.35435849514107],[10.880173881576502,42.38883234170986],[10.924024446246339,42.35633390815906],[11.091364357375122,42.404100254307],[11.104905782364563,42.44757310608186],[11.163049794453451,42.43557794544902],[11.191469594817098,42.51310443530688],[11.158172567772704,42.562051696870085],[11.132869556069313,42.55297570865315],[11.11718412047307,42.56582894791555],[11.085326047382884,42.62681992296812],[11.009977674369496,42.659182960853435],[10.961909610324465,42.730663618128574],[10.90082057599308,42.75664265607212],[10.784595658308124,42.77565895244992],[10.734440316177462,42.801330943688015],[10.765458745262512,42.81691716930799],[10.786572208492208,42.888696444298496],[10.76356896087092,42.91622535274266],[10.706263855822689,42.94192940023368],[10.75051526651351,42.98553075255718],[10.741363367486498,43.014557536843604],[10.780196007061171,43.00418083623961],[10.796219655378456,43.01766255354501],[10.776849012968723,43.02341284809756],[10.780422599856529,43.063382940373074],[10.712867051738577,43.07291235610792],[10.71750313973776,43.108760724838355],[10.749148105272559,43.12440318958158],[10.755403391963327,43.15398625185608],[10.768053459945053,43.14313008529282],[10.800523345673371,43.16261353178825],[10.81535009123163,43.15071837572715],[10.942425738847259,43.160354659349416],[11.021703325067799,43.18906437876938],[11.059095647133036,43.183877048697774],[11.051139114759549,43.14359036564577],[11.08359286314627,43.08355643131605],[11.361458394850303,43.083235558815026],[11.361090264506023,43.0099832681229],[11.38051621008091,42.9960829636284],[11.350390790117647,42.97201557663478],[11.456241245929231,42.95730260233872],[11.515005189381947,42.98119317467638],[11.530572359779,42.96515513009603],[11.571601066626608,42.97025507020838],[11.62375390757233,42.928523836006725],[11.619685844844224,42.88140665146191],[11.637297021245248,42.85162034420254],[11.625138652774025,42.79832279915869],[11.661578354280744,42.7880892668747],[11.712247701198212,42.79747087357564],[11.818658361058542,42.74577193992433],[11.801555703907852,42.70719157887924],[11.781143070502255,42.70532572150605],[11.804776035350242,42.6439991727834],[11.749756583678671,42.63964887077042],[11.735974102358188,42.60666402029569],[11.711108318223731,42.6109060559248],[11.643368707962527,42.56634652073678],[11.578557204548643,42.566210975112064],[11.584350645114997,42.542754615573855],[11.561235582203095,42.517293001708296],[11.616316825514591,42.48839073076042],[11.61770931072843,42.43604425244543],[11.488888408440376,42.43937035785313],[11.449851992778127,42.37754018348067],[11.27026905012412,42.41908159212061],[11.213501122950397,42.410955150508485],[11.18995672744909,42.363643075289836],[11.154840736640736,42.36125694492349],[11.109881123229663,42.23824384796622]]]}},{"type":"Feature","bbox":[10.964114881239752,43.75840154593166,11.20492026248786,44.11242202076835],"properties":{"prov_name":"Prato","prov_istat_code_num":100,"prov_acr":"PO","reg_name":"Toscana","reg_istat_code":"09","reg_istat_code_num":9,"prov_istat_code":"100"},"geometry":{"type":"Polygon","coordinates":[[[11.04942712849881,44.09024606656759],[11.160340465298471,44.112399940271054],[11.20241931569574,44.100737707785306],[11.204920262487866,44.08539900075556],[11.180406186716883,44.05109968932055],[11.191570202553102,44.02980512335735],[11.174033392728095,44.009979951588],[11.169344533979384,43.91861182618552],[11.14164596952087,43.90687201751017],[11.13457002428171,43.88478980255933],[11.148765097592166,43.8666103206793],[11.094975011466076,43.82008077354639],[11.062540212344347,43.817627443944666],[11.076369275655656,43.79293243726987],[11.05619559559226,43.782394059524265],[11.055087726204164,43.75840154076482],[11.028115650265876,43.7796097146682],[10.977817041716063,43.785380482990234],[10.96411488123975,43.812483396114594],[11.030296183477708,43.83885000990875],[11.012952116335038,43.86977764253356],[11.020576054171142,43.92042210553758],[11.07147793456242,43.982886518027726],[11.011699627897134,44.00547978934886],[11.040376345595813,44.034204491091806],[11.04942712849881,44.09024606656759]]]}},{"type":"Feature","bbox":[11.912351770617624,42.596816063499894,13.26420751654157,43.61734435669376],"properties":{"prov_name":"Perugia","prov_istat_code_num":54,"prov_acr":"PG","reg_name":"Umbria","reg_istat_code":"10","reg_istat_code_num":10,"prov_istat_code":"054"},"geometry":{"type":"Polygon","coordinates":[[[13.15703954883755,42.652925236121064],[13.118188111183205,42.65765328369602],[13.061955466071336,42.62310039803258],[13.024284676205662,42.63903612057239],[13.011223255384653,42.61710817372805],[12.95250182046352,42.61892587866974],[12.930122744991985,42.60288228603422],[12.886754435316593,42.61974716303645],[12.889529508206506,42.64085244193168],[12.860557567654448,42.6669052082356],[12.828089039254285,42.67103079218397],[12.733817333557356,42.62414330674136],[12.720437166465626,42.59685580185383],[12.697669761079446,42.63720265629711],[12.622231509412861,42.67348932339154],[12.61428214710306,42.69463915641252],[12.583881688512276,42.688176276779316],[12.579885071148807,42.705548708151554],[12.619292611505001,42.7082389011568],[12.628384666913954,42.72153340195782],[12.591032824254428,42.748774285466865],[12.57331255474493,42.713776811692675],[12.53242990279432,42.71104877330264],[12.493214979132897,42.73472273171859],[12.4171026422068,42.68043491354887],[12.412355440628186,42.70127274598136],[12.386628647011888,42.673313720867355],[12.368705947194353,42.6869304644155],[12.372676988173932,42.71293472534127],[12.328481022764732,42.75317908491499],[12.315631854607263,42.74084049140585],[12.297307479207594,42.7489426723646],[12.292038256124622,42.766558096660304],[12.32728434804109,42.85037988858421],[12.330553212266413,42.88963706719893],[12.30470805113078,42.88967552288114],[12.319452624145171,42.915355735861226],[12.230747024313969,42.92139435166731],[12.188646686434867,42.93954422721193],[12.050822087093291,42.940754842793176],[11.999710120004806,42.90992687713355],[12.030093680382336,42.88132087917614],[11.935580167131118,42.86371038994209],[11.997947326624882,42.908703490508245],[11.957606543895107,42.916777084431885],[11.952083425305657,42.90098820555927],[11.93348346570549,42.90541902655772],[11.98243152456511,43.050560225296266],[11.956587920974002,43.06867684284778],[11.940070329961713,43.053282561111146],[11.923639992939645,43.074665412518335],[11.924981927670585,43.149253381966155],[12.024072289078056,43.18816003652983],[12.033962225536076,43.246702294457],[12.092365101100254,43.23590807797798],[12.22388817686811,43.295796336040475],[12.193818427023867,43.31307151512086],[12.177042441060314,43.28178185984065],[12.132523236121534,43.293069699405926],[12.124873720170521,43.357922869327886],[12.102570277418206,43.372450741300995],[12.076994480259264,43.365833026462894],[12.077306107325146,43.40214446080456],[12.032936004757886,43.400224912818764],[12.025221208243666,43.415069397206196],[12.143244283316726,43.47029255310193],[12.092498820950507,43.50106721356629],[12.09539488474706,43.52260999436249],[12.153237649315848,43.528712787130154],[12.203184614537815,43.60617942265333],[12.29780211499864,43.585804220865185],[12.35473167066023,43.61728565693692],[12.42531110269192,43.60908752189139],[12.431233689111457,43.59136656873623],[12.36799338906751,43.609237305863445],[12.370292611127747,43.57940145617173],[12.344027903552924,43.552859292355286],[12.314695686766116,43.54850869242359],[12.326655164526107,43.52915236927028],[12.3461357204807,43.52108058271059],[12.366736516080335,43.53408592699468],[12.394824448486139,43.5088396005455],[12.433186279253928,43.53840699280282],[12.459217044199523,43.51646474041396],[12.499814728403718,43.52145804667055],[12.619402624751105,43.41657354231609],[12.663176590853162,43.436830818551456],[12.708857823444193,43.424682905622696],[12.731977973193901,43.46184241894914],[12.771199899336462,43.457339606128905],[12.779661719818389,43.41420436766923],[12.749045080909935,43.378813308984135],[12.79873414990314,43.325041509112644],[12.788984051348383,43.2832260444592],[12.824756867376793,43.26656735087232],[12.836606568022583,43.217532934088545],[12.865389191186894,43.206059221995716],[12.862490472547744,43.16596603327014],[12.829645319638203,43.14550851840898],[12.843003102618344,43.12234421192389],[12.881307814472756,43.12121141557253],[12.897327701037122,43.09348462014437],[12.895822077078675,42.96459201655767],[12.976700469309986,42.926095872749805],[12.976152797799944,42.86980418565877],[13.000835891349467,42.9083885503893],[13.02494605658211,42.90257365555844],[13.054410389338717,42.92018354265071],[13.112247784161534,42.88933350598702],[13.160864379968501,42.83190028653204],[13.212247803874995,42.84171587424419],[13.235253317226999,42.867699957218285],[13.24773304305332,42.849968977891834],[13.264207516541566,42.80928141332901],[13.245617080215892,42.76776540304066],[13.221055462801857,42.772681533662876],[13.194196609710364,42.75849514683349],[13.17982441227366,42.67758864062394],[13.15703954883755,42.652925236121064]]]}},{"type":"Feature","bbox":[11.89188730409445,42.36418090994415,12.89634028653637,42.94312756493117],"properties":{"prov_name":"Terni","prov_istat_code_num":55,"prov_acr":"TR","reg_name":"Umbria","reg_istat_code":"10","reg_istat_code_num":10,"prov_istat_code":"055"},"geometry":{"type":"Polygon","coordinates":[[[12.505795333166962,42.73091180466699],[12.53242990279432,42.71104877330264],[12.57331255474493,42.713776811692675],[12.584583162732264,42.74912587914005],[12.600488809230232,42.74467731384984],[12.628384666913954,42.72153340195782],[12.619292611505001,42.7082389011568],[12.579885071148807,42.705548708151554],[12.583881688512276,42.688176276779316],[12.61428214710306,42.69463915641252],[12.622231509412861,42.67348932339154],[12.697669761079446,42.63720265629711],[12.720437166465626,42.59685580185383],[12.733817333557356,42.62414330674136],[12.828089039254285,42.67103079218397],[12.860557567654448,42.6669052082356],[12.896340286536367,42.61644403010585],[12.880524112672807,42.60934759109262],[12.89272902253992,42.56349743999225],[12.71113354981533,42.50079689821161],[12.741568095117394,42.47053250334032],[12.67464912192362,42.44241694075042],[12.649498254333666,42.44330991901907],[12.6410836035683,42.467801663992],[12.61480604140939,42.46510651455189],[12.606069658774066,42.4035284577226],[12.526113853950315,42.36418090419026],[12.511129429006889,42.40356673623919],[12.451439296831467,42.39620713642699],[12.463602468924403,42.42908632468161],[12.413650307607623,42.42559808915396],[12.413676967294931,42.45516791132431],[12.4303823641897,42.458022731075594],[12.412440965281787,42.46756334394665],[12.421390029275951,42.492526611124305],[12.39184502242193,42.49875896253286],[12.351225549956526,42.47365326870993],[12.325365844527113,42.49475745002529],[12.290578325465734,42.49151702138682],[12.307352110553357,42.49730079174546],[12.274765074596637,42.509205063708066],[12.2902672625698,42.51904368642434],[12.266757024417354,42.533466846887755],[12.275043308590545,42.559914789235606],[12.238657044796774,42.57217864988306],[12.247556158691896,42.59669321337721],[12.229135027787084,42.61109432041416],[12.24291660508348,42.62906504684211],[12.204335481591224,42.66046059567205],[12.161011599558238,42.676909985288],[12.124062233565631,42.64928604994467],[12.106734264455183,42.66467263312231],[12.029999165720978,42.64324122210671],[11.941329826271732,42.683300884771434],[11.930100550158,42.71294567054417],[11.968726058972113,42.73457842476783],[11.979481836407722,42.76458531010141],[11.927425138941802,42.78091690402794],[11.891887304094446,42.84287962187084],[11.930501941968451,42.86972042156871],[12.030093680382336,42.88132087917614],[12.001612668199328,42.90809905037194],[11.95859235680314,42.87432285286624],[11.951776194012208,42.91320894072863],[12.015511640359634,42.90902402782004],[12.050822087093291,42.940754842793176],[12.281988561560759,42.924023035066774],[12.320525704619302,42.91473428636804],[12.304862404121153,42.889355917333404],[12.330600503615388,42.88939257303311],[12.290765192273353,42.78120405835151],[12.296546096488257,42.750927528914595],[12.315631854607263,42.74084049140585],[12.330217582252061,42.75226999582282],[12.376733681711208,42.70766013551755],[12.368705947194353,42.6869304644155],[12.386628647011888,42.673313720867355],[12.412355440628186,42.70127274598136],[12.4171026422068,42.68043491354887],[12.505795333166962,42.73091180466699]]]}},{"type":"Feature","bbox":[12.185453636702121,43.41657354762288,13.17243413074119,43.96863512464329],"properties":{"prov_name":"Pesaro e Urbino","prov_istat_code_num":41,"prov_acr":"PU","reg_name":"Marche","reg_istat_code":"11","reg_istat_code_num":11,"prov_istat_code":"041"},"geometry":{"type":"Polygon","coordinates":[[[12.484045462264065,43.5272341989768],[12.459217044199523,43.51646474041396],[12.420958834647912,43.53626314065812],[12.394824448486139,43.5088396005455],[12.366736516080335,43.53408592699468],[12.333181381108817,43.52357829922925],[12.312894028099503,43.544513808728105],[12.370292611127747,43.57940145617173],[12.371298455529766,43.61116522970976],[12.35473167066023,43.61728565693692],[12.299539910960734,43.58587331979179],[12.225280421846273,43.593915560296516],[12.185453636702126,43.641103564195504],[12.23265648513224,43.655595897048315],[12.24507069256927,43.68147633059717],[12.297210786807145,43.68595025997575],[12.308318850214006,43.73017682536247],[12.315718927532362,43.67791910164958],[12.336047525399687,43.677642073093644],[12.330488893511012,43.70796512061325],[12.369479856842224,43.70655547661595],[12.327074389378872,43.75100983045093],[12.283411004723432,43.76327577424143],[12.282772223113557,43.78969587055216],[12.387966898760112,43.816787276983405],[12.404573012291754,43.8763884137382],[12.445693194982423,43.87080603858291],[12.46239403366395,43.89377138350017],[12.48740431178164,43.89646931000739],[12.499338864964455,43.873603386564575],[12.51817448745748,43.88104146553019],[12.541692224843729,43.86402776418859],[12.589492263833087,43.88564495901325],[12.623274694683218,43.82115172190928],[12.672567449121576,43.82356450369775],[12.68229503509492,43.85279664948034],[12.733992521182897,43.87025897619094],[12.727907581132268,43.92418244740162],[12.750621437533926,43.96854449564636],[12.797592701131094,43.965174402453336],[12.907332215722676,43.92300244610575],[13.172434130741193,43.75021293258785],[13.062640137424488,43.723342646439164],[13.07577818615721,43.71356607576307],[13.101230291313453,43.722189484498486],[12.986210082150016,43.65538548381058],[12.960505743819686,43.59710826627237],[12.922963699944335,43.58781266909092],[12.900089925458854,43.55308392346782],[12.805869104749915,43.50405926436042],[12.7991489431785,43.478880594776435],[12.767446108847878,43.45984788223257],[12.731977973193901,43.46184241894914],[12.708857823444193,43.424682905622696],[12.663176590853162,43.436830818551456],[12.619402624751105,43.41657354231609],[12.484045462264065,43.5272341989768]],[[12.433183584975012,43.59228883932351],[12.424153543569568,43.609431730541885],[12.407804699873768,43.602136049313906],[12.433183584975012,43.59228883932351]]]}},{"type":"Feature","bbox":[12.74680941986817,43.20993558678302,13.658362502305698,43.75021293775799],"properties":{"prov_name":"Ancona","prov_istat_code_num":42,"prov_acr":"AN","reg_name":"Marche","reg_istat_code":"11","reg_istat_code_num":11,"prov_istat_code":"042"},"geometry":{"type":"Polygon","coordinates":[[[13.481587787160665,43.60680871973849],[13.5068733654228,43.63050068806746],[13.575872578914089,43.56881340687903],[13.625544343192784,43.55033311747938],[13.622740189422544,43.50396823067273],[13.642060172920425,43.474138879354406],[13.60159173867718,43.45802030854746],[13.655611480835917,43.447294373127846],[13.655725210891276,43.43048619487082],[13.616269114735445,43.41717625086902],[13.582287163133447,43.426774427679675],[13.595703580178716,43.44654956490252],[13.447434801711436,43.444884666370314],[13.33618212549333,43.39144815293059],[13.285568766179814,43.42522111516911],[13.280771276276806,43.461183330585065],[13.244370025543963,43.45938724506804],[13.206194673379715,43.41606906636612],[13.150192533416764,43.41359929434008],[13.091823049718151,43.43588222612976],[13.071756820157317,43.416482310004994],[13.086037109655821,43.394472718078475],[13.015606083433042,43.31046013149581],[12.955250277654308,43.278387932585204],[12.910617139328236,43.26968369565296],[12.90304923336867,43.28089959970343],[12.881360179263552,43.265891929389284],[12.896363945082967,43.22838184790812],[12.862344919549194,43.21125211019599],[12.836606568022583,43.217532934088545],[12.824756867376793,43.26656735087232],[12.788984051348383,43.2832260444592],[12.794108995407191,43.33404616605563],[12.749045080909935,43.378813308984135],[12.779661719818389,43.41420436766923],[12.76780287512562,43.46241703634415],[12.7991489431785,43.478880594776435],[12.805869104749915,43.50405926436042],[12.900089925458854,43.55308392346782],[12.922963699944335,43.58781266909092],[12.960505743819686,43.59710826627237],[12.986210082150016,43.65538548381058],[13.069762710169076,43.693039530793065],[13.062640137424488,43.723342646439164],[13.172434130741193,43.75021293258785],[13.286192321456697,43.67917743979428],[13.481587787160665,43.60680871973849]]]}},{"type":"Feature","bbox":[12.8296453196382,42.831854780380624,13.742854584310436,43.47420629796895],"properties":{"prov_name":"Macerata","prov_istat_code_num":43,"prov_acr":"MC","reg_name":"Marche","reg_istat_code":"11","reg_istat_code_num":11,"prov_istat_code":"043"},"geometry":{"type":"Polygon","coordinates":[[[13.091823049718151,43.43588222612976],[13.150192533416764,43.41359929434008],[13.206194673379715,43.41606906636612],[13.244370025543963,43.45938724506804],[13.280771276276806,43.461183330585065],[13.285568766179814,43.42522111516911],[13.33618212549333,43.39144815293059],[13.447434801711436,43.444884666370314],[13.595703580178716,43.44654956490252],[13.588049412095627,43.41963327623247],[13.626125163631585,43.41827605291343],[13.65669474242987,43.43120735868491],[13.655611480835917,43.447294373127846],[13.601506917540272,43.45909955518309],[13.642109379664156,43.4739343170432],[13.742854584310432,43.294083365638954],[13.607673346941397,43.27139947477103],[13.592947957498026,43.20920705661283],[13.521106269925566,43.2092073679555],[13.519326008078044,43.17444548873228],[13.443566734011979,43.149631231478004],[13.433753762652787,43.08515470352463],[13.449372653706718,43.07364905534688],[13.483822438791147,43.0802783941995],[13.46276172009862,43.0642316200157],[13.459718885039463,43.02041997157692],[13.396288739870773,43.009822140741534],[13.3709034559807,43.0421070489144],[13.223481652058586,42.958121922208996],[13.241799737725401,42.89220066955217],[13.231930956402383,42.85523213040425],[13.161696697237007,42.83185477482835],[13.112247784161534,42.88933350598702],[13.054410389338717,42.92018354265071],[13.02494605658211,42.90257365555844],[13.000835891349467,42.9083885503893],[12.976152797799944,42.86980418565877],[12.976700469309986,42.926095872749805],[12.895822077078675,42.96459201655767],[12.897327701037122,43.09348462014437],[12.881307814472756,43.12121141557253],[12.843003102618344,43.12234421192389],[12.829645319638203,43.14550851840898],[12.862490472547744,43.16596603327014],[12.863388582984244,43.21393733693461],[12.896363945082967,43.22838184790812],[12.882033819785233,43.26703946809815],[12.90304923336867,43.28089959970343],[12.910617139328236,43.26968369565296],[12.969331185602046,43.28263511733317],[13.015606083433042,43.31046013149581],[13.086037109655821,43.394472718078475],[13.071756820157317,43.416482310004994],[13.091823049718151,43.43588222612976]]]}},{"type":"Feature","bbox":[13.187532992496417,42.68715607151437,13.916724724800758,43.07977821067238],"properties":{"prov_name":"Ascoli Piceno","prov_istat_code_num":44,"prov_acr":"AP","reg_name":"Marche","reg_istat_code":"11","reg_istat_code_num":11,"prov_istat_code":"044"},"geometry":{"type":"Polygon","coordinates":[[[13.493443728492444,42.7366153867657],[13.447987381156818,42.732217152120214],[13.43756587745432,42.699197470475276],[13.427396937983234,42.706425290776124],[13.3925998004246,42.68738298141241],[13.341158895452477,42.70176360396581],[13.286276604048947,42.74040640848081],[13.264502280253327,42.74018123421658],[13.254152834006467,42.721450243852686],[13.187576030668263,42.733686777947256],[13.194196609710364,42.75849514683349],[13.221055462801857,42.772681533662876],[13.245617080215892,42.76776540304066],[13.264182030593973,42.80977755954041],[13.231325832195932,42.87509991479302],[13.291486390954363,42.925341360679994],[13.356008948474582,42.91542701930924],[13.37682976441739,42.89037661639851],[13.410201797155562,42.92703290796853],[13.391969061518946,42.939817559667276],[13.398136469658027,42.97177568430555],[13.454822691113177,42.96589013017956],[13.493487814906576,42.988699815773195],[13.556354095633,42.98844883001904],[13.643239294249506,43.03782388440563],[13.656533389052331,43.02813334523083],[13.6568948060049,43.042093381730815],[13.785168558770982,43.07977820522512],[13.796790303046054,43.062108706693444],[13.84949853077779,43.06667681943302],[13.916724724800762,42.89458473196942],[13.722477563866962,42.85534976937877],[13.699303310176441,42.82261559635277],[13.663599836744181,42.80712737502911],[13.635516366621303,42.80330238399151],[13.624398869633845,42.81654173028139],[13.572247611258938,42.80037320098627],[13.53447851858524,42.81664449990028],[13.493443728492444,42.7366153867657]]]}},{"type":"Feature","bbox":[13.216122814941022,42.890164756265825,13.84949853077779,43.29408337099658],"properties":{"prov_name":"Fermo","prov_istat_code_num":109,"prov_acr":"FM","reg_name":"Marche","reg_istat_code":"11","reg_istat_code_num":11,"prov_istat_code":"109"},"geometry":{"type":"Polygon","coordinates":[[[13.84949853077779,43.06667681943302],[13.796790303046054,43.062108706693444],[13.785168558770982,43.07977820522512],[13.6568948060049,43.042093381730815],[13.656533389052331,43.02813334523083],[13.643239294249506,43.03782388440563],[13.556354095633,42.98844883001904],[13.493487814906576,42.988699815773195],[13.454822691113177,42.96589013017956],[13.398136469658027,42.97177568430555],[13.391969061518946,42.939817559667276],[13.410201797155562,42.92703290796853],[13.37682976441739,42.89037661639851],[13.356008948474582,42.91542701930924],[13.29260997404858,42.925510732246586],[13.241755330992177,42.89199974063544],[13.216122814941025,42.951116751099946],[13.31940139413131,43.00273925738417],[13.338906473641762,43.02875757709254],[13.378317722737068,43.042415044883484],[13.396288739870773,43.009822140741534],[13.459718885039463,43.02041997157692],[13.46276172009862,43.0642316200157],[13.483822438791147,43.0802783941995],[13.449372653706718,43.07364905534688],[13.433753762652787,43.08515470352463],[13.441839858106654,43.14786180332982],[13.519326008078044,43.17444548873228],[13.521106269925566,43.2092073679555],[13.592947957498026,43.20920705661283],[13.607673346941397,43.27139947477103],[13.742854584310432,43.294083365638954],[13.84949853077779,43.06667681943302]]]}},{"type":"Feature","bbox":[11.449370420563334,42.14618817021562,12.519593758569629,42.83868318987591],"properties":{"prov_name":"Viterbo","prov_istat_code_num":56,"prov_acr":"VT","reg_name":"Lazio","reg_istat_code":"12","reg_istat_code_num":12,"prov_istat_code":"056"},"geometry":{"type":"Polygon","coordinates":[[[12.488054561317977,42.39867522250891],[12.474014711452924,42.387457848214716],[12.457199845669965,42.403075414679606],[12.436361649381176,42.38717579921119],[12.455388022772965,42.378499210047515],[12.454649317008572,42.357428488250065],[12.474766299077986,42.35687386064565],[12.462171144262081,42.33707174987864],[12.48919771366729,42.31948962233254],[12.474520437053275,42.316329537233464],[12.481463601370484,42.30408863658322],[12.515992509582768,42.287248929205354],[12.48894447079256,42.270017406836395],[12.462061940956925,42.20569366148754],[12.415699249600037,42.1802055447853],[12.412244116715106,42.2574425981509],[12.408830724285302,42.22980535839593],[12.371544611919262,42.211071311838005],[12.370291328295357,42.17287401582292],[12.325757533611295,42.14618816436623],[12.271424284559897,42.18191623390856],[12.21574052179094,42.18673627808542],[12.168848626729616,42.175301674525464],[12.135935909966395,42.147275277903134],[12.117801585992753,42.16148911126511],[12.003274439953419,42.15790145010451],[11.974097599541144,42.21309347167019],[11.911380152580959,42.24112928518436],[11.871500708090855,42.22185594189037],[11.822807599283303,42.14648523429249],[11.777595100866995,42.162502321902345],[11.733766971184137,42.15805810549263],[11.697561282241008,42.232445096244476],[11.646264539933266,42.28457086053269],[11.55641946673714,42.33838987330975],[11.451130065216262,42.37724703948167],[11.449370420563334,42.392562187287446],[11.488888408440376,42.43937035785313],[11.61770931072843,42.43604425244543],[11.616316825514591,42.48839073076042],[11.561235582203095,42.517293001708296],[11.584350645114997,42.542754615573855],[11.578557204548643,42.566210975112064],[11.643368707962527,42.56634652073678],[11.711108318223731,42.6109060559248],[11.735974102358188,42.60666402029569],[11.749756583678671,42.63964887077042],[11.804776035350242,42.6439991727834],[11.781143070502255,42.70532572150605],[11.801555703907852,42.70719157887924],[11.818658361058542,42.74577193992433],[11.746017675943753,42.78575944172388],[11.76850477431189,42.81995834777805],[11.806850201948428,42.79485624876971],[11.813699480321858,42.822670889495306],[11.850593088594644,42.838683184326555],[11.901828365148077,42.83157050873827],[11.927425138941802,42.78091690402794],[11.979481836407722,42.76458531010141],[11.968726058972113,42.73457842476783],[11.930100550158,42.71294567054417],[11.941329826271732,42.683300884771434],[12.029999165720978,42.64324122210671],[12.106734264455183,42.66467263312231],[12.124062233565631,42.64928604994467],[12.161011599558238,42.676909985288],[12.204335481591224,42.66046059567205],[12.24291660508348,42.62906504684211],[12.229135027787084,42.61109432041416],[12.247556158691896,42.59669321337721],[12.238657044796774,42.57217864988306],[12.275043308590545,42.559914789235606],[12.266757024417354,42.533466846887755],[12.2902672625698,42.51904368642434],[12.274765074596637,42.509205063708066],[12.307352110553357,42.49730079174546],[12.290578325465734,42.49151702138682],[12.325365844527113,42.49475745002529],[12.351225549956526,42.47365326870993],[12.410320833740514,42.49816949516055],[12.427825145698758,42.48694045556168],[12.412440965281787,42.46756334394665],[12.4303823641897,42.458022731075594],[12.413676967294931,42.45516791132431],[12.413650307607623,42.42559808915396],[12.463602468924403,42.42908632468161],[12.458651694034732,42.405062737122314],[12.488054561317977,42.39867522250891]]]}},{"type":"Feature","bbox":[12.43636164938118,42.089343220352816,13.409745133449382,42.740970244797296],"properties":{"prov_name":"Rieti","prov_istat_code_num":57,"prov_acr":"RI","reg_name":"Lazio","reg_istat_code":"12","reg_istat_code_num":12,"prov_istat_code":"057"},"geometry":{"type":"Polygon","coordinates":[[[13.189215833537546,42.7335776233333],[13.254152834006467,42.721450243852686],[13.28003888716847,42.740970239206206],[13.357755645107742,42.69409808928031],[13.349682744561226,42.66871673739403],[13.36991860135207,42.64896815151765],[13.40828330700678,42.64286352392958],[13.381780692379877,42.581013201744085],[13.29328169723986,42.56953969826536],[13.283620371421035,42.582521523458894],[13.2459353335961,42.572705801396026],[13.191362658468135,42.587517653689446],[13.155801737212759,42.54005061743299],[13.178420263750075,42.47933924656177],[13.11616838645409,42.443909776064004],[13.194158144834693,42.389193548241614],[13.153349002710208,42.356994100911145],[13.226462981830037,42.31933056255762],[13.234613479890145,42.277865778775556],[13.281373360853324,42.23777175547118],[13.335622901244758,42.222401479381745],[13.341473881347893,42.198413015091376],[13.379889530896483,42.180444747404096],[13.342366058861106,42.176810708209004],[13.353959416550897,42.166716313263784],[13.327270079588416,42.16385854209145],[13.305290680556327,42.13825632758033],[13.24877653582474,42.12742686804239],[13.192711209324184,42.1582575504446],[13.169710833573744,42.15070753209103],[13.123417996948508,42.176994052591034],[13.087057415640285,42.17787103308483],[13.093743556247695,42.15930454556432],[13.060770765316144,42.12354668264228],[13.02038171046721,42.11507091322748],[12.97841337357224,42.13040582546983],[12.948613902637437,42.08934321447833],[12.920841307931854,42.115238187244486],[12.895920247043614,42.100353335451324],[12.866787498143278,42.1036453401914],[12.849543369632887,42.14331834634893],[12.780619689625278,42.16675132949875],[12.795185171249804,42.18060465680747],[12.778631710363364,42.18758999589846],[12.710904480678845,42.15300732887628],[12.647037294028497,42.15205512046943],[12.608231328900322,42.18207127699367],[12.613185610581404,42.20196819538911],[12.637232859031368,42.20800560524808],[12.633759933698096,42.24779114815865],[12.605047895945102,42.27431895483392],[12.578738219662315,42.26409554916277],[12.583887850045231,42.28390903183893],[12.55814053428213,42.2691044269774],[12.55044628696118,42.293070021132046],[12.489116056042686,42.2962244389127],[12.474372931281373,42.31575772104543],[12.48919771366729,42.31948962233254],[12.462171144262081,42.33707174987864],[12.474766299077986,42.35687386064565],[12.454649317008572,42.357428488250065],[12.437857762702581,42.395764673268125],[12.474461805052641,42.387484797081754],[12.511129429006889,42.40356673623919],[12.53123163770869,42.36507427064762],[12.606069658774066,42.4035284577226],[12.61480604140939,42.46510651455189],[12.6410836035683,42.467801663992],[12.649498254333666,42.44330991901907],[12.67464912192362,42.44241694075042],[12.741568095117394,42.47053250334032],[12.71113354981533,42.50079689821161],[12.89272902253992,42.56349743999225],[12.880524112672807,42.60934759109262],[13.004317781651105,42.615237362005914],[13.024284676205662,42.63903612057239],[13.063303301695028,42.623309128270584],[13.118188111183205,42.65765328369602],[13.144771886031366,42.64608174111466],[13.189215833537546,42.7335776233333]]]}},{"type":"Feature","bbox":[11.733766971184142,41.410134495338866,13.29627550779874,42.29601433663437],"properties":{"prov_name":"Roma","prov_istat_code_num":58,"prov_acr":"RM","reg_name":"Lazio","reg_istat_code":"12","reg_istat_code_num":12,"prov_istat_code":"058"},"geometry":{"type":"Polygon","coordinates":[[[11.822807599283303,42.14648523429249],[11.871500708090855,42.22185594189037],[11.911380152580959,42.24112928518436],[11.974097599541144,42.21309347167019],[12.003274439953419,42.15790145010451],[12.117801585992753,42.16148911126511],[12.135935909966395,42.147275277903134],[12.168848626729616,42.175301674525464],[12.21574052179094,42.18673627808542],[12.271424284559897,42.18191623390856],[12.329549369937844,42.146258169408014],[12.370291328295357,42.17287401582292],[12.371544611919262,42.211071311838005],[12.408830724285302,42.22980535839593],[12.412244116715106,42.2574425981509],[12.415699249600037,42.1802055447853],[12.462061940956925,42.20569366148754],[12.48894447079256,42.270017406836395],[12.535460759510116,42.29601433085075],[12.557274487395407,42.28963903750402],[12.55814053428213,42.2691044269774],[12.581023557218565,42.28484695269799],[12.578738219662315,42.26409554916277],[12.605047895945102,42.27431895483392],[12.633759933698096,42.24779114815865],[12.637232859031368,42.20800560524808],[12.613185610581404,42.20196819538911],[12.60831070351955,42.181578017961485],[12.651253574666736,42.1503045153677],[12.710904480678845,42.15300732887628],[12.77446533369688,42.188317130909766],[12.795185171249804,42.18060465680747],[12.780619689625278,42.16675132949875],[12.849543369632887,42.14331834634893],[12.866787498143278,42.1036453401914],[12.895920247043614,42.100353335451324],[12.920841307931854,42.115238187244486],[12.948613902637437,42.08934321447833],[12.97841337357224,42.13040582546983],[13.03055357488438,42.11537615106879],[13.018487902907872,42.07493818933806],[13.058121607990383,42.01555434317294],[13.101024805973454,42.00798966263255],[13.10497234222114,42.02599617555524],[13.296275507798738,41.948612706239544],[13.18415251868119,41.84603027770387],[13.13648720217911,41.84368092421311],[13.097899139340228,41.86104013485047],[13.071642804975284,41.85420483258438],[13.056205522380075,41.82710867389721],[13.009219090599036,41.824461427487705],[12.992387554513012,41.76861160332819],[13.086901831317537,41.71901103448396],[13.099146684817608,41.678823744234315],[13.151144038776039,41.657662865408426],[13.15033261763683,41.59661101273998],[13.171825408873332,41.57781847407632],[13.103681626339998,41.54503600934843],[13.051142827124114,41.58103838579362],[13.014050138080979,41.57608332619361],[13.019363017189242,41.61059657343507],[12.943127566477651,41.674174674435825],[12.939070144747607,41.7133791461671],[12.838451304648233,41.706084149902594],[12.853912198760078,41.697601252507724],[12.851259028120216,41.66642143617741],[12.823124240947836,41.655574894707804],[12.810713862754444,41.620265568319844],[12.793423112253885,41.62375240578976],[12.755854214305154,41.57273575234977],[12.73239323349343,41.58135312861643],[12.739294791501557,41.603888536389896],[12.713719575835736,41.593512040410246],[12.697488481868596,41.610031519495315],[12.661781402498555,41.59818347073609],[12.65312171672757,41.66202529628715],[12.642829463151743,41.654374333179426],[12.633906608824509,41.671934482036534],[12.530203395555644,41.597729824396616],[12.570825002843032,41.577355803967706],[12.58767114281475,41.54280317652228],[12.652475175811793,41.53615587670295],[12.680908838875203,41.50861552707388],[12.721779306191156,41.504839992046115],[12.747875424058742,41.473347286434674],[12.738689304043469,41.447180810590666],[12.773219157203295,41.416296474055365],[12.669143689860425,41.45649550224332],[12.62235298403411,41.444698904438994],[12.437108471491992,41.640773943584875],[12.352154363016941,41.69684218597628],[12.234434304066113,41.739713598121035],[12.25620760526232,41.74616086515917],[12.22524333617809,41.74477570829136],[12.203510232991256,41.82974294463282],[12.140738377440918,41.91624216490824],[11.915734127794895,42.03936981376509],[11.832828622417173,42.0310600166575],[11.733766971184137,42.15805810549263],[11.777595100866995,42.162502321902345],[11.822807599283303,42.14648523429249]]]}},{"type":"Feature","bbox":[12.530158973905392,40.78473374858241,13.894814810438156,41.714832932182375],"properties":{"prov_name":"Latina","prov_istat_code_num":59,"prov_acr":"LT","reg_name":"Lazio","reg_istat_code":"12","reg_istat_code_num":12,"prov_istat_code":"059"},"geometry":{"type":"Polygon","coordinates":[[[12.959070435372261,40.896970841864544],[12.967256198186508,40.89353727883815],[12.960420991041188,40.88217833903464],[12.954336535116036,40.879816442226186],[12.947885577055954,40.88702585706078],[12.95413928272853,40.89492949766693],[12.942342276865883,40.9007911951599],[12.943619540891465,40.90327222206825],[12.858803876409942,40.9289736550758],[12.851634355283998,40.92530735181699],[12.856542065351318,40.941154594521464],[12.85407072317771,40.949382681035715],[12.859327228838165,40.94881036205396],[12.860327570248252,40.93094165955549],[12.944701487194965,40.90537367648636],[12.949086379544894,40.917458417112925],[12.962555126852555,40.92040861813334],[12.970576691713182,40.93015952781484],[12.982097846683965,40.93583558509677],[12.993772934551787,40.93470493358532],[13.05554193738322,40.974310980201594],[13.066789576172786,41.222024175662675],[13.040080662386202,41.23100091546159],[13.033637891235244,41.2409834542324],[13.036002158044797,41.24828233592504],[13.029545285791528,41.26380147875943],[13.0046317335891,41.30544960003876],[12.980249882362537,41.33571465264839],[12.950100469121715,41.362340998851664],[12.903295735982073,41.39083754404533],[12.854489252539302,41.41150759285683],[12.78912669684137,41.41792268968992],[12.773219157203295,41.416296474055365],[12.767151531451777,41.435453927986806],[12.754008311130633,41.445888774698],[12.7466335057967,41.44418444226727],[12.738689304043469,41.447180810590666],[12.737899611509672,41.45715258793913],[12.745890263560588,41.46082300212537],[12.747875424058742,41.473347286434674],[12.743584319660473,41.478980300186166],[12.726905991089366,41.48364249144852],[12.719619410913499,41.499106220524084],[12.721779306191156,41.504839992046115],[12.680908838875203,41.50861552707388],[12.675371969937304,41.52237700883428],[12.652475175811793,41.53615587670295],[12.620234996722276,41.53833388501063],[12.61683917971531,41.54462740403839],[12.58767114281475,41.54280317652228],[12.570825002843032,41.577355803967706],[12.56435433822201,41.57783600424012],[12.543391310299505,41.59545503943851],[12.530203395555644,41.597729824396616],[12.551101340300743,41.606059058507576],[12.555466796748004,41.620741890085064],[12.632738858621352,41.67150646604901],[12.6472700048555,41.666651196899046],[12.642829463151743,41.654374333179426],[12.64859681137974,41.65428571084189],[12.647661805410474,41.659524789663735],[12.65312171672757,41.66202529628715],[12.656573541652895,41.64327995164902],[12.652459230511894,41.60746293790597],[12.661781402498555,41.59818347073609],[12.697488481868596,41.610031519495315],[12.703180521753687,41.59532927542221],[12.713719575835736,41.593512040410246],[12.739294791501557,41.603888536389896],[12.740342743360694,41.593120510545276],[12.73239323349343,41.58135312861643],[12.752297397736426,41.57778225030986],[12.755854214305154,41.57273575234977],[12.793423112253885,41.62375240578976],[12.810713862754444,41.620265568319844],[12.808829752698527,41.63762184997865],[12.825194965332711,41.64150797044916],[12.818683935288279,41.650157759848845],[12.823124240947836,41.655574894707804],[12.830161698712905,41.658798083451316],[12.834922738118003,41.65220519074737],[12.840713271548076,41.65715778333556],[12.839751036470794,41.66478158372569],[12.851259028120216,41.66642143617741],[12.848708061935971,41.67852833865471],[12.853912198760078,41.697601252507724],[12.85112491156412,41.701197653378934],[12.844080339778827,41.69838127485589],[12.836588909685693,41.70390426085901],[12.838451304648233,41.706084149902594],[12.850919416776698,41.71483292614111],[12.857007800523396,41.71039196781377],[12.863597495379084,41.71336650867234],[12.863426129416352,41.706065390336924],[12.868289892487875,41.70290297895372],[12.880342564757587,41.70184769208924],[12.87908860396463,41.70817532233712],[12.89268708799671,41.711334654732596],[12.908291437571702,41.70716181474518],[12.939070144747607,41.7133791461671],[12.952116238857181,41.69493441073458],[12.942824297715717,41.68748490979669],[12.943127566477651,41.674174674435825],[12.959522838386018,41.65866250084099],[12.986021378618267,41.64551886351277],[13.005426325852183,41.61870245044344],[13.019363017189242,41.61059657343507],[13.025097302663763,41.59966039003228],[13.016412568888988,41.594487108568224],[13.008310100643197,41.580952797090376],[13.014050138080979,41.57608332619361],[13.033866109727095,41.57248018986651],[13.051142827124114,41.58103838579362],[13.057691920999746,41.573441342925406],[13.0963625022393,41.554581070414265],[13.103681626339998,41.54503600934843],[13.111222825897583,41.55366262188446],[13.125420000015337,41.54984413380839],[13.124440539537675,41.55720447068707],[13.168379524563802,41.57449498524625],[13.17506587748545,41.58356858005827],[13.184436809727265,41.58447734239646],[13.186759499332565,41.588052902077315],[13.197319767217945,41.58709089373553],[13.201612046048428,41.5746383987379],[13.20017720454152,41.55677675451307],[13.20755688499475,41.5492174360996],[13.221733996643382,41.53883523625866],[13.252723466466405,41.53668017224352],[13.272441141836037,41.521856241274726],[13.279270545720674,41.49977545134463],[13.289443841640434,41.49195374851043],[13.28845695107115,41.48669158381145],[13.298911049778521,41.47076821761112],[13.265562903955352,41.45204329931782],[13.25468234232294,41.4325773250527],[13.294290134754293,41.418630594597666],[13.306500592804877,41.40255584992953],[13.336549583365086,41.406566059160134],[13.365348310055452,41.39692991868073],[13.372874682847247,41.40350029477599],[13.387909395922438,41.404651106682195],[13.403868129259157,41.40221685503505],[13.410630780505512,41.39684295398883],[13.427289980488569,41.39728747416674],[13.438796389610784,41.426790396813296],[13.428296435605144,41.45621609305109],[13.445339953644316,41.464993697985555],[13.45564931388044,41.44937266264722],[13.488262187919414,41.43636554660606],[13.512487049356226,41.43218801670861],[13.511498746204495,41.4236243418654],[13.539337625412266,41.423939867488215],[13.548194045156716,41.41958260714273],[13.579014679600062,41.38025745752107],[13.566375504998563,41.37531787780394],[13.560546235212216,41.36804035302098],[13.591346870918612,41.3535231137234],[13.616131767134375,41.321132820804614],[13.62517652510739,41.316019524449366],[13.651347448676013,41.317974354443784],[13.65706541525612,41.337425061432015],[13.668171962330083,41.34312371542328],[13.682371973040798,41.33951131322156],[13.702136546766464,41.3594798499979],[13.710572303295125,41.357954595097446],[13.715098420192327,41.335637682244815],[13.737744294180036,41.327034446523356],[13.760219959510879,41.30817417674912],[13.763024413819753,41.30135098272978],[13.791330712521061,41.30990113581813],[13.797151797035504,41.320115790115025],[13.819816323346906,41.321470599133356],[13.818200270485972,41.33693555165621],[13.82313819223141,41.33874053353936],[13.843754068467677,41.33069238959263],[13.873696532162702,41.33832956587504],[13.892730613392256,41.31478655496836],[13.894737593899958,41.31053692930735],[13.884032261800648,41.29171636175273],[13.856174430756813,41.29083145057403],[13.82809699301432,41.28074733111189],[13.840121867878718,41.26254021242884],[13.831240955556922,41.25047117159002],[13.816849546994414,41.243674619523496],[13.801651963064087,41.24596756635087],[13.771971223023076,41.242103816566726],[13.762112597963096,41.222596723659436],[13.706852694996945,41.25393135216255],[13.681952056377863,41.244126136764926],[13.653405724360377,41.25721796244148],[13.621318306071947,41.26078100278493],[13.584674698594057,41.247188533308865],[13.572261728919633,41.23762980101509],[13.568107409012088,41.22972308503778],[13.571578064618071,41.216166737299446],[13.589880885550107,41.210648018902255],[13.589769032542895,41.20739871416978],[13.570033323619272,41.20407728649384],[13.570003077359205,41.2078254778762],[13.556537967508575,41.21126737817014],[13.549832376737015,41.20664123602972],[13.52355332095678,41.22304728402335],[13.501213919330832,41.227688072101216],[13.484907223673362,41.23805992807548],[13.47015760335893,41.23745285702426],[13.445509577713343,41.25266025472741],[13.381638668780345,41.27896425834306],[13.329053005116723,41.292564522883474],[13.283858915661842,41.2975759829302],[13.266395305621577,41.29488715975231],[13.262741242687449,41.28838536930109],[13.251298475787786,41.283246791678394],[13.20746753493542,41.28333248377901],[13.163825733582415,41.2724770943121],[13.105394785454154,41.241218605459075],[13.094520924672103,41.22443295457784],[13.069754100202061,41.2218755581747],[13.058505119546163,40.97439124712435],[13.065274843972258,40.967955381451176],[13.408592049189592,40.78672518999379],[13.416858256582055,40.78911128184289],[13.431040305311248,40.80386063950131],[13.435085511641223,40.79698609464604],[13.457010697934509,40.791557751140324],[13.457153949332517,40.78786037903381],[13.433972796742175,40.794894714100415],[13.407971179269483,40.7843088548716],[13.06370009766123,40.96604355996416],[13.049475117167082,40.96630904862857],[12.992544342351279,40.92998513340618],[12.967806720955243,40.92170459948501],[12.959070435372261,40.896970841864544]]]}},{"type":"Feature","bbox":[12.992387554513016,41.30135098895839,14.02764450725866,41.95440494182488],"properties":{"prov_name":"Frosinone","prov_istat_code_num":60,"prov_acr":"FR","reg_name":"Lazio","reg_istat_code":"12","reg_istat_code_num":12,"prov_istat_code":"060"},"geometry":{"type":"Polygon","coordinates":[[[14.001658915106166,41.56969161369271],[14.023659888804264,41.56103265220466],[14.005257074948357,41.53875315871994],[14.027591952202366,41.52358740739825],[13.972906893010682,41.49403641097375],[13.992776635760508,41.482081465717776],[13.97790607851324,41.462487466564575],[13.861231945089033,41.417633712221125],[13.886318363847959,41.38444426437142],[13.877373672321715,41.339064658809704],[13.82015003496141,41.33805120180279],[13.819816323346906,41.321470599133356],[13.763024413819753,41.30135098272978],[13.702136546766464,41.3594798499979],[13.65706541525612,41.337425061432015],[13.651347448676013,41.317974354443784],[13.62517652510739,41.316019524449366],[13.560546235212216,41.36804035302098],[13.579014679600062,41.38025745752107],[13.548194045156716,41.41958260714273],[13.511498746204495,41.4236243418654],[13.445339953644316,41.464993697985555],[13.428296435605144,41.45621609305109],[13.427289980488569,41.39728747416674],[13.306500592804877,41.40255584992953],[13.25468234232294,41.4325773250527],[13.298911049778521,41.47076821761112],[13.272441141836037,41.521856241274726],[13.20755688499475,41.5492174360996],[13.197319767217945,41.58709089373553],[13.155190562905728,41.5895018539023],[13.151144038776039,41.657662865408426],[13.099146684817608,41.678823744234315],[13.086901831317537,41.71901103448396],[12.992387554513012,41.76861160332819],[13.009219090599036,41.824461427487705],[13.056205522380075,41.82710867389721],[13.071642804975284,41.85420483258438],[13.097899139340228,41.86104013485047],[13.13648720217911,41.84368092421311],[13.18415251868119,41.84603027770387],[13.302553635704893,41.95440493589063],[13.383994309041658,41.9041866630862],[13.3598352553094,41.86937692735795],[13.380518814504171,41.817085881670494],[13.41690228897318,41.83466559554832],[13.505081722640172,41.801598024292716],[13.520432946280074,41.77296553357071],[13.57181549642859,41.75429763140474],[13.662891496340116,41.811268084275405],[13.705550213279093,41.78746669836793],[13.729557244269952,41.79890122607176],[13.765912204726462,41.74870241144006],[13.812102927746109,41.75420496293037],[13.856446421439152,41.73123429024957],[13.897638936937225,41.732134248386444],[13.988294022558051,41.653832029882324],[14.010990423866682,41.607538596182536],[14.001658915106166,41.56969161369271]]]}},{"type":"Feature","bbox":[13.018487902907873,41.68210221816659,14.229730484642943,42.591258612630604],"properties":{"prov_name":"L'Aquila","prov_istat_code_num":66,"prov_acr":"AQ","reg_name":"Abruzzo","reg_istat_code":"13","reg_istat_code_num":13,"prov_istat_code":"066"},"geometry":{"type":"Polygon","coordinates":[[[13.941015156699482,41.687972751179736],[13.891712216474922,41.73515340958604],[13.856446421439152,41.73123429024957],[13.811618308620412,41.75426131918358],[13.765912204726462,41.74870241144006],[13.729557244269952,41.79890122607176],[13.705550213279093,41.78746669836793],[13.647727997983555,41.811006231264976],[13.631272414588718,41.782645513313675],[13.57181549642859,41.75429763140474],[13.520432946280074,41.77296553357071],[13.505081722640172,41.801598024292716],[13.41690228897318,41.83466559554832],[13.379517178464969,41.817457841055],[13.3598352553094,41.86937692735795],[13.383994309041658,41.9041866630862],[13.364374034064307,41.92475382875692],[13.10497234222114,42.02599617555524],[13.101024805973454,42.00798966263255],[13.064832973462694,42.01243513348359],[13.02662171301999,42.05002764035458],[13.030778429115006,42.122101419004345],[13.084842153522846,42.14219799794512],[13.087057415640285,42.17787103308483],[13.123417996948508,42.176994052591034],[13.169710833573744,42.15070753209103],[13.192711209324184,42.1582575504446],[13.24877653582474,42.12742686804239],[13.305290680556327,42.13825632758033],[13.327270079588416,42.16385854209145],[13.353959416550897,42.166716313263784],[13.342366058861106,42.176810708209004],[13.379889530896483,42.180444747404096],[13.341473881347893,42.198413015091376],[13.335622901244758,42.222401479381745],[13.281373360853324,42.23777175547118],[13.234613479890145,42.277865778775556],[13.226462981830037,42.31933056255762],[13.153349002710208,42.356994100911145],[13.194158144834693,42.389193548241614],[13.11616838645409,42.443909776064004],[13.178420263750075,42.47933924656177],[13.155801737212759,42.54005061743299],[13.191362658468135,42.587517653689446],[13.2459353335961,42.572705801396026],[13.283620371421035,42.582521523458894],[13.29328169723986,42.56953969826536],[13.394013457776135,42.59125860697517],[13.426055521660746,42.51901341848323],[13.475625897524118,42.48306948392442],[13.525709154925583,42.47240147894135],[13.525211735131952,42.45000727832685],[13.565758209853836,42.45851122548712],[13.759769258197071,42.42811163318416],[13.8085885727934,42.378744701544946],[13.8044835385209,42.33445988334065],[13.844335793005282,42.28123652161523],[13.832958353946214,42.24653804250314],[13.81494462228623,42.251767533716],[13.799242732971312,42.237220847427345],[13.810759463802183,42.196715947619964],[13.789224898495323,42.15393332156095],[13.845528888598404,42.142718023521375],[13.85914367101163,42.1593953458783],[13.898899166402357,42.165574218383846],[14.006053351215845,42.07313313575922],[14.08293796245097,42.08731841615422],[14.10019084736756,42.07467167719329],[14.079613750181744,42.00765780384269],[14.09789513052312,41.94518908466957],[14.081824555729106,41.93941230513868],[14.106255537824469,41.89335615484707],[14.139703279622635,41.885697578810095],[14.183239497854059,41.90351460411853],[14.22973048464294,41.87708446204098],[14.2166266578707,41.85343789239657],[14.14715788233558,41.827297315155434],[14.171455043823702,41.77843629419808],[14.20195151267619,41.765041503045346],[14.19396327197261,41.74802354767546],[14.171834052439507,41.76577424952699],[14.158677477034757,41.74702473998467],[14.121691259685706,41.74634307937683],[14.108132844223334,41.70747940373005],[14.094395808401346,41.73794485900621],[14.06957090624781,41.7372253753777],[14.053246219551411,41.70169867909253],[14.026922804646036,41.70270159703433],[14.019096823195436,41.682233914309],[13.981923613602564,41.6951408806624],[13.941015156699482,41.687972751179736]]]}},{"type":"Feature","bbox":[13.348595662746108,42.4201443012578,14.146257501900216,42.895081403093755],"properties":{"prov_name":"Teramo","prov_istat_code_num":67,"prov_acr":"TE","reg_name":"Abruzzo","reg_istat_code":"13","reg_istat_code_num":13,"prov_istat_code":"067"},"geometry":{"type":"Polygon","coordinates":[[[14.00139169423177,42.69989042692146],[14.146257501900221,42.53061743162011],[13.989979059096862,42.54187080008339],[13.955700510082602,42.53433225418646],[13.957894347350189,42.50538297790478],[13.92514820465159,42.515310686344684],[13.88460869254114,42.50923097291414],[13.884084535059408,42.48937486273301],[13.810645448751206,42.492871023948034],[13.765261428930197,42.420144295528296],[13.722979015099003,42.44267342809644],[13.67058102000427,42.43836996449675],[13.562844657015699,42.45869951954806],[13.526049776212933,42.44965900292371],[13.525709154925583,42.47240147894135],[13.452131636622404,42.496595694631566],[13.409671674097156,42.53820238506073],[13.392592809426008,42.58250831802531],[13.40828330700678,42.64286352392958],[13.36991860135207,42.64896815151765],[13.349682744561226,42.66871673739403],[13.358862580433428,42.69582710646224],[13.38998129401243,42.6871560659002],[13.427396937983234,42.706425290776124],[13.436999939388713,42.698921203709936],[13.447987381156818,42.732217152120214],[13.493443728492444,42.7366153867657],[13.535003317096834,42.816796983623625],[13.572247611258938,42.80037320098627],[13.624398869633845,42.81654173028139],[13.635516366621303,42.80330238399151],[13.663599836744181,42.80712737502911],[13.699303310176441,42.82261559635277],[13.706605688827244,42.849316643328436],[13.879837197931954,42.89508139756835],[13.918058451438398,42.89442990331971],[14.00139169423177,42.69989042692146]]]}},{"type":"Feature","bbox":[13.765261428930192,42.07307084883187,14.254458233094843,42.54452894862794],"properties":{"prov_name":"Pescara","prov_istat_code_num":68,"prov_acr":"PE","reg_name":"Abruzzo","reg_istat_code":"13","reg_istat_code_num":13,"prov_istat_code":"068"},"geometry":{"type":"Polygon","coordinates":[[[13.844326925601132,42.28108159519341],[13.8044835385209,42.33445988334065],[13.8085885727934,42.378744701544946],[13.765261428930197,42.420144295528296],[13.810645448751206,42.492871023948034],[13.883442539713208,42.4892537374651],[13.892504752488186,42.51213439087438],[13.957894347350189,42.50538297790478],[13.955700510082602,42.53433225418646],[14.057323185776994,42.530673380925776],[14.084827182485816,42.54347929136002],[14.146257501900221,42.53061743162011],[14.254458233094846,42.44490523129445],[14.228717266496949,42.4154971888404],[14.194401886070127,42.43679077063412],[14.185714996196385,42.42605794855835],[14.165071476535525,42.43279921576501],[14.157550512478062,42.39422482392867],[14.117587084340629,42.36228741258215],[14.119658509071638,42.33486243519965],[14.075664760674034,42.325092862365686],[14.11148499897471,42.29556649381626],[14.085208333593474,42.27840363861267],[14.113660295911503,42.27442984008167],[14.108601445941707,42.244546162036734],[14.133091816778958,42.2243055001655],[14.094026552121088,42.20522823644805],[14.096290490083671,42.181287999903134],[14.129172503990441,42.15877469036844],[14.109906491671335,42.142837481960626],[14.11305036013121,42.10412005808066],[14.085227842208525,42.086723795387975],[14.006053351215845,42.07313313575922],[13.898899166402357,42.165574218383846],[13.85914367101163,42.1593953458783],[13.845528888598404,42.142718023521375],[13.789224898495323,42.15393332156095],[13.810759463802183,42.196715947619964],[13.799242732971312,42.237220847427345],[13.81494462228623,42.251767533716],[13.832958353946214,42.24653804250314],[13.844326925601132,42.28108159519341]]]}},{"type":"Feature","bbox":[14.07566476067403,41.75965190690014,14.783013564975167,42.4449052370132],"properties":{"prov_name":"Chieti","prov_istat_code_num":69,"prov_acr":"CH","reg_name":"Abruzzo","reg_istat_code":"13","reg_istat_code_num":13,"prov_istat_code":"069"},"geometry":{"type":"Polygon","coordinates":[[[14.323689847950947,41.896407895756276],[14.303981510277406,41.8933898758002],[14.28419583362031,41.910777909051305],[14.22973048464294,41.87708446204098],[14.183239497854059,41.90351460411853],[14.139703279622635,41.885697578810095],[14.106255537824469,41.89335615484707],[14.081824555729106,41.93941230513868],[14.097906573504634,41.952314352006546],[14.08152526885208,42.01829990712432],[14.104043819911194,42.04798208780095],[14.083223620234046,42.09009436288895],[14.11305036013121,42.10412005808066],[14.109906491671335,42.142837481960626],[14.129172503990441,42.15877469036844],[14.096290490083671,42.181287999903134],[14.093577647492012,42.203375639458805],[14.133091816778958,42.2243055001655],[14.108601445941707,42.244546162036734],[14.113660295911503,42.27442984008167],[14.085208333593474,42.27840363861267],[14.11148499897471,42.29556649381626],[14.075664760674034,42.325092862365686],[14.119658509071638,42.33486243519965],[14.117587084340629,42.36228741258215],[14.157550512478062,42.39422482392867],[14.171498441594037,42.436645359347075],[14.223588966351661,42.427524998161815],[14.228717266496949,42.4154971888404],[14.254458233094846,42.44490523129445],[14.390692801651635,42.37309584309558],[14.509599970525695,42.25154977040519],[14.620787257628244,42.19927072553559],[14.711700348707538,42.17770224122237],[14.718735438891825,42.10499769260034],[14.77954920667864,42.0698260865108],[14.760802240543711,42.042204962489905],[14.780152913926129,42.02967043157988],[14.724130423388523,42.00046319415143],[14.66863650274078,41.94663059216323],[14.663763356271492,41.9162890570406],[14.61424451355101,41.88918843284478],[14.567979076507648,41.81811950337271],[14.488840482850975,41.760690794769445],[14.454617665965815,41.76365122242758],[14.46514021522728,41.77717530683587],[14.444243684567795,41.839814235874506],[14.397448098462645,41.86974344241965],[14.37886962046487,41.86587335894518],[14.376675708666326,41.879928725511185],[14.343005922528334,41.86252143433938],[14.323689847950947,41.896407895756276]]]}},{"type":"Feature","bbox":[14.377691628982964,41.36396233753821,15.161560470308254,42.06982609239391],"properties":{"prov_name":"Campobasso","prov_istat_code_num":70,"prov_acr":"CB","reg_name":"Molise","reg_istat_code":"14","reg_istat_code_num":14,"prov_istat_code":"070"},"geometry":{"type":"Polygon","coordinates":[[[14.378588655532996,41.44887230576328],[14.389950146813824,41.50505936245904],[14.427172870001154,41.524562974652945],[14.45216229440696,41.51951985768484],[14.457538380638049,41.546138481075964],[14.469564388685916,41.53969805711434],[14.512865997827053,41.60061749035619],[14.479483159501758,41.63174603792118],[14.447977407943263,41.64490169681649],[14.427250317515309,41.63730811173643],[14.429419616584886,41.6686980910049],[14.454449579833195,41.66469164480512],[14.484344856815525,41.68061218377449],[14.493532342320167,41.671439804476606],[14.521004795752136,41.69918313844397],[14.518840261852118,41.72684335986685],[14.476181276463345,41.745796962326125],[14.483889452212548,41.75811696921507],[14.567979076507648,41.81811950337271],[14.61424451355101,41.88918843284478],[14.663763356271492,41.9162890570406],[14.66863650274078,41.94663059216323],[14.727161086607275,42.00324614161297],[14.780152913926129,42.02967043157988],[14.760802240543711,42.042204962489905],[14.77954920667864,42.0698260865108],[14.889194906697028,42.024398493754624],[14.993590838894635,42.00478668230576],[15.079136215241974,41.9426472466543],[15.13804572601152,41.92664512533677],[15.138799094149414,41.87928088004056],[15.100985814473527,41.83748103851737],[15.115994541609618,41.79906368650811],[15.097026010292108,41.767401312810726],[15.120903811039094,41.720391752647615],[15.161499260646979,41.70938825839422],[15.050248241503786,41.657313013673686],[15.025494333981442,41.62232221317827],[14.959535024639258,41.646036103497025],[14.934132475424365,41.620158985989434],[14.950309935164752,41.5926618228242],[14.937151493140696,41.527475995410285],[15.007617821316353,41.48638878452329],[14.982266963222903,41.46906612534236],[14.884420400615085,41.44477976495956],[14.85606833565002,41.42468614937661],[14.78545446042373,41.45224741390589],[14.764700386857305,41.417368058728904],[14.716859754361286,41.40077663144598],[14.685548534488538,41.41133521561914],[14.603039222974257,41.36396233133817],[14.566325777647185,41.39213063593994],[14.551820541460428,41.37942929917253],[14.50507194580027,41.38249698211074],[14.47734617925861,41.41897842538293],[14.378588655532996,41.44887230576328]]]}},{"type":"Feature","bbox":[13.94101515669948,41.3864340406053,14.522252393270884,41.91077791500497],"properties":{"prov_name":"Isernia","prov_istat_code_num":94,"prov_acr":"IS","reg_name":"Molise","reg_istat_code":"14","reg_istat_code_num":14,"prov_istat_code":"094"},"geometry":{"type":"Polygon","coordinates":[[[14.376675708666326,41.879928725511185],[14.37886962046487,41.86587335894518],[14.397448098462645,41.86974344241965],[14.444243684567795,41.839814235874506],[14.46514021522728,41.77717530683587],[14.454787894399331,41.76335504075942],[14.485330068201584,41.75965190087898],[14.476181276463345,41.745796962326125],[14.519996690157736,41.724811643782886],[14.50142600545961,41.67733567256816],[14.433884044342086,41.671700333492424],[14.424125819250568,41.64389052441688],[14.479989243825683,41.6315237871549],[14.512128231137345,41.5964354019535],[14.493016239017011,41.59144294305302],[14.45081340065224,41.51847219369919],[14.428080555407208,41.524744617758394],[14.391794863565883,41.507655388581796],[14.382495828503314,41.44325390111279],[14.327161984410347,41.45343741614321],[14.24074577078581,41.497196925001326],[14.173788343332475,41.500704966536205],[14.16466403358004,41.478887986377025],[14.122622937202834,41.50729134979548],[14.078369433168263,41.44708395743813],[14.113671421174391,41.388657627088],[14.083463031224383,41.400145971872284],[14.042388571469935,41.392780429660576],[14.000706726984827,41.43093219343893],[14.007040438354103,41.45187506765052],[13.97790607851324,41.462487466564575],[13.992776635760508,41.482081465717776],[13.97269057497285,41.49340655738427],[14.027500416268179,41.523208794640794],[14.005257074948357,41.53875315871994],[14.026012499398565,41.55532513687198],[13.998819959175629,41.57487967171653],[14.010990423866682,41.607538596182536],[13.988294022558051,41.653832029882324],[13.941015156699482,41.687972751179736],[13.981923613602564,41.6951408806624],[14.018726573962976,41.682106074514394],[14.026922804646036,41.70270159703433],[14.053246219551411,41.70169867909253],[14.06957090624781,41.7372253753777],[14.094395808401346,41.73794485900621],[14.107196496103198,41.70735888049323],[14.121930654752555,41.74648092615767],[14.158677477034757,41.74702473998467],[14.171834052439507,41.76577424952699],[14.194177407867365,41.74814438085506],[14.201914373000676,41.76699499424634],[14.171455043823702,41.77843629419808],[14.14715788233558,41.827297315155434],[14.2166266578707,41.85343789239657],[14.279300964143347,41.909518266934],[14.323887061145726,41.89629219673174],[14.343005922528334,41.86252143433938],[14.376675708666326,41.879928725511185]]]}},{"type":"Feature","bbox":[13.762112597963098,40.89898528328414,14.534441522946581,41.50736966902667],"properties":{"prov_name":"Caserta","prov_istat_code_num":61,"prov_acr":"CE","reg_name":"Campania","reg_istat_code":"15","reg_istat_code_num":15,"prov_istat_code":"061"},"geometry":{"type":"Polygon","coordinates":[[[14.518232730560536,41.048760798788464],[14.534441522946578,40.99769032552175],[14.520808259577006,40.9871472035632],[14.424688537836001,40.98085384667313],[14.404826699521754,40.98609277319749],[14.410517201391803,41.00224030119089],[14.297616304970125,41.004749702354864],[14.29302047064056,40.96970645021163],[14.252248619171375,40.9460847187293],[14.23250294643717,40.95842773443631],[14.13825022678137,40.94465870598745],[14.140274212836715,40.97914415920665],[14.112212060590391,40.978986898896686],[14.09263409227798,40.960008154185104],[14.017998366981445,40.947911552026795],[14.032569577693513,40.89898527687014],[13.922475322999604,41.026536034042714],[13.835732197841462,41.162798872284974],[13.762112597963096,41.222596723659436],[13.771971223023076,41.242103816566726],[13.83352524512667,41.252202793037966],[13.828429548980235,41.28103447933224],[13.8897395834883,41.29748327841226],[13.870811708662085,41.35708904621955],[13.886318363847959,41.38444426437142],[13.861231945089033,41.417633712221125],[13.910858089491217,41.42868472870471],[13.965651259812194,41.46407178117942],[14.007040438354103,41.45187506765052],[14.000706726984827,41.43093219343893],[14.042388571469935,41.392780429660576],[14.084769192623918,41.400034093494064],[14.111440636398749,41.38643403441549],[14.105229956916416,41.42325382376752],[14.078369433168263,41.44708395743813],[14.125270002804653,41.50736966289179],[14.159118083338619,41.479817265548235],[14.173788343332475,41.500704966536205],[14.24074577078581,41.497196925001326],[14.327161984410347,41.45343741614321],[14.47734617925861,41.41897842538293],[14.504878324419531,41.38263231967262],[14.456138925516658,41.371776733669755],[14.43893307381882,41.34672515766083],[14.468514833312963,41.345512659946145],[14.48910083139441,41.300647638067844],[14.448419446695105,41.29048183821581],[14.416685238008679,41.243635971710596],[14.418468228693154,41.221639704927895],[14.435174319181064,41.22265953454151],[14.462648985739119,41.190670722022304],[14.463632551686736,41.156866546307846],[14.436038807525783,41.154746469813276],[14.422522091343028,41.13524924362179],[14.379343337305489,41.16155969993467],[14.352004551566763,41.152098026025335],[14.393762925088328,41.11584276877562],[14.434170721264314,41.10779472861238],[14.439830952172064,41.07105319815849],[14.420409621732254,41.05244914979526],[14.518232730560536,41.048760798788464]]]}},{"type":"Feature","bbox":[14.352004551566763,40.97513631753977,15.149155750212106,41.4863887906677],"properties":{"prov_name":"Benevento","prov_istat_code_num":62,"prov_acr":"BN","reg_name":"Campania","reg_istat_code":"15","reg_istat_code_num":15,"prov_istat_code":"062"},"geometry":{"type":"Polygon","coordinates":[[[14.693609544584643,40.9751363111611],[14.67977669519282,40.98167221125782],[14.67933000554642,41.02003833738093],[14.695703397030048,41.033855924170325],[14.708894690018623,41.018724122367075],[14.729506161552164,41.02584519856122],[14.70900135510469,41.061434884586866],[14.640147979247745,41.042542969271494],[14.596644540749969,41.058826482007504],[14.571931951122009,41.00952063213699],[14.531166858976071,41.013349978378066],[14.507721807762913,41.05557132880457],[14.459193884314637,41.04240265363662],[14.41299048342321,41.05719836842199],[14.439830952172064,41.07105319815849],[14.434170721264314,41.10779472861238],[14.393762925088328,41.11584276877562],[14.352004551566763,41.152098026025335],[14.379343337305489,41.16155969993467],[14.422522091343028,41.13524924362179],[14.436038807525783,41.154746469813276],[14.463632551686736,41.156866546307846],[14.462648985739119,41.190670722022304],[14.435174319181064,41.22265953454151],[14.418468228693154,41.221639704927895],[14.416685238008679,41.243635971710596],[14.43843599000639,41.28197537776613],[14.490289888620639,41.3074955749545],[14.468514833312963,41.345512659946145],[14.439491295661414,41.34425247190492],[14.444597823195188,41.35657974444933],[14.477838227087275,41.379794604974904],[14.551523203529205,41.37938517407504],[14.566325777647185,41.39213063593994],[14.603039222974257,41.36396233133817],[14.685548534488538,41.41133521561914],[14.716859754361286,41.40077663144598],[14.764700386857305,41.417368058728904],[14.784939324483602,41.45209337174004],[14.856560421431386,41.42475103193707],[15.007617821316353,41.48638878452329],[15.046790864704777,41.443340484547065],[15.098780028445713,41.43376845167343],[15.086520328428051,41.404586454132655],[15.098313058156336,41.39056853848694],[15.058467630508096,41.37213470049466],[15.061192026384074,41.35755403465716],[15.072190201309725,41.33246032332958],[15.130560172252578,41.31718557996838],[15.145941231927223,41.272533150035876],[15.081740021749816,41.25284966032695],[15.066493855891226,41.27093362160379],[15.05096077014813,41.25822645655458],[14.986126775177846,41.27114716485001],[15.004904299822654,41.20817351794404],[14.962530919973265,41.17703758149401],[14.956923713469056,41.1473900392314],[14.995306280481845,41.15044124863412],[15.010854735375858,41.118096404094395],[14.833089835663893,41.035710893032814],[14.806306924502488,41.04060568893938],[14.8060031488463,41.058813546242895],[14.774743765147596,41.05461033835369],[14.775737283476825,41.01412892676541],[14.748617234975539,41.00954356864979],[14.731552397217907,41.02482446072902],[14.709361760120508,41.01639982883367],[14.693609544584643,40.9751363111611]]]}},{"type":"Feature","bbox":[13.851037769956429,40.536806430830964,14.66966345856873,41.01984698784447],"properties":{"prov_name":"Napoli","prov_istat_code_num":63,"prov_acr":"NA","reg_name":"Campania","reg_istat_code":"15","reg_istat_code_num":15,"prov_istat_code":"063"},"geometry":{"type":"Polygon","coordinates":[[[14.197944362970135,40.53680642424762],[14.196802256032981,40.5494308024163],[14.198171763395019,40.55936697599572],[14.200252468305596,40.56111872195832],[14.22271747055188,40.56089342112254],[14.243860647674595,40.555792966506175],[14.252600416011875,40.55659402567098],[14.260242777406658,40.56145630691722],[14.265588580756573,40.55760771401284],[14.323214780668332,40.57108338039992],[14.320442579758392,40.58780684142811],[14.32522202251475,40.59080898314539],[14.333621996720048,40.607995968012766],[14.341790909696853,40.6185175350378],[14.339389965783534,40.62820334305163],[14.341699167533058,40.62642835376396],[14.346792270807473,40.62699560633598],[14.348974570856367,40.633520289256424],[14.351282547761164,40.63453389732907],[14.364544382895275,40.62774092605382],[14.371011366587751,40.62783107304633],[14.379426557671191,40.62949987099539],[14.399704165158303,40.63797894009529],[14.405588601351033,40.6436039333177],[14.407958452149064,40.65159589478302],[14.403604777345839,40.656308060544866],[14.408215547658353,40.659215456217105],[14.41777038782533,40.659679970302385],[14.430017106348258,40.66593031893402],[14.440353004193687,40.682836109668315],[14.449348167606196,40.68798568418678],[14.471284255895638,40.69584781661862],[14.470921292356234,40.691632615792344],[14.476096224140473,40.69310619708014],[14.481795739180816,40.70053831608003],[14.477968370895047,40.71458654440687],[14.464175314246518,40.73879278319403],[14.447137076968367,40.75467532834259],[14.435916082041585,40.755061957892146],[14.425510232424754,40.75141577877399],[14.41348459978551,40.75231484920821],[14.395507242613535,40.75938672857204],[14.363232266711915,40.786622375525056],[14.36025191845827,40.784890470834505],[14.35698177662913,40.791458254603675],[14.351240280927488,40.79417250684412],[14.339613722603826,40.80473213799312],[14.335559135644505,40.80587515589636],[14.333710185045225,40.812478877008274],[14.32441041322388,40.819522211247616],[14.305109550973794,40.83164995221615],[14.273932841198343,40.84469332342152],[14.262225274570715,40.84379022439301],[14.25206597285732,40.83626777269603],[14.252911796832583,40.83497326391077],[14.229585804518521,40.831744287786506],[14.223245337963343,40.829168288706875],[14.220544518835633,40.82647520471647],[14.224513085273605,40.8264674421848],[14.216267004630275,40.821969678404486],[14.206122469385173,40.809069474862426],[14.207258307358167,40.80076239451525],[14.187286159428213,40.7922558229799],[14.174476017013186,40.79915933999814],[14.167322787661,40.796400058555605],[14.163659496083094,40.792553647704544],[14.160595960651362,40.79328976708054],[14.159799303286375,40.79756946910451],[14.168136737515226,40.797164776434414],[14.172425931457106,40.79913278808321],[14.173398733625806,40.80230762967947],[14.172300057778225,40.80618155296088],[14.165675302397583,40.81131611087964],[14.159209066658033,40.808043215331715],[14.165852639354775,40.81193029957806],[14.157689312753362,40.81755112870938],[14.120786624483955,40.82057262570634],[14.117420385082186,40.82772688111736],[14.107691054054905,40.831580413547606],[14.08547906837297,40.82971023437176],[14.077582499242233,40.825629358521276],[14.071700913524822,40.81775724719263],[14.081919817972718,40.811847918847086],[14.08476395602332,40.79340203857248],[14.090382186604781,40.78344370551697],[14.089632322233317,40.777925989312926],[14.08612134897982,40.779726299522345],[14.083798546406202,40.785069157059624],[14.077769481744799,40.78733842900694],[14.064805576033843,40.78871164280788],[14.06018488465484,40.78760042891914],[14.043229123260947,40.79073481987053],[14.01759948815819,40.76925755536647],[14.022038850775994,40.758289882454996],[14.012826046156032,40.74859700333291],[14.017412350591933,40.73928340010458],[14.010245221007494,40.74208346465509],[14.00727324986539,40.74860223654062],[14.0049800456869,40.74908796441524],[14.004204385448338,40.745062283316734],[13.997865352801874,40.74813060808179],[13.99546204235629,40.74687802329361],[13.997711478925607,40.74011621874593],[13.991318496937515,40.74210991054288],[13.956845333877713,40.735267319673895],[13.965023666879697,40.71792875204824],[13.965289409472279,40.71269706181891],[13.962267974929114,40.71018671396565],[13.958393895401622,40.71101608864343],[13.954524513737457,40.70900507015135],[13.956037014824659,40.70465748855015],[13.954062044922257,40.70066138731036],[13.948655260319159,40.705096505234415],[13.939718525663395,40.70664617013056],[13.93285451667986,40.70430235696116],[13.923236943196567,40.697303951368134],[13.905205385694499,40.70178642383076],[13.894502089138442,40.69928509907467],[13.88151770729892,40.69996226420556],[13.873661896267246,40.69690957453166],[13.856900145078832,40.70605422372542],[13.851037769956429,40.71103730290177],[13.860759399993851,40.71599934025666],[13.86074738436289,40.723701496513215],[13.857742799840286,40.729215499881505],[13.85856838625478,40.738060686803344],[13.864440573135985,40.74182092750244],[13.86852295372397,40.751992151416935],[13.861892212666422,40.757421839705835],[13.87113689836136,40.761622667950135],[13.877069023513176,40.756863578009025],[13.883279013116093,40.7595686564832],[13.885874847227972,40.754281986197626],[13.890083206720568,40.75256440930568],[13.897519278401049,40.75120374762528],[13.909922324103368,40.752393807143974],[13.905768285358768,40.749541560918054],[13.924129664580903,40.749932281195115],[13.930175684053241,40.74633393634339],[13.941001143587732,40.746592232769274],[13.938593652203107,40.744027983591174],[13.941251292105363,40.74279737504872],[13.942565884788937,40.745296050882686],[13.95351616785352,40.74223935418995],[13.956095713904636,40.73745658536899],[13.990690333138327,40.74432327400457],[13.994664237459327,40.7491703621269],[14.002012169198334,40.74747593667417],[14.009694653542798,40.75962646490795],[14.0099884270221,40.768622572317916],[14.015405718734574,40.7701364899661],[14.041857275355882,40.792564241657395],[14.047445988150518,40.824377347275565],[14.04748811545668,40.84772859269222],[14.042710982753665,40.872139043617395],[14.032569577693513,40.89898527687014],[14.035710046933373,40.899883383444184],[14.02697400826048,40.91594483801439],[14.028814855484521,40.92485421463323],[14.018402415560418,40.9430951301989],[14.017998366981445,40.947911552026795],[14.02322007644513,40.95117486375],[14.02766434253598,40.94825467513479],[14.03702998561508,40.94962301528029],[14.046731938207044,40.95411795123651],[14.043044545429927,40.95768747692642],[14.04737108805686,40.9592217934876],[14.09263409227798,40.960008154185104],[14.099255810790053,40.96242015356751],[14.112212060590391,40.978986898896686],[14.140274212836715,40.97914415920665],[14.147508582010383,40.95827596931548],[14.13891120110453,40.95597759632486],[14.129699724957606,40.94986162324881],[14.13825022678137,40.94465870598745],[14.146476842503434,40.945150599249686],[14.165274067289076,40.954359703765576],[14.167229620218844,40.94442699719559],[14.173728026234018,40.95006780157553],[14.17223073409278,40.953970467804204],[14.197171334047207,40.95390369273078],[14.21434669602617,40.94929081357462],[14.229410928139687,40.95245541455848],[14.23250294643717,40.95842773443631],[14.241277682163734,40.95477801064332],[14.252248619171375,40.9460847187293],[14.264052947111812,40.951896419077656],[14.258432614559775,40.95823955600093],[14.263506004655286,40.96155903396629],[14.284480880709266,40.960304238620274],[14.29302047064056,40.96970645021163],[14.294283298844709,40.98056870032317],[14.289286675509334,40.98646598682019],[14.29368967584433,41.001680593905554],[14.297616304970125,41.004749702354864],[14.316785799821828,41.00123575988547],[14.335019599183003,41.001826793563595],[14.346142547089537,41.00001868519683],[14.355674051703819,41.0017813708411],[14.394626194678965,41.00069258779773],[14.410517201391803,41.00224030119089],[14.414780592120145,40.99697030063702],[14.404826699521754,40.98609277319749],[14.418466128418485,40.981597485480904],[14.426246082527623,40.98094236919833],[14.436952272686069,40.984185963524695],[14.476294769470215,40.9814114837486],[14.483379227080036,40.992418598686605],[14.491997022426782,40.99424868380527],[14.511866242751756,40.990677726748295],[14.520808259577006,40.9871472035632],[14.534150296316005,40.99677711196519],[14.531166858976071,41.013349978378066],[14.534763800916194,41.01773195844163],[14.540565046605733,41.01984698148648],[14.546983794322664,41.01698962994691],[14.564340653314371,41.0161728988616],[14.566259297441878,41.011992942354325],[14.571479780378063,41.01024554569235],[14.574778966485306,41.00023197389929],[14.581068586689323,40.99463334028528],[14.581729130905446,40.98414969576715],[14.57671688481069,40.96303525255675],[14.581074939837134,40.961792948330626],[14.58530204991944,40.93396163079026],[14.614613350343646,40.92844027167165],[14.619419277692938,40.9209631962591],[14.61819183814604,40.91735031932134],[14.620706782630853,40.911718065687715],[14.637826739119113,40.91430046516223],[14.657454590537233,40.912516885612604],[14.66451851178147,40.91521169425315],[14.669663458568726,40.904947765321666],[14.665065326207262,40.90327954609837],[14.651052111398773,40.90391079306333],[14.645308259786926,40.90540830369687],[14.64585007512974,40.908698967021955],[14.632126572293554,40.91239239705657],[14.60881038760966,40.90937794984328],[14.596454260950788,40.91062382309335],[14.593449693177753,40.914568991224186],[14.574272722364917,40.9091152064137],[14.576495028869191,40.904752088129804],[14.572521678627405,40.8966762089536],[14.559463374770543,40.88798028447313],[14.570090142358927,40.88141819582591],[14.577174308496915,40.88058415520561],[14.605544605148928,40.847613529599485],[14.582154874933735,40.848630876510214],[14.571131885049548,40.84717595775186],[14.564648321832513,40.8351599654234],[14.569380491438277,40.83067864990427],[14.588678608780993,40.82016409628618],[14.590272698475761,40.81818550168264],[14.589243952559784,40.80725444832561],[14.57423500221943,40.80026677879712],[14.57369703594821,40.79682363741931],[14.576594055828494,40.79424811195692],[14.575941240433524,40.786875421704536],[14.567272421964583,40.78768241184763],[14.552719737510682,40.79268891722018],[14.544854560505593,40.778146998639436],[14.525562208493369,40.77793198121373],[14.507017244391967,40.77296967465103],[14.510795058693793,40.76516825257157],[14.50860396306716,40.76334667652419],[14.51432090259931,40.74634639022051],[14.513823914358795,40.74477678249594],[14.506186057723454,40.74274340474562],[14.506555944146053,40.739179234327906],[14.508493787500317,40.73776004693565],[14.51751213068398,40.73799845734451],[14.5204874546493,40.7347857708602],[14.526058036613016,40.734737383556705],[14.537816940956873,40.73674220498871],[14.54268452370038,40.74016726740283],[14.547857601555048,40.734207134394055],[14.550320553997173,40.72699866158251],[14.560706824390111,40.731740251093875],[14.570542796714982,40.71601465331],[14.57160743417799,40.71053024231356],[14.579888153433252,40.70957986837647],[14.577004431636244,40.701406086607754],[14.590615254448265,40.694016501583654],[14.590258795901951,40.69032939895434],[14.580492772554427,40.68558962072558],[14.572280394967395,40.67009102753158],[14.566041721701483,40.66886250737141],[14.557170835561134,40.670299400115645],[14.55518351095922,40.667922530284145],[14.557999908939012,40.66132909289402],[14.572503160658897,40.64842079716583],[14.57044177433758,40.64506820000776],[14.57164412178693,40.640045264529846],[14.580534759898496,40.63677439034083],[14.577589825042264,40.627428751954355],[14.570130327002577,40.623527348538296],[14.565343885866326,40.6234302371397],[14.555309650218057,40.62975286636221],[14.553969182815035,40.6250778203045],[14.544500154474758,40.62136616600392],[14.534472787366264,40.624931952805554],[14.524335851614225,40.620818590995626],[14.517906446191441,40.621932677386475],[14.510277885916963,40.630503683795574],[14.509568903151491,40.63533139947245],[14.512468109363507,40.63990086768469],[14.510642291921792,40.64542571439672],[14.5019380376084,40.64821072956974],[14.497154602346347,40.64600754588737],[14.482122789087363,40.647489561598164],[14.474882135267379,40.63574831122523],[14.46621172318089,40.634490335314474],[14.464594004413625,40.632708115084746],[14.462341524587295,40.62599558126532],[14.468666790451692,40.62018579551157],[14.46677407092825,40.61882812209144],[14.451684049554677,40.61929601271375],[14.441311533793215,40.61589368647977],[14.437932637976989,40.61279459541011],[14.418907643931307,40.610291523049966],[14.408032845645668,40.59957648574179],[14.352310017857361,40.582081066575334],[14.32530728129416,40.56920551261011],[14.265796398615358,40.55528936463467],[14.25289351791456,40.541615425425526],[14.244404725932101,40.54667064020558],[14.234491722197616,40.54486619235574],[14.231071100650036,40.541694920845195],[14.197944362970135,40.53680642424762]]]}},{"type":"Feature","bbox":[14.559463374770536,40.70664496234969,15.572306436236746,41.286444132167745],"properties":{"prov_name":"Avellino","prov_istat_code_num":64,"prov_acr":"AV","reg_name":"Campania","reg_istat_code":"15","reg_istat_code_num":15,"prov_istat_code":"064"},"geometry":{"type":"Polygon","coordinates":[[[14.77598643987873,41.01446295253893],[14.774743765147596,41.05461033835369],[14.8060031488463,41.058813546242895],[14.806306924502488,41.04060568893938],[14.833089835663893,41.035710893032814],[15.010854735375858,41.118096404094395],[14.995306280481845,41.15044124863412],[14.956923713469056,41.1473900392314],[14.962530919973265,41.17703758149401],[15.004904299822654,41.20817351794404],[14.986126775177846,41.27114716485001],[15.05096077014813,41.25822645655458],[15.066493855891226,41.27093362160379],[15.081740021749816,41.25284966032695],[15.12217324563278,41.25620276857587],[15.150805930821484,41.282970026510206],[15.199274707961639,41.28640867401608],[15.22043956659175,41.26518753129493],[15.250400824419833,41.270455998492054],[15.27984391576176,41.2407949638467],[15.246175057200293,41.23611112549301],[15.26241506922553,41.19762624686489],[15.209345463529809,41.16768658407982],[15.210562167364579,41.1489214264729],[15.264310632392014,41.105320596255986],[15.366593665452285,41.08478067323503],[15.401275530586442,41.105981369889435],[15.446099979446808,41.07801443721506],[15.542876675446594,41.055854612601344],[15.57230643623675,40.997110596568255],[15.527244793965851,40.90783382287643],[15.467632576334577,40.88960343835617],[15.460815451454506,40.86715133893165],[15.354165756847026,40.88265199953582],[15.378357167027767,40.86766776021377],[15.377547480294773,40.83613773348453],[15.295546682587837,40.83814873204696],[15.280020241467865,40.79776429443288],[15.240371508327964,40.7720444122319],[15.247077704591602,40.71768063254585],[15.168977085882497,40.70664495584602],[15.132295836154443,40.761145341159015],[15.027295512605797,40.78176662649804],[15.00917300269554,40.7731597989813],[14.988105694584595,40.78857804149351],[14.944969971680479,40.78810914034858],[14.917374513662098,40.80970495045533],[14.83520353109683,40.79354753925897],[14.747605438332311,40.803288351837814],[14.731290691106715,40.84197809156868],[14.686206126698885,40.841376467994095],[14.67598313570835,40.82153252574966],[14.605544605148928,40.847613529599485],[14.559463374770543,40.88798028447313],[14.574272722364917,40.9091152064137],[14.669663458568726,40.904947765321666],[14.66451851178147,40.91521169425315],[14.620706782630853,40.911718065687715],[14.614613350343646,40.92844027167165],[14.58530204991944,40.93396163079026],[14.568046178311096,41.02063791318337],[14.596644540749969,41.058826482007504],[14.640147979247745,41.042542969271494],[14.70900135510469,41.061434884586866],[14.736312018857909,41.01722513738049],[14.77598643987873,41.01446295253893]],[[14.693609544584643,40.9751363111611],[14.715637926269773,41.007025720595436],[14.695703397030048,41.033855924170325],[14.678867868149151,41.019503047759954],[14.693609544584643,40.9751363111611]]]}},{"type":"Feature","bbox":[14.428656983848505,39.99056046734223,15.806446853156245,40.84874819306863],"properties":{"prov_name":"Salerno","prov_istat_code_num":65,"prov_acr":"SA","reg_name":"Campania","reg_istat_code":"15","reg_istat_code_num":15,"prov_istat_code":"065"},"geometry":{"type":"Polygon","coordinates":[[[15.139589912807436,40.756879157319865],[15.168977085882497,40.70664495584602],[15.247077704591602,40.71768063254585],[15.240371508327964,40.7720444122319],[15.280020241467865,40.79776429443288],[15.295546682587837,40.83814873204696],[15.380501935451159,40.810950170731196],[15.366111801333636,40.800485779494714],[15.388413002329791,40.79493100949046],[15.38147621548827,40.72415082233257],[15.503633038845699,40.66366814338602],[15.449472593367632,40.609102031770206],[15.53933584357984,40.56806469476335],[15.52657712755658,40.5573346502213],[15.550469378933272,40.50924781701999],[15.538856430871803,40.48805001748307],[15.662732993989373,40.39249330213304],[15.710122280505278,40.377299485025844],[15.704748021965004,40.34224101129185],[15.726879580673138,40.31544638220995],[15.806361247555945,40.2732320250111],[15.795716505694408,40.221918813708264],[15.73125517366469,40.199328793417585],[15.701060161082296,40.160617573505036],[15.705829923626624,40.11773231813489],[15.676982838559505,40.08446869012191],[15.651746469152103,40.07885825877317],[15.676164249131892,40.05489906875844],[15.645339208030137,40.042961235635644],[15.625471028681657,40.07407605581984],[15.530672043793054,40.07383435992244],[15.41903949508447,39.99056046049932],[15.356856297583716,39.99911657064391],[15.314859884676816,40.031881748972104],[15.270901898235229,40.023003350526416],[15.285303934408804,40.03508725246875],[15.271242689531674,40.07423437472001],[15.132054491297822,40.171468052536014],[15.039955159877337,40.17052594685599],[14.990894450510568,40.21894594537411],[14.908904807227211,40.2434234206158],[14.943455136907565,40.275703117226584],[14.94480224372551,40.335565927615555],[14.997292220595675,40.35693480490639],[14.999050358820663,40.38969989456629],[14.897068757594928,40.561625549251865],[14.80859612902081,40.65194221545475],[14.747630425153115,40.67779568040183],[14.691665564759745,40.63430273700934],[14.624899820450066,40.64787974068834],[14.57210786484595,40.61139960814751],[14.528648229154713,40.607267540148854],[14.495423644486674,40.62703959520535],[14.462341524587295,40.62599558126532],[14.5019380376084,40.64821072956974],[14.517906446191441,40.621932677386475],[14.577589825042264,40.627428751954355],[14.55518351095922,40.667922530284145],[14.590615254448265,40.694016501583654],[14.560706824390111,40.731740251093875],[14.505434007110358,40.74052879533906],[14.507017244391967,40.77296967465103],[14.544854560505593,40.778146998639436],[14.552719737510682,40.79268891722018],[14.575941240433524,40.786875421704536],[14.588892375951822,40.806596369172354],[14.564648321832513,40.8351599654234],[14.57340625770599,40.847763425563855],[14.619590125786683,40.84549316416593],[14.67598313570835,40.82153252574966],[14.686206126698885,40.841376467994095],[14.731290691106715,40.84197809156868],[14.747605438332311,40.803288351837814],[14.83520353109683,40.79354753925897],[14.917374513662098,40.80970495045533],[14.944969971680479,40.78810914034858],[15.139589912807436,40.756879157319865]]]}},{"type":"Feature","bbox":[14.934096354177731,41.05571372261986,16.201507555318617,42.22655307189329],"properties":{"prov_name":"Foggia","prov_istat_code_num":71,"prov_acr":"FG","reg_name":"Puglia","reg_istat_code":"16","reg_istat_code_num":16,"prov_istat_code":"071"},"geometry":{"type":"Polygon","coordinates":[[[15.093759897016541,41.39772472798371],[15.098780028445713,41.43376845167343],[15.046790864704777,41.443340484547065],[15.023892892177075,41.476947361718665],[14.938568454607745,41.525197200613405],[14.950309935164752,41.5926618228242],[14.934875641972233,41.6216192360953],[14.959535024639258,41.646036103497025],[15.025494333981442,41.62232221317827],[15.050248241503786,41.657313013673686],[15.161499260646979,41.70938825839422],[15.120903811039094,41.720391752647615],[15.097026010292108,41.767401312810726],[15.115994541609618,41.79906368650811],[15.100985814473527,41.83748103851737],[15.138799094149414,41.87928088004056],[15.13804572601152,41.92664512533677],[15.335921617556378,41.91672951524192],[15.391713097847646,41.90062534575421],[15.53339476877633,41.91319047228766],[15.47645147336919,42.10728681462925],[15.511137879689159,42.139110508654014],[15.517281962236796,42.12578801066332],[15.483704894026845,42.10424353527274],[15.536335680631284,41.913637226674915],[15.6239563233489,41.92747626591936],[15.749968299576084,41.91651979938362],[16.061059008800388,41.94908491401772],[16.17646187056277,41.88482372832453],[16.199739796053503,41.82615364919293],[16.1866027860585,41.772122022864124],[16.03487426585762,41.677218408373854],[15.913984025805583,41.62533342206278],[15.896560122004356,41.60100184136101],[15.925145013758376,41.49449868204874],[16.024780130634976,41.425760554876355],[15.95019122213978,41.441711077385285],[15.936473654003883,41.42500331671852],[16.038515087983733,41.38264349854087],[15.981925743030391,41.36078905982224],[15.983402859078776,41.304688039618654],[16.008946916782588,41.26402218568405],[16.040242359921194,41.26990745038103],[16.020662586565283,41.22077534782283],[15.99161327779333,41.19540146583586],[15.926738582068571,41.181990674566684],[15.865019058785764,41.13096336796847],[15.831744885956917,41.129132938758644],[15.796235748090952,41.090178626697984],[15.585740247353192,41.09825999161566],[15.540235936971904,41.07222530801905],[15.541741005847534,41.05571371627838],[15.446099979446808,41.07801443721506],[15.396375502806078,41.10681624174356],[15.367059148922728,41.084806118183764],[15.314357197196212,41.1038856757428],[15.282572262843376,41.09733471885604],[15.208451272863883,41.15590850614355],[15.223535577089319,41.18194161605032],[15.26241506922553,41.19762624686489],[15.245739100126382,41.23503075187556],[15.27984391576176,41.2407949638467],[15.275658468033017,41.249535804311414],[15.24900323562164,41.270991100649404],[15.22043956659175,41.26518753129493],[15.200695559921085,41.28635435501465],[15.149155750212111,41.280445230231024],[15.130560172252578,41.31718557996838],[15.072190201309725,41.33246032332958],[15.058467630508096,41.37213470049466],[15.093759897016541,41.39772472798371]]]}},{"type":"Feature","bbox":[16.20246418077775,40.69199344633629,17.399754569558738,41.22947316573889],"properties":{"prov_name":"Bari","prov_istat_code_num":72,"prov_acr":"BA","reg_name":"Puglia","reg_istat_code":"16","reg_istat_code_num":16,"prov_istat_code":"072"},"geometry":{"type":"Polygon","coordinates":[[[17.295265817243855,40.81718996271208],[17.310163229404143,40.81092473499997],[17.32725159643668,40.81157054602899],[17.364297042663516,40.785704292115966],[17.371159787064645,40.7895872744672],[17.399460297243788,40.78526269451494],[17.38972891639733,40.76573794238534],[17.395572072257146,40.756864049091774],[17.39365183145665,40.748545376726305],[17.35184976772259,40.74878447649351],[17.340209320873946,40.73936483201131],[17.304631123484878,40.743464139571685],[17.294498916101517,40.76014577302107],[17.282963874501874,40.76822549167608],[17.284490191897646,40.772648593411915],[17.297194605255083,40.77335747676983],[17.28919743332701,40.787568057991685],[17.295869769395896,40.78856482708632],[17.29511730166581,40.78494488304069],[17.3017169286499,40.784561360594395],[17.311756639975833,40.78982858419234],[17.30166906493175,40.80208239725923],[17.287297812214725,40.80339715532066],[17.284934719042912,40.79806763500267],[17.242764744208955,40.799876735394456],[17.251075993056368,40.77501440313963],[17.247925483718948,40.76596282624079],[17.227803504237887,40.757262766740205],[17.21038198907068,40.75964997860006],[17.203864392448736,40.75702684808245],[17.201283092041596,40.76166643430764],[17.159878842132766,40.743757028586366],[17.149494401296174,40.710758981218],[17.136143106901326,40.707870705870654],[17.116160229882652,40.708185001529735],[17.11735165799143,40.71292666453314],[17.103314507140364,40.71412196350308],[17.09713241666707,40.70879713361546],[17.0903750688025,40.70989928981386],[17.08568228369889,40.71924374153216],[17.060541688290193,40.72136914671235],[17.03369164828592,40.71207188198228],[17.022570843043447,40.71307980537876],[17.000945277925847,40.731399152084805],[17.021221655703187,40.7519275821598],[17.015450415997975,40.75981564198473],[16.97152775212834,40.74132826564442],[16.94695870163726,40.74315052587767],[16.928698440363473,40.73873804253512],[16.923059040164205,40.72600265689901],[16.930241863101656,40.7126577547046],[16.904070168753336,40.706624286155666],[16.899674647472725,40.707660267100835],[16.896880954783907,40.71603003586334],[16.887414746313333,40.71233177902521],[16.875166717536136,40.71499955244657],[16.870804836228682,40.71111574439003],[16.867287561427005,40.71822558307],[16.855854917719387,40.723579211821594],[16.84214124187559,40.712791056550095],[16.81804071598756,40.706213522385575],[16.821843460017266,40.693854345471905],[16.808617557333584,40.69199343982582],[16.800071527382478,40.695008274046536],[16.786800031595252,40.7332685993041],[16.732770904166106,40.710818561654754],[16.674026348107077,40.738032728797286],[16.663357668556056,40.74886723916433],[16.661517768517754,40.7368309616533],[16.65286041138256,40.73629765355798],[16.64934956465383,40.73803424899792],[16.653167000574957,40.74390650084481],[16.632819727970876,40.75357062295227],[16.607937887857343,40.75183146572016],[16.579101141391952,40.76367725840214],[16.566965861175103,40.754460015310066],[16.577983137572403,40.7419962344555],[16.57244000489467,40.73693696420797],[16.563672179798676,40.73976451424332],[16.554471774344204,40.75765406712542],[16.53580089825645,40.7519315350781],[16.53138065382763,40.744641621130434],[16.54064866938059,40.74185113905828],[16.54401472095327,40.72553852050355],[16.538614250590072,40.7249757042228],[16.521059124484335,40.74033413937449],[16.52255051729326,40.746448952292916],[16.508434176836925,40.75335666859306],[16.501051189325445,40.762287980454424],[16.480536821422774,40.73756191669794],[16.46324858727657,40.72414326243688],[16.43050933469821,40.704754575827934],[16.413779111429864,40.70186092934449],[16.39886046543961,40.70836441900728],[16.380389453514745,40.73639778071395],[16.348813336542364,40.74963490078239],[16.31622601928942,40.78310560727935],[16.278230362717853,40.8016053503465],[16.269028532315566,40.81471378946519],[16.25614511193193,40.82305152088907],[16.252304697700826,40.83267928428911],[16.242208779738828,40.83960660047792],[16.24178313203025,40.84740333325686],[16.23162202925696,40.854041461903655],[16.223804873424644,40.88658542432976],[16.20246418077775,40.917531536722144],[16.225602875837417,40.94552752417594],[16.251887262154057,40.9621798083734],[16.26642464684806,41.005346104428746],[16.254037393636146,41.01478684532817],[16.26661452857571,41.02389286773706],[16.26316240703008,41.03319084901143],[16.266029768917388,41.038597036195355],[16.31276872146952,41.08995097401349],[16.322062486111477,41.10642698622994],[16.347266886909694,41.12525274572243],[16.351703319940498,41.134722086025285],[16.33629471480935,41.14925655101512],[16.341707026711177,41.15638277532647],[16.33997179074841,41.16651792106642],[16.35770730093217,41.16127244621926],[16.36455451855333,41.1720688009077],[16.382473435783766,41.18108532616341],[16.391591845934546,41.196131327046764],[16.400503283925573,41.1884856100561],[16.418972373808046,41.18446222616755],[16.42878354697017,41.19031907588493],[16.43631782738435,41.18820145927899],[16.446557598898202,41.175622857399176],[16.459922829919172,41.17035759009893],[16.470748377562952,41.14803467072953],[16.477358580351556,41.15522894200594],[16.484844232263246,41.15159075640204],[16.503846920803284,41.15133704294839],[16.51488219135248,41.168955284420456],[16.5117694189299,41.18396526924359],[16.538253503665338,41.21301488983909],[16.54226126585111,41.22947315947738],[16.57133149056721,41.21864880297749],[16.582202196600374,41.208160204008855],[16.626142957947888,41.19483145919097],[16.663176307187165,41.19163418768939],[16.699093710185608,41.17680348591449],[16.779135953620052,41.159720753371836],[16.79172899522457,41.14866399054841],[16.80963487770593,41.14032729355092],[16.830785433563367,41.136471288506776],[16.839964262302413,41.138787235099606],[16.858262607625395,41.12871574558796],[16.86574664057068,41.13032272550722],[16.87116774380395,41.139828479532994],[16.855389133251865,41.14395553391901],[16.8682865340456,41.143132686156015],[16.872552443065448,41.13971526047666],[16.872723651167984,41.12588230664136],[16.879052089877018,41.122597206694934],[16.928816152256896,41.111759227603486],[16.960641707940056,41.097888761761794],[16.984758215219454,41.09411968234644],[16.99762254955192,41.088131959440354],[17.05462134098885,41.07797523885874],[17.142406887405844,41.0369366578896],[17.17540939434344,41.02910147401344],[17.200836508184214,41.009439848161804],[17.20283586230687,41.00286477285351],[17.23703553434092,40.99312723042571],[17.265247591465265,40.97323574777376],[17.271858603212,40.97495985981701],[17.282631303203793,40.9693909706485],[17.282604393754294,40.96625582062815],[17.32826678796487,40.93518641083117],[17.3501147932329,40.90573761290642],[17.38921461828695,40.89225213009935],[17.370528574681042,40.885976276030256],[17.33950067083152,40.866013666281475],[17.33876986074545,40.85804792455693],[17.315361187527238,40.84067602933801],[17.3121338759472,40.82966209479214],[17.295265817243855,40.81718996271208]],[[16.63376356428971,40.75488434804643],[16.64229159808965,40.751604016293406],[16.646454545769405,40.75415164065379],[16.63376356428971,40.75488434804643]]]}},{"type":"Feature","bbox":[16.69648937925311,40.29458360354559,17.80014743452957,40.803397161779145],"properties":{"prov_name":"Taranto","prov_istat_code_num":73,"prov_acr":"TA","reg_name":"Puglia","reg_istat_code":"16","reg_istat_code_num":16,"prov_istat_code":"073"},"geometry":{"type":"Polygon","coordinates":[[[17.157211482119095,40.44473836830451],[17.143293273708935,40.450509369042734],[17.181662429736797,40.49248091690992],[17.157094111290164,40.494892894049435],[17.162639860831295,40.506111015624676],[17.144748738115357,40.49491278461438],[17.128680788831147,40.517333906067726],[17.072590768607423,40.51842304928342],[16.987357222831232,40.49111794906056],[16.86652049966829,40.39807750754415],[16.84984241155862,40.401624506616244],[16.809382462945358,40.43307395181757],[16.80281733795061,40.45744480046914],[16.720219573642883,40.47982583285177],[16.73704716857948,40.50779653010024],[16.705363003240052,40.555043413090395],[16.72825856073078,40.60141891679876],[16.709759340915653,40.63283372361613],[16.72720208755726,40.688378558111026],[16.69809202891499,40.704756660726986],[16.786800031595252,40.7332685993041],[16.808617557333584,40.69199343982582],[16.855854917719387,40.723579211821594],[16.911945340520674,40.707088892772404],[16.93071487052527,40.712856694144925],[16.928698440363473,40.73873804253512],[17.015450415997975,40.75981564198473],[17.000945277925847,40.731399152084805],[17.022570843043447,40.71307980537876],[17.05855524797935,40.72144130288576],[17.14688490255328,40.70948270529625],[17.159878842132766,40.743757028586366],[17.247925483718948,40.76596282624079],[17.242764744208955,40.799876735394456],[17.30166906493175,40.80208239725923],[17.311550555134747,40.789294846193],[17.28919743332701,40.787568057991685],[17.297194605255083,40.77335747676983],[17.282963874501874,40.76822549167608],[17.301247093879663,40.746614633290804],[17.353611431816102,40.74859220424683],[17.349836291251997,40.7328937380165],[17.38694539234519,40.720987021898814],[17.404500384469785,40.688476825381194],[17.426099558651146,40.687821880555155],[17.428299985430264,40.63143701802711],[17.473394600170135,40.61057903095808],[17.4482651198576,40.554215026642716],[17.486993917536495,40.482157347164986],[17.511041116838502,40.478860448473554],[17.546353476013046,40.43844465188945],[17.577276117346244,40.438506947123365],[17.58379449871045,40.46020598937538],[17.635912420603113,40.45998154566743],[17.68263847461866,40.44075691699775],[17.693378167426484,40.411845244577684],[17.72861891502713,40.391552733737726],[17.792029108680968,40.39046078175796],[17.799692431721798,40.35523004953783],[17.763855456775445,40.2961431058655],[17.508573317849716,40.2947290937074],[17.44284261033607,40.3298051992863],[17.386012674698733,40.33738697765581],[17.203317396410547,40.408269997430196],[17.255667123891413,40.4427319175843],[17.220167281566322,40.479340899662624],[17.18305610270165,40.4808093018981],[17.157211482119095,40.44473836830451]]]}},{"type":"Feature","bbox":[17.295265817243855,40.379649563217434,18.097367150152873,40.89225213651649],"properties":{"prov_name":"Brindisi","prov_istat_code_num":74,"prov_acr":"BR","reg_name":"Puglia","reg_istat_code":"16","reg_istat_code_num":16,"prov_istat_code":"074"},"geometry":{"type":"Polygon","coordinates":[[[17.927202079043308,40.64003534630708],[17.998613846560193,40.649032563461496],[18.014641204883226,40.63656757156682],[18.045144259653938,40.59727927583538],[18.03743768282225,40.563972066557255],[18.097367150152873,40.51536717020416],[18.0743346038791,40.47630804819194],[18.070704399043578,40.487851164563764],[18.05983156264508,40.47936212825861],[18.07528672208242,40.464512578267524],[18.04144045678826,40.48894974153755],[18.017585091171572,40.46258589845175],[17.953309699823702,40.45761819998074],[17.935632901756062,40.4283636606434],[17.822541672275083,40.403420984872284],[17.803706627665438,40.380844858765364],[17.771527915001865,40.396984990533156],[17.72861891502713,40.391552733737726],[17.693378167426484,40.411845244577684],[17.68263847461866,40.44075691699775],[17.635912420603113,40.45998154566743],[17.58379449871045,40.46020598937538],[17.577276117346244,40.438506947123365],[17.546353476013046,40.43844465188945],[17.511041116838502,40.478860448473554],[17.486993917536495,40.482157347164986],[17.4482651198576,40.554215026642716],[17.473394600170135,40.61057903095808],[17.427807235911043,40.63218378365184],[17.426099558651146,40.687821880555155],[17.404500384469785,40.688476825381194],[17.38694539234519,40.720987021898814],[17.349660301296485,40.733162907814545],[17.353611431816102,40.74859220424683],[17.39365183145665,40.748545376726305],[17.399460297243788,40.78526269451494],[17.364297042663516,40.785704292115966],[17.295425097228705,40.817610188847055],[17.33950067083152,40.866013666281475],[17.38921461828695,40.89225213009935],[17.503867259084466,40.81877807186143],[17.707228151668417,40.75819176341401],[17.838543811022156,40.69127039764932],[17.936081066221263,40.68603447697365],[17.95298967323822,40.6641276080299],[17.983992481708764,40.66365548115649],[17.927202079043308,40.64003534630708]]]}},{"type":"Feature","bbox":[17.762473743183474,39.79146331586641,18.520381599098922,40.51536717679756],"properties":{"prov_name":"Lecce","prov_istat_code_num":75,"prov_acr":"LE","reg_name":"Puglia","reg_istat_code":"16","reg_istat_code_num":16,"prov_istat_code":"075"},"geometry":{"type":"Polygon","coordinates":[[[17.953183685837566,40.0514054728175],[18.005539958304464,40.07330232724912],[17.994744844261675,40.13108604173221],[17.91981032479736,40.1921354711846],[17.90354932732103,40.257065317722706],[17.856913030526364,40.28537186759236],[17.762879879919524,40.29169442983637],[17.767954722965165,40.31160490466044],[17.78531114873693,40.31073405695953],[17.798334829651846,40.379649556559926],[17.822541672275083,40.403420984872284],[17.935632901756062,40.4283636606434],[17.953309699823702,40.45761819998074],[18.017585091171572,40.46258589845175],[18.04144045678826,40.48894974153755],[18.069107961522214,40.460424926854486],[18.074191645999225,40.47585519001681],[18.05983156264508,40.47936212825861],[18.070704399043578,40.487851164563764],[18.0743346038791,40.47630804819194],[18.097367150152873,40.51536717020416],[18.23425078563185,40.448440096441146],[18.42283097155589,40.29417923606871],[18.520381599098922,40.107082366087006],[18.416671259452606,39.99409186497305],[18.39021753073273,39.90735612497192],[18.39081200458083,39.81759928985444],[18.346169153964986,39.791463308927746],[18.269108247791333,39.834696818080666],[18.204743310445117,39.838545201554574],[18.085937506702397,39.900651606147676],[17.994845029032493,39.99522041216719],[18.018018311322177,40.007944832932175],[18.0124925306125,40.03950890235396],[17.982400914768988,40.05488850439735],[17.953183685837566,40.0514054728175]]]}},{"type":"Feature","bbox":[15.870254199732102,40.89771887702986,16.54226126585111,41.44171108354995],"properties":{"prov_name":"Barletta-Andria-Trani","prov_istat_code_num":110,"prov_acr":"BT","reg_name":"Puglia","reg_istat_code":"16","reg_istat_code_num":16,"prov_istat_code":"110"},"geometry":{"type":"Polygon","coordinates":[[[16.33997179074841,41.16651792106642],[16.347266886909694,41.12525274572243],[16.266029768917388,41.038597036195355],[16.251887262154057,40.9621798083734],[16.20246418077775,40.917531536722144],[16.162970589441006,40.92857996669828],[16.121069328409224,40.8977188706153],[16.092774008125428,40.92064071053007],[15.977226166582165,40.95798011306233],[15.971811467247276,40.972131666965424],[16.00835280725505,40.972091716244115],[16.02703823307012,40.99121387349013],[16.040622759778383,41.036243146852726],[15.998858603182674,41.0539899867242],[15.953384641931335,41.110809430588844],[15.920968885486136,41.11115106183501],[15.870254199732106,41.13992129134035],[15.926738582068571,41.181990674566684],[16.013529560767637,41.21211869508346],[16.040242359921194,41.26990745038103],[16.008946916782588,41.26402218568405],[15.983402859078776,41.304688039618654],[15.981925743030391,41.36078905982224],[16.038096318688282,41.383492658586285],[15.936473654003883,41.42500331671852],[15.95019122213978,41.441711077385285],[16.042892777650643,41.420847700579195],[16.54226126585111,41.22947315947738],[16.503846920803284,41.15133704294839],[16.470748377562952,41.14803467072953],[16.43631782738435,41.18820145927899],[16.391591845934546,41.196131327046764],[16.35770730093217,41.16127244621926],[16.33997179074841,41.16651792106642]]]}},{"type":"Feature","bbox":[15.334971175904862,39.894802042781656,16.398764241512954,41.13992129764297],"properties":{"prov_name":"Potenza","prov_istat_code_num":76,"prov_acr":"PZ","reg_name":"Basilicata","reg_istat_code":"17","reg_istat_code_num":17,"prov_istat_code":"076"},"geometry":{"type":"Polygon","coordinates":[[[16.048224741956478,40.635570897315134],[16.120961562357987,40.583645870741854],[16.07568756137251,40.544646214787285],[16.116254936849334,40.50069171933488],[16.09703323695392,40.48171038830801],[16.141489399584778,40.45253048188839],[16.106050054977377,40.40911883076299],[16.151501633212884,40.37776036855074],[16.163383535509194,40.33846061729405],[16.189594615853597,40.3200269275666],[16.161837157970936,40.31216611692768],[16.195482313751867,40.26539354874273],[16.305497476081552,40.27197276525714],[16.33335144358863,40.30445387982955],[16.375632975346825,40.310417660233846],[16.34861048992669,40.20539713635771],[16.396492970288342,40.153765912225325],[16.35051904748296,40.12330254014398],[16.37374235647246,40.10783670433756],[16.35528519242531,40.09086531417888],[16.373005940614288,40.09048819229846],[16.36248899522868,40.07268103407961],[16.383082518971076,40.081305816176574],[16.398764241512954,40.05543175364542],[16.39856159178225,40.017910150673586],[16.337802482389336,39.93617522175925],[16.359662865299136,39.91960413844353],[16.350595746033278,39.89873410882323],[16.309590300331365,39.93404441549521],[16.268886630936713,39.9359830925773],[16.214276386676023,39.92659563683657],[16.214690825793145,39.89597884552212],[16.15895495661494,39.91940314701268],[16.137972026839947,39.90141268933523],[16.04902135686346,39.89480203589275],[16.016531056696373,39.92575153742834],[16.006862265205577,39.95814278940427],[16.033899338327522,39.983365159535936],[16.01466513064298,39.99670656976144],[15.979203220547042,39.9824005292797],[15.928019428714325,40.00107170151227],[15.897769792420405,39.98167087419053],[15.851706929471238,40.00589581493813],[15.820049773546565,40.00186907475404],[15.772823790944003,39.960291751748095],[15.76347180607215,39.92790007387781],[15.7425996408762,39.93437726611643],[15.67455008255722,40.029514466806404],[15.644592194862753,40.042157883780284],[15.676164249131892,40.05489906875844],[15.651625712854528,40.078581755318304],[15.676982838559505,40.08446869012191],[15.705829923626624,40.11773231813489],[15.712527211915472,40.178444947339976],[15.734476633773406,40.20167640840163],[15.795204782681353,40.22138206486284],[15.806361247555945,40.2732320250111],[15.726879580673138,40.31544638220995],[15.704748021965004,40.34224101129185],[15.710122280505278,40.377299485025844],[15.662732993989373,40.39249330213304],[15.538856430871803,40.48805001748307],[15.550469378933272,40.50924781701999],[15.52657712755658,40.5573346502213],[15.53933584357984,40.56806469476335],[15.449472593367632,40.609102031770206],[15.503633038845699,40.66366814338602],[15.38147621548827,40.72415082233257],[15.388285713448026,40.79539260120461],[15.366643225768563,40.79830833685695],[15.380501935451159,40.810950170731196],[15.334971175904863,40.83488003390736],[15.377683213729565,40.8364478074214],[15.378357167027767,40.86766776021377],[15.354165756847026,40.88265199953582],[15.460815451454506,40.86715133893165],[15.467632576334577,40.88960343835617],[15.527244793965851,40.90783382287643],[15.569458656674092,40.97997120851985],[15.539302545041332,41.07037499607497],[15.560288509572546,41.088495492802394],[15.617416838117101,41.099257903200304],[15.67941423190766,41.086802044396805],[15.737881831235214,41.09954781789393],[15.76840065701377,41.08318976174008],[15.797758742205405,41.09101530306436],[15.83361474553209,41.13004969157751],[15.880662209653897,41.13683577272745],[15.920968885486136,41.11115106183501],[15.953384641931335,41.110809430588844],[15.998858603182674,41.0539899867242],[16.040622759778383,41.036243146852726],[16.02703823307012,40.99121387349013],[16.00835280725505,40.972091716244115],[15.971811467247276,40.972131666965424],[15.976628515816257,40.95845290764853],[16.092774008125428,40.92064071053007],[16.121069328409224,40.8977188706153],[16.162970589441006,40.92857996669828],[16.20246418077775,40.917531536722144],[16.24178313203025,40.84740333325686],[16.238159507342534,40.834512725131056],[16.121772349208324,40.79660471791714],[16.11488835263758,40.76764730852842],[16.149117046689206,40.73104401101053],[16.147502147751926,40.69919623254513],[16.06086263685998,40.66057098616739],[16.048224741956478,40.635570897315134]],[[15.98399710888862,40.60577486632901],[15.981220348457926,40.64882217003741],[15.953562633114043,40.648357574167264],[15.951986556785766,40.61415873829359],[15.98399710888862,40.60577486632901]]]}},{"type":"Feature","bbox":[15.941421752182238,40.055650400894805,16.86688530999867,40.838029639542725],"properties":{"prov_name":"Matera","prov_istat_code_num":77,"prov_acr":"MT","reg_name":"Basilicata","reg_istat_code":"17","reg_istat_code_num":17,"prov_istat_code":"077"},"geometry":{"type":"Polygon","coordinates":[[[16.120961562357987,40.583645870741854],[16.049513422182212,40.63477686744795],[15.982566534910278,40.64527248992914],[15.978800434819352,40.60460127346204],[15.954516506070435,40.61150965112232],[15.941421752182238,40.637933157612174],[15.981220348457926,40.64882217003741],[16.04871754706752,40.63664418362088],[16.06086263685998,40.66057098616739],[16.1458575018205,40.69570377847442],[16.149331921184913,40.73055372395064],[16.11488835263758,40.76764730852842],[16.12143238209569,40.79611290051608],[16.244050826507227,40.83802963310037],[16.413779111429864,40.70186092934449],[16.501051189325445,40.762287980454424],[16.538614250590072,40.7249757042228],[16.53580089825645,40.7519315350781],[16.554471774344204,40.75765406712542],[16.57244000489467,40.73693696420797],[16.579679898505205,40.76366151644116],[16.645950255621297,40.75524238197556],[16.634490620677692,40.75285459024241],[16.64934956465383,40.73803424899792],[16.663357668556056,40.74886723916433],[16.724908461460032,40.71383275800885],[16.696489379253112,40.70261202257758],[16.72720208755726,40.688378558111026],[16.709759340915653,40.63283372361613],[16.72825856073078,40.60141891679876],[16.705363003240052,40.555043413090395],[16.73704716857948,40.50779653010024],[16.720219573642883,40.47982583285177],[16.80281733795061,40.45744480046914],[16.823681357624412,40.419497879824895],[16.86688530999867,40.39734974173523],[16.684080799705406,40.144215961925084],[16.645260767680846,40.118128202293356],[16.620948188894793,40.132100501147576],[16.530009955226465,40.118094094176016],[16.470772889207492,40.134079708104366],[16.434012458283362,40.12801086087405],[16.421115843088543,40.143925884123476],[16.39858648314528,40.055650394083095],[16.383082518971076,40.081305816176574],[16.36248899522868,40.07268103407961],[16.373005940614288,40.09048819229846],[16.35528519242531,40.09086531417888],[16.37374235647246,40.10783670433756],[16.35051904748296,40.12330254014398],[16.396492970288342,40.153765912225325],[16.34861048992669,40.20539713635771],[16.375632975346825,40.310417660233846],[16.33335144358863,40.30445387982955],[16.305497476081552,40.27197276525714],[16.195482313751867,40.26539354874273],[16.161837157970936,40.31216611692768],[16.189594615853597,40.3200269275666],[16.163383535509194,40.33846061729405],[16.151501633212884,40.37776036855074],[16.106219154658444,40.408658478298115],[16.141660468426213,40.45144009224593],[16.09703323695392,40.48171038830801],[16.11632781109518,40.500462254438766],[16.07568756137251,40.544646214787285],[16.120961562357987,40.583645870741854]]]}},{"type":"Feature","bbox":[15.755915690898375,39.048700977296015,17.024898188429102,40.143925890892994],"properties":{"prov_name":"Cosenza","prov_istat_code_num":78,"prov_acr":"CS","reg_name":"Calabria","reg_istat_code":"18","reg_istat_code_num":18,"prov_istat_code":"078"},"geometry":{"type":"Polygon","coordinates":[[[15.925195480003241,39.52653169053503],[15.875683522994139,39.551535123164534],[15.817375321044361,39.677397357174215],[15.769009647077832,39.835674811647635],[15.792005490759724,39.86041413256887],[15.786425600994558,39.8739033801234],[15.768605124298409,39.87192707867437],[15.785470122446876,39.87604548348017],[15.755915690898375,39.92355682321353],[15.773595405790312,39.96115984066303],[15.820049773546565,40.00186907475404],[15.851706929471238,40.00589581493813],[15.897769792420405,39.98167087419053],[15.928019428714325,40.00107170151227],[15.979203220547042,39.9824005292797],[16.023383287555564,39.99594646807793],[16.033809519480453,39.98276327134334],[16.006877336575712,39.95693613008882],[16.04902135686346,39.89480203589275],[16.137972026839947,39.90141268933523],[16.15895495661494,39.91940314701268],[16.214690825793145,39.89597884552212],[16.214276386676023,39.92659563683657],[16.268886630936713,39.9359830925773],[16.309590300331365,39.93404441549521],[16.350595746033278,39.89873410882323],[16.359662865299136,39.91960413844353],[16.337802482389336,39.93617522175925],[16.39837787698745,40.01694579668512],[16.421115843088543,40.143925884123476],[16.434012458283362,40.12801086087405],[16.470772889207492,40.134079708104366],[16.530009955226465,40.118094094176016],[16.58721566352236,40.13311862065687],[16.639358487949103,40.12266229514395],[16.598783976411873,40.04321369327259],[16.626968111815227,39.95691403457304],[16.48968881377984,39.79967986846928],[16.491969041971462,39.75207306165599],[16.529399762719777,39.72443546247267],[16.52286709925331,39.65933232991969],[16.62229225158828,39.621311901819894],[16.770404597778448,39.62079294914196],[16.866594982064523,39.538618578888276],[16.95691936263372,39.49683811083151],[17.024898188429102,39.48363971043094],[16.957210466822477,39.43702712459206],[16.955246021013476,39.39601634897553],[16.90102703878395,39.41058364104889],[16.914633067505086,39.38315888533042],[16.84366971024423,39.35478319868491],[16.839740317796775,39.34080708799326],[16.77356090314453,39.34790920043497],[16.762923125553804,39.36198071270214],[16.70487452872753,39.35462757441523],[16.706305506227743,39.32288678586473],[16.76104710567201,39.29188542840598],[16.746671866578918,39.245716841417966],[16.778125619391666,39.19592805290419],[16.630815400281705,39.200597467104345],[16.5359769112741,39.14455466340381],[16.522384511424104,39.162421174789785],[16.504361633138704,39.15960938746313],[16.479123248484992,39.12229490285456],[16.51268021233699,39.10977091320869],[16.47827116518189,39.108234370989265],[16.470045577215185,39.05117233137588],[16.442537435230914,39.06963690193508],[16.42440620396829,39.06175854275772],[16.39367796223144,39.10394834548646],[16.36117658280722,39.09512462906927],[16.346955961493222,39.110978028858874],[16.29953716956277,39.09915190004089],[16.25881363759585,39.112624348607625],[16.23406931693577,39.092215874880345],[16.21297477641453,39.1033767316449],[16.21422839834306,39.0828898071074],[16.143793108535345,39.04911630940318],[16.127647282126382,39.059052212391585],[16.093901141357236,39.04876474682357],[16.036780718487204,39.34810957190451],[15.925195480003241,39.52653169053503]]]}},{"type":"Feature","bbox":[16.09390114135724,38.4633466266766,16.920597187403878,39.19423913064073],"properties":{"prov_name":"Catanzaro","prov_istat_code_num":79,"prov_acr":"CZ","reg_name":"Calabria","reg_istat_code":"18","reg_istat_code_num":18,"prov_istat_code":"079"},"geometry":{"type":"Polygon","coordinates":[[[16.41796324942734,38.593513687309915],[16.32901845305259,38.64065639116875],[16.345700204085578,38.65786990474569],[16.326347568551068,38.6778329026095],[16.34920106323093,38.707263588712415],[16.338470388183833,38.72062527061009],[16.370482792221736,38.74293346572983],[16.348140663599573,38.790185552097306],[16.28445877763546,38.8243088594983],[16.257172372545188,38.81989443944331],[16.274521440057566,38.81488281943556],[16.278835809600206,38.79174019740845],[16.213210290325602,38.81055720682779],[16.216808004124715,38.923865576815324],[16.156120294665968,38.951482179033995],[16.093901141357236,39.04876474682357],[16.127647282126382,39.059052212391585],[16.143793108535345,39.04911630940318],[16.21422839834306,39.0828898071074],[16.21297477641453,39.1033767316449],[16.23406931693577,39.092215874880345],[16.25881363759585,39.112624348607625],[16.29953716956277,39.09915190004089],[16.346955961493222,39.110978028858874],[16.36117658280722,39.09512462906927],[16.39367796223144,39.10394834548646],[16.42440620396829,39.06175854275772],[16.442537435230914,39.06963690193508],[16.470045577215185,39.05117233137588],[16.47827116518189,39.108234370989265],[16.51268021233699,39.10977091320869],[16.479123248484992,39.12229490285456],[16.504361633138704,39.15960938746313],[16.522384511424104,39.162421174789785],[16.5359769112741,39.14455466340381],[16.613021368380963,39.194239123411194],[16.628582147704655,39.16270467992949],[16.669317119098515,39.156034836687766],[16.680927364444024,39.13137097758454],[16.638299989491642,39.13206176443238],[16.679316219189488,39.09224737619584],[16.733814220898978,39.058941648546295],[16.771267623907256,39.064801213195324],[16.842148064949512,39.04193531131549],[16.89137452154061,39.002745267368326],[16.891459358498725,38.973379773697744],[16.92059718740387,38.952592194375256],[16.890582513337772,38.927994519622054],[16.77741773855029,38.896045352060966],[16.62378804926848,38.82509473231245],[16.567364260361227,38.766689360879944],[16.53476358273493,38.70969116015233],[16.558595174516757,38.68059843056356],[16.58197962942795,38.4700547880149],[16.541016069385936,38.46334661908466],[16.457920521176966,38.51293846576004],[16.409448577833476,38.51223242057333],[16.43911143419375,38.53835637793597],[16.41983518056787,38.55397663195818],[16.41796324942734,38.593513687309915]]]}},{"type":"Feature","bbox":[15.63006171806162,37.91575437594164,16.58272102663955,38.57380178931387],"properties":{"prov_name":"Reggio di Calabria","prov_istat_code_num":80,"prov_acr":"RC","reg_name":"Calabria","reg_istat_code":"18","reg_istat_code_num":18,"prov_istat_code":"080"},"geometry":{"type":"Polygon","coordinates":[[[16.11623025348774,37.98172672168816],[16.06445527136915,37.92563458461529],[15.997847664957199,37.91575436807423],[15.922753725941464,37.929695546255246],[15.778073582958546,37.91600838073571],[15.732663585817054,37.92539100974812],[15.67802270968035,37.95406281562953],[15.635904094512755,38.008373899052465],[15.657074800306624,38.03967461940181],[15.630228892415877,38.09322924799418],[15.655258150286961,38.13384078908483],[15.635248392311722,38.229708877945725],[15.749190119664066,38.25711300208305],[15.81004049286462,38.2939194153106],[15.918568075286549,38.50676813361283],[15.955843850492242,38.52459378218832],[16.004486774902972,38.51672235025752],[16.079996243555307,38.562090492717324],[16.193503520415785,38.497585922874535],[16.233270860223218,38.50084954868186],[16.269350462176195,38.44421510578277],[16.349267469386948,38.42909167002433],[16.39267948570541,38.445415603462514],[16.388747006319765,38.47583955698248],[16.345237068957033,38.520181772711204],[16.36302959147305,38.56048657983206],[16.392872686132225,38.57380178177713],[16.43911143419375,38.53835637793597],[16.407773644853865,38.51332395821718],[16.457920521176966,38.51293846576004],[16.541016069385936,38.46334661908466],[16.58197962942795,38.4700547880149],[16.574256342830687,38.43299356858692],[16.4666296380831,38.34006286892766],[16.318374369283177,38.288479571468045],[16.16632739566757,38.13731082406573],[16.11623025348774,37.98172672168816]]]}},{"type":"Feature","bbox":[16.613021368380963,38.89257570691638,17.20652649203476,39.4823861235193],"properties":{"prov_name":"Crotone","prov_istat_code_num":101,"prov_acr":"KR","reg_name":"Calabria","reg_istat_code":"18","reg_istat_code_num":18,"prov_istat_code":"101"},"geometry":{"type":"Polygon","coordinates":[[[16.773744441182412,39.19390620193967],[16.746671866578918,39.245716841417966],[16.76104710567201,39.29188542840598],[16.706305506227743,39.32288678586473],[16.70487452872753,39.35462757441523],[16.762923125553804,39.36198071270214],[16.77356090314453,39.34790920043497],[16.839740317796775,39.34080708799326],[16.84366971024423,39.35478319868491],[16.914633067505086,39.38315888533042],[16.90102703878395,39.41058364104889],[16.955246021013476,39.39601634897553],[16.957210466822477,39.43702712459206],[17.02374075296386,39.48238611643071],[17.08054776171862,39.42200775692895],[17.156715932671194,39.401130829829214],[17.109222338156883,39.30752785453169],[17.106340717881093,39.253259872090474],[17.148421459653566,39.20609798499947],[17.108103545146346,39.10734350387324],[17.135154441465215,39.086979209020484],[17.146749906774037,39.04647926066691],[17.206376719927036,39.02583257777623],[17.16402311459535,38.994654164775305],[17.170130505904346,38.956806062743766],[17.09562955089431,38.89336528713513],[17.061080087022937,38.91793186209336],[17.021599708343164,38.905834541355894],[16.980644867366113,38.9381538619618],[16.890582513337772,38.927994519622054],[16.92059718740387,38.952592194375256],[16.891459358498725,38.973379773697744],[16.89137452154061,39.002745267368326],[16.842148064949512,39.04193531131549],[16.771267623907256,39.064801213195324],[16.733814220898978,39.058941648546295],[16.679316219189488,39.09224737619584],[16.638299989491642,39.13206176443238],[16.680927364444024,39.13137097758454],[16.669317119098515,39.156034836687766],[16.628582147704655,39.16270467992949],[16.613021368380963,39.194239123411194],[16.677989449821066,39.20577721543595],[16.773744441182412,39.19390620193967]]]}},{"type":"Feature","bbox":[15.826712870537417,38.42890486365181,16.43197895403603,38.824420075885435],"properties":{"prov_name":"Vibo Valentia","prov_istat_code_num":102,"prov_acr":"VV","reg_name":"Calabria","reg_istat_code":"18","reg_istat_code_num":18,"prov_istat_code":"102"},"geometry":{"type":"Polygon","coordinates":[[[16.24212658728266,38.492124984335966],[16.193503520415785,38.497585922874535],[16.077243407671336,38.562406172442614],[16.004486774902972,38.51672235025752],[15.958756880640696,38.52552200499431],[15.918568075286549,38.50676813361283],[15.92999078512103,38.548075218372],[15.82807901242874,38.61794073333865],[15.836571823504627,38.6457824530855],[15.872071240154751,38.673228737864456],[15.948429629722147,38.69133683703432],[15.986023532349796,38.72302012015996],[16.1341272256681,38.71746731638076],[16.182207836747803,38.7476756097193],[16.213210290325602,38.81055720682779],[16.278835809600206,38.79174019740845],[16.274521440057566,38.81488281943556],[16.257172372545188,38.81989443944331],[16.296212195884063,38.821313412026164],[16.348140663599573,38.790185552097306],[16.370493122647783,38.743450055307086],[16.338470388183833,38.72062527061009],[16.34920106323093,38.707263588712415],[16.326347568551068,38.6778329026095],[16.345700204085578,38.65786990474569],[16.32916284855065,38.640386424712666],[16.431952198110974,38.57927372396386],[16.41983518056787,38.55397663195818],[16.392872686132225,38.57380178177713],[16.349272565790713,38.53736039605647],[16.345400005782476,38.51627195222048],[16.388747006319765,38.47583955698248],[16.3917993632333,38.44374887677008],[16.30159060191708,38.4306042879825],[16.265240123180455,38.448375645106985],[16.24212658728266,38.492124984335966]]]}},{"type":"Feature","bbox":[11.92617912842132,36.73443575002037,13.100273869295762,38.18963754801292],"properties":{"prov_name":"Trapani","prov_istat_code_num":81,"prov_acr":"TP","reg_name":"Sicilia","reg_istat_code":"19","reg_istat_code_num":19,"prov_istat_code":"081"},"geometry":{"type":"Polygon","coordinates":[[[12.001716597525215,36.81959039223923],[12.01203774123903,36.825624282062286],[12.67178029779087,37.56070479393289],[12.649003147419098,37.57699090084347],[12.60641618843988,37.641295534911386],[12.559533638839424,37.662799882206144],[12.517705147368044,37.6608018749511],[12.471754097403245,37.70335482512965],[12.47006595257084,37.747043133009605],[12.450849239076152,37.77958823413925],[12.425430400979057,37.80125618136009],[12.461684376007918,37.817292358103266],[12.478041299008527,37.86208831163793],[12.464393732264092,37.86908475687313],[12.479433961412688,37.86405758925589],[12.48586473242787,37.87367952949297],[12.459938151778031,37.905252115785125],[12.445788489062547,37.89370390065971],[12.446501281378866,37.84404809273975],[12.429016237809233,37.891106864126755],[12.350710882988219,37.90762555967311],[12.337267540460267,37.9197984850442],[12.286447569082556,37.91589451986499],[12.274890252996409,37.93492986868031],[12.0834969093754,37.94505665503579],[12.044423324966786,37.95853275993717],[12.0279357199916,37.9915618395056],[12.064718351701345,37.99295944970401],[12.064907966021497,37.977354383357735],[12.09067815109643,37.949439146144584],[12.2746983061798,37.937219813687186],[12.278318652347137,37.94516215121558],[12.288686854937126,37.94192883721769],[12.306947179246427,37.95521140914705],[12.328758612507045,37.9878784620904],[12.322066508567929,38.00734328496134],[12.335543241258462,38.020570627125615],[12.353076962912379,37.992908257027146],[12.331141244120913,37.98664581306283],[12.30785180237289,37.95480211289881],[12.3169787775729,37.93674602768124],[12.324301348632732,37.929179714510134],[12.344375018112576,37.93662245142664],[12.36917906280539,37.92238399662273],[12.367417214487403,37.909008925624995],[12.42933595439604,37.89340193657778],[12.459268137941637,37.907482782349355],[12.491641076230108,37.95107880438158],[12.498526381492084,37.96607862114278],[12.494340039132403,37.98493973296683],[12.519982754751632,38.01108417322677],[12.491579199635643,38.01695977589471],[12.51848903387966,38.02126165669507],[12.569378512806937,38.06885223911487],[12.604208149324014,38.06476028384511],[12.645702049220441,38.07816327163056],[12.662869648977372,38.094501234311764],[12.660364542659831,38.111788715623746],[12.672289333104837,38.114639105745],[12.689036341992068,38.10556981893074],[12.711188162999917,38.10974270795953],[12.737668445740306,38.140786118941456],[12.716132455212817,38.17867374127831],[12.732249543797213,38.18963251308835],[12.738584157194154,38.17589965798674],[12.76733940368697,38.18006415317352],[12.76978698558783,38.15133392336818],[12.779461413407093,38.15093212742897],[12.790927354295691,38.135140433281855],[12.790191436891881,38.11203644527285],[12.826566611456188,38.066735078650815],[12.868640630809626,38.05128737495923],[12.871379850279531,38.03660936021808],[12.892975024030854,38.02427573229184],[12.977148456226574,38.040290694726394],[12.986957541705715,38.017043135985816],[13.006223638385109,38.005951801510314],[13.00376210006217,37.9904618273567],[13.053564106546624,37.95865392349762],[13.042972959904557,37.94902971071027],[13.040523682358943,37.92302396961869],[13.046915347649291,37.917385889339286],[13.023832296317275,37.90229863180422],[12.995041707939517,37.91171655163926],[12.992758193958036,37.897386541245496],[12.954112522939207,37.89708083068966],[12.941084503879225,37.905918143441276],[12.928878786267957,37.886086423754136],[12.947904794334306,37.883922076137665],[12.958575509969455,37.86435426888567],[12.942901670057934,37.84488357245192],[12.966154601807313,37.83550386785979],[12.970678433324641,37.82383933695793],[13.05570803804423,37.810738731407476],[13.079972136408445,37.81899465516085],[13.086962318617111,37.811386114127295],[13.089557642684404,37.817736165638514],[13.096849923993277,37.81559303174821],[13.074941168923933,37.788336653354484],[13.10027386929576,37.771075259950635],[13.063138867101797,37.75712305226586],[13.016822416558146,37.75137895449184],[13.007392724054522,37.7398745126348],[12.959684898277741,37.72749581939281],[12.917833550430544,37.689265951855475],[12.914474020897849,37.670704164003766],[12.893168559439939,37.662008313186206],[12.887104882880834,37.643560739121305],[12.916876586788522,37.64481075141288],[12.90821414540577,37.59602945307424],[12.896526442635988,37.57711215501579],[12.78098698667668,37.5808352379917],[12.6745217366577,37.559879770858636],[12.014331000987598,36.82433480153199],[12.048781767346451,36.79977264875922],[12.054930227875191,36.7826032353215],[12.049033485864873,36.75021903421266],[12.028354756678683,36.735822074080794],[11.992139439524962,36.737885166410635],[11.926590387126751,36.80227084322696],[11.93508033720934,36.83185018570907],[11.954545793010954,36.83941322844633],[12.001716597525215,36.81959039223923]]]}},{"type":"Feature","bbox":[12.928878786267953,37.53926193364942,14.294952200423415,38.72076299107644],"properties":{"prov_name":"Palermo","prov_istat_code_num":82,"prov_acr":"PA","reg_name":"Sicilia","reg_istat_code":"19","reg_istat_code_num":19,"prov_istat_code":"082"},"geometry":{"type":"Polygon","coordinates":[[[13.146160589084744,37.6314327317979],[13.145302485248912,37.64355079982747],[13.20932204736803,37.64606245544853],[13.213838390891452,37.67427594719934],[13.123648359863932,37.70145333972368],[13.079444826119918,37.69022853883937],[13.011916567569186,37.742986808925025],[13.10027386929576,37.771075259950635],[13.074941168923933,37.788336653354484],[13.09728162429397,37.815123122130345],[12.970678433324641,37.82383933695793],[12.942901670057934,37.84488357245192],[12.958575509969455,37.86435426888567],[12.947904794334306,37.883922076137665],[12.928878786267957,37.886086423754136],[12.941084503879225,37.905918143441276],[12.992758193958036,37.897386541245496],[12.995041707939517,37.91171655163926],[13.016806303639001,37.90048527927965],[13.046915347649291,37.917385889339286],[13.053564106546624,37.95865392349762],[13.00376210006217,37.9904618273567],[12.977148456226574,38.040290694726394],[13.077803905815053,38.08772027050752],[13.052393556798515,38.13849030452802],[13.083371836469883,38.157693252359906],[13.080727172015258,38.17391917706518],[13.119112254188003,38.19185176932159],[13.194510753113201,38.16995715397915],[13.237966040418643,38.18660571552314],[13.241438617954312,38.20413322351251],[13.27400632736949,38.19821922292373],[13.315167440904602,38.22416413425735],[13.172133682407797,38.691710985822205],[13.152786447865477,38.69351287180736],[13.17988812054065,38.7207629836129],[13.200432302447519,38.7107277487128],[13.174870084376451,38.69236116272447],[13.318072290855634,38.22419806767677],[13.328875752264203,38.19984926900982],[13.365717578502116,38.18228462839588],[13.362666503414408,38.12983758576398],[13.38088145514968,38.11124248722062],[13.442719453256025,38.094806796703594],[13.491795540224455,38.10292371686095],[13.508590402920694,38.11960454217903],[13.537876697606134,38.11255062810525],[13.536490316912605,38.067090189372294],[13.566420003006643,38.038758417396224],[13.743653665886308,37.97019281172067],[13.834113613616918,37.98261599885724],[13.94582145791001,38.02819809182011],[14.035910915967309,38.041488707416704],[14.063977206557405,38.0186702693179],[14.126051538351208,38.01680328614842],[14.146474419386541,38.029905898696555],[14.183459892264505,38.01936634963623],[14.25292729694823,37.9169835732884],[14.292061263372277,37.918340582630385],[14.274520528400231,37.904247359659934],[14.279957056279898,37.84009138570393],[14.260851097888912,37.79240936219564],[14.294952200423413,37.74629180369509],[14.252238708020814,37.69345681857221],[14.158746402443457,37.66722928246643],[14.163468377178967,37.637166915162624],[14.13186037173257,37.611638567405336],[14.122652011554594,37.62882356627345],[14.055536454634423,37.64785470012743],[14.025196387170224,37.631915204663564],[14.027405889117396,37.60235345860098],[13.96098092864476,37.58572577319095],[13.899288123008997,37.618144021931045],[13.904465108469907,37.65746156422578],[13.878973617111047,37.680557702105965],[13.813883467042697,37.70462419419299],[13.808138267786171,37.74511486952377],[13.776778299170795,37.72249504410337],[13.775587119760582,37.70110614667349],[13.743699070411243,37.70661989182272],[13.732542025134617,37.68293042883778],[13.678818545414815,37.69216659346469],[13.656818226351144,37.658677898640946],[13.599129319696537,37.655502156066554],[13.569101953477603,37.63594034151419],[13.5179982342744,37.64117206563063],[13.511676379535658,37.65921533930702],[13.463709487379429,37.646553024704076],[13.452910374195607,37.66043754051575],[13.426344516411884,37.64320128024909],[13.39498218753179,37.659568032219696],[13.38336984248965,37.65140640416105],[13.40073822173679,37.617974460846746],[13.38118599621104,37.59951924669909],[13.400510302638187,37.558244267538576],[13.356414938163487,37.53926192559093],[13.34265372920549,37.57640033221557],[13.320707412488877,37.588079776700624],[13.333916481110187,37.608712052787475],[13.31929754605294,37.6255379523549],[13.347910295545468,37.65717057850239],[13.327795217465717,37.66241270031535],[13.30058937376643,37.63895045948032],[13.27579519209962,37.64720755198913],[13.252256564951894,37.611786388087985],[13.210443700784511,37.643977223531294],[13.146160589084744,37.6314327317979]],[[14.086202817878192,37.67722262638387],[14.091235297149892,37.70426765210594],[14.04354420285311,37.72589734314617],[14.029340666496568,37.70437536263845],[14.04152096671465,37.68942508329576],[14.010695656464836,37.690066056803246],[14.00615228036596,37.671827107906296],[14.032473020862877,37.655436950163676],[14.086202817878192,37.67722262638387]]]}},{"type":"Feature","bbox":[14.183459892264501,37.79533978376892,15.652935490080754,38.81212646006353],"properties":{"prov_name":"Messina","prov_istat_code_num":83,"prov_acr":"ME","reg_name":"Sicilia","reg_istat_code":"19","reg_istat_code_num":19,"prov_istat_code":"083"},"geometry":{"type":"Polygon","coordinates":[[[15.25805356620882,37.807222687229405],[15.152616093772567,37.89546852740859],[15.110856536529578,37.90616665827163],[14.979897385468085,37.89308829261728],[14.929243546184473,37.960896920607254],[14.857216683747483,37.92644974827622],[14.841434346500405,37.95892220109369],[14.828524475004153,37.93509663099872],[14.801356086599526,37.953242904407226],[14.764768993614455,37.940226074559526],[14.756493858758509,37.916008129417705],[14.778487319551715,37.9040950059806],[14.766912004226555,37.88849555750347],[14.738454431678818,37.90223704924083],[14.738120789941124,37.84851665151491],[14.758628732451037,37.86841434566876],[14.782338948191725,37.85925929390464],[14.799102870630561,37.80208176160692],[14.762129966547102,37.822846463772485],[14.681676167917386,37.79542721638173],[14.598829569838944,37.809961788668424],[14.552470211936077,37.8397019967805],[14.57308621374037,37.85887723342148],[14.570206469830605,37.87963869299721],[14.505049084443215,37.850770864097676],[14.476832530767346,37.81099707027619],[14.453999760029255,37.81694379620174],[14.461409208191514,37.84328412134208],[14.406272145494702,37.866363092938926],[14.396073683138123,37.84830441452552],[14.279957056279898,37.84009138570393],[14.268170212160591,37.87584256274998],[14.291934444728426,37.918611900137606],[14.25292729694823,37.9169835732884],[14.183459892264505,38.01936634963623],[14.308972501072578,38.0078683456529],[14.375587956003772,38.016582137876995],[14.426954493138524,38.04055885512151],[14.525212982623016,38.042206030111814],[14.641390760461043,38.0760046148497],[14.747843298017408,38.1653864074632],[14.786278673932653,38.15130922900091],[14.890712874027486,38.1724311102175],[14.914951074403103,38.191420293012364],[14.982027127096279,38.36724367457439],[14.939328492594111,38.40198406818102],[14.957225790144474,38.431498767298145],[14.899469616897942,38.47911878385794],[14.90535374815908,38.5123683345531],[14.79624784087407,38.561311839207306],[14.58569313004254,38.55323329910201],[14.539786943168506,38.576462569195044],[14.36638821761601,38.54844576585452],[14.356024245176894,38.53066582532537],[14.340292246771154,38.54824602817071],[14.553199315607685,38.58584053145606],[14.57689757303384,38.58044035650466],[14.587653988838143,38.55853924892048],[14.796211935420489,38.563578887904534],[14.80735689010803,38.58307424109118],[14.866795420976718,38.58312093860271],[14.869964857127679,38.53978592845076],[14.907144858377276,38.514122160170686],[14.958678242300657,38.5230455965915],[15.0590539411909,38.64069578591478],[15.11353901217227,38.66567477296031],[15.199360613321321,38.77816069367074],[15.18913452647538,38.79554597886007],[15.216180957140292,38.81170190083401],[15.24226631220042,38.804968639465244],[15.226875393176956,38.77722575440636],[15.201808759248447,38.776977351496825],[15.118110470127801,38.660949012262954],[15.056839511044757,38.62529691423233],[14.961371881774587,38.52242605235253],[14.962614425704,38.4909212436904],[14.980690776051363,38.483332935956284],[14.954527572589196,38.47267338997864],[14.96372891932461,38.41211036716489],[15.00607487164377,38.3756703374229],[14.984806328599019,38.36672628323687],[14.917397305987999,38.191340262255395],[14.968828651643939,38.152821486216475],[15.044822541652506,38.151901228121076],[15.056169125025908,38.13150839287586],[15.090691166086254,38.12013003496997],[15.173766386902267,38.15336761391783],[15.209477178748688,38.1834865250811],[15.240973043952332,38.24248845086286],[15.231195922098514,38.27153500723137],[15.252937195885226,38.24674570142697],[15.241287762148357,38.21689182273107],[15.292829295879361,38.206377857402025],[15.42612721516776,38.241331844890084],[15.540318718934582,38.30125023030163],[15.650340944878812,38.27021813602463],[15.57307423500379,38.234700058232505],[15.557594064564938,38.19038399677046],[15.576043982998423,38.19411491607817],[15.25805356620882,37.807222687229405]]]}},{"type":"Feature","bbox":[12.319946273668076,35.493691935511414,14.03862718620546,37.74261367965876],"properties":{"prov_name":"Agrigento","prov_istat_code_num":84,"prov_acr":"AG","reg_name":"Sicilia","reg_istat_code":"19","reg_istat_code_num":19,"prov_istat_code":"084"},"geometry":{"type":"Polygon","coordinates":[[[12.62662996581587,35.52082202407411],[12.857495431390227,35.856175933181774],[12.849256696531684,35.871063052661796],[12.875959776238338,35.875219064842774],[13.74960958210236,37.15023244955434],[13.663438752935146,37.19338229714653],[13.641825025662277,37.22721225814445],[13.555520984268284,37.28543975717358],[13.448485004747733,37.29596077192353],[13.401853386645739,37.33304754741398],[13.271616526832393,37.39169202644437],[13.25385005118752,37.42454782489514],[13.16891096280863,37.491989922930614],[13.078088566326826,37.50573731496024],[13.016924243897922,37.496927634069806],[12.960629298958276,37.564152418514745],[12.896526442635988,37.57711215501579],[12.916876586788522,37.64481075141288],[12.887990736207588,37.64188078320931],[12.893168559439939,37.662008313186206],[12.958637369327276,37.726819444255625],[13.01211027338435,37.742613671703616],[13.079444826119918,37.69022853883937],[13.123648359863932,37.70145333972368],[13.14825050449478,37.68732335312905],[13.187779864218887,37.69162365409551],[13.213838390891452,37.67427594719934],[13.212439361319356,37.64043212586491],[13.252256564951894,37.611786388087985],[13.27579519209962,37.64720755198913],[13.30058937376643,37.63895045948032],[13.327795217465717,37.66241270031535],[13.344679190302658,37.65819728476306],[13.351068435037146,37.64609269258453],[13.31929754605294,37.6255379523549],[13.333916481110187,37.608712052787475],[13.320707412488877,37.588079776700624],[13.34265372920549,37.57640033221557],[13.356414938163487,37.53926192559093],[13.400510302638187,37.558244267538576],[13.38118599621104,37.59951924669909],[13.40073822173679,37.617974460846746],[13.38336984248965,37.65140640416105],[13.39498218753179,37.659568032219696],[13.426344516411884,37.64320128024909],[13.452910374195607,37.66043754051575],[13.463709487379429,37.646553024704076],[13.511676379535658,37.65921533930702],[13.5179982342744,37.64117206563063],[13.56456677470073,37.63540179903356],[13.599129319696537,37.655502156066554],[13.656818226351144,37.658677898640946],[13.681154153681579,37.69282340678945],[13.7567925134912,37.67931344676614],[13.800467505630511,37.68814790850204],[13.823515983425924,37.67505998435904],[13.81063300963776,37.641790636447816],[13.830898705323667,37.618596129674735],[13.788578704489122,37.62351308876668],[13.75403792008262,37.591662582345116],[13.671107552019455,37.58006777305472],[13.69002943856326,37.5556015277491],[13.690377318329327,37.50078104403947],[13.650607872927276,37.46117102390934],[13.685756881573615,37.459747669053016],[13.749752491134565,37.42785811643034],[13.772917836738038,37.44047614330902],[13.849009983279778,37.43714029221181],[13.8610765485494,37.40396357993213],[13.895565242623972,37.40348774240404],[13.908421751689916,37.38723959724319],[13.885086422996894,37.356566478183225],[13.927075508318117,37.330607327967904],[13.964241771760113,37.32920861473668],[13.996856150462664,37.29312789603316],[14.031514931857284,37.29218258708417],[14.006673956528125,37.2413601543183],[14.015606526355228,37.227523629548195],[13.991317091364978,37.220459352226385],[14.004281816895993,37.193562925352616],[13.982333124691728,37.192736682543284],[14.029962330496183,37.154594370049686],[14.036310030220916,37.1060882776856],[13.89515224586591,37.097421510637396],[13.824081645659467,37.14448911305249],[13.752058191817152,37.14913068143479],[12.87828395582371,35.87399690598122],[12.883042431208152,35.857042531074875],[12.859877672485755,35.85504168076017],[12.629071165102243,35.519789924201426],[12.632694802799046,35.49369192639973],[12.517752094371694,35.52018903312496],[12.62662996581587,35.52082202407411]],[[13.182642794128311,37.63402042265852],[13.168482784514849,37.6457883027819],[13.143421642505324,37.640844967127876],[13.145549950096399,37.62591125719464],[13.182642794128311,37.63402042265852]]]}},{"type":"Feature","bbox":[13.650607872927276,37.00158129164689,14.476415729089835,37.745114877477626],"properties":{"prov_name":"Caltanissetta","prov_istat_code_num":85,"prov_acr":"CL","reg_name":"Sicilia","reg_istat_code":"19","reg_istat_code_num":19,"prov_istat_code":"085"},"geometry":{"type":"Polygon","coordinates":[[[13.670231090571955,37.57014439530568],[13.680715796783383,37.58692692582142],[13.760853882138099,37.594644944831735],[13.788578704489122,37.62351308876668],[13.830898705323667,37.618596129674735],[13.81063300963776,37.641790636447816],[13.822642275403767,37.67578186678523],[13.799580061279013,37.68830117280693],[13.732542025134617,37.68293042883778],[13.743699070411243,37.70661989182272],[13.776597941130714,37.70171123718304],[13.776778299170795,37.72249504410337],[13.806352623721812,37.74481639579243],[13.813883467042697,37.70462419419299],[13.878973617111047,37.680557702105965],[13.904465108469907,37.65746156422578],[13.899288123008997,37.618144021931045],[13.956552935537573,37.5855858440248],[14.027405889117396,37.60235345860098],[14.020018408259634,37.619750416138224],[14.040998679625986,37.64382979234056],[14.006223036103885,37.672877636243754],[14.010695656464836,37.690066056803246],[14.04152096671465,37.68942508329576],[14.036220975213478,37.72077971856222],[14.089211300191026,37.707558537168076],[14.086202817878192,37.67722262638387],[14.049959324472079,37.66811110223096],[14.034609849530508,37.656267346222016],[14.043442161710724,37.644946264655765],[14.122652011554594,37.62882356627345],[14.124100322538723,37.61166378603313],[14.164405224387517,37.612207034451416],[14.12347958820084,37.5292053726058],[14.159364907438542,37.48104769996029],[14.07085929931762,37.4227613640513],[14.071781082212084,37.40579558889935],[14.05599424566937,37.40687872663834],[14.08173767742118,37.38065429773445],[14.083472135449748,37.33932351507813],[14.128804685171879,37.34541606408296],[14.167155886147082,37.32396057427899],[14.25378187063583,37.345603214696816],[14.27095883309581,37.32988176224567],[14.316827328818622,37.32682193836678],[14.315833873234197,37.303000495434446],[14.352658970469061,37.30613256133973],[14.352787930060991,37.27805275505699],[14.382505187409455,37.2855475929826],[14.381452472914745,37.19218554358895],[14.402176074764318,37.17738357725117],[14.431935511125987,37.189787003549675],[14.476415729089837,37.13446707938123],[14.451956360563509,37.096290650491355],[14.428341386448574,37.0939025300607],[14.44190340537712,37.04940649583719],[14.337889596765507,37.00158128331359],[14.256635449838436,37.05872647458471],[14.170564916766,37.091077176997196],[14.036310030220916,37.1060882776856],[14.029962330496183,37.154594370049686],[13.982333124691728,37.192736682543284],[14.004281816895993,37.193562925352616],[13.991317091364978,37.220459352226385],[14.015606526355228,37.227523629548195],[14.006673956528125,37.2413601543183],[14.031514931857284,37.29218258708417],[13.996856150462664,37.29312789603316],[13.964241771760113,37.32920861473668],[13.927075508318117,37.330607327967904],[13.885086422996894,37.356566478183225],[13.908421751689916,37.38723959724319],[13.895565242623972,37.40348774240404],[13.8610765485494,37.40396357993213],[13.849009983279778,37.43714029221181],[13.772917836738038,37.44047614330902],[13.749752491134565,37.42785811643034],[13.685756881573615,37.459747669053016],[13.650607872927276,37.46117102390934],[13.690377318329327,37.50078104403947],[13.69002943856326,37.5556015277491],[13.670231090571955,37.57014439530568]]]}},{"type":"Feature","bbox":[14.055872247046487,37.29174337925819,14.8290350707878,37.87963870088291],"properties":{"prov_name":"Enna","prov_istat_code_num":86,"prov_acr":"EN","reg_name":"Sicilia","reg_istat_code":"19","reg_istat_code_num":19,"prov_istat_code":"086"},"geometry":{"type":"Polygon","coordinates":[[[14.1261591718772,37.530780925059716],[14.13851495282863,37.58081730916794],[14.160385032201521,37.58886248462383],[14.164405224387517,37.612207034451416],[14.135039914660988,37.61670577922277],[14.163468377178967,37.637166915162624],[14.157969729010146,37.66641246884999],[14.252238708020814,37.69345681857221],[14.294364581067411,37.74372075397959],[14.260851097888912,37.79240936219564],[14.279957056279898,37.84009138570393],[14.396073683138123,37.84830441452552],[14.406272145494702,37.866363092938926],[14.461409208191514,37.84328412134208],[14.453999760029255,37.81694379620174],[14.476832530767346,37.81099707027619],[14.505049084443215,37.850770864097676],[14.570206469830605,37.87963869299721],[14.57308621374037,37.85887723342148],[14.552470211936077,37.8397019967805],[14.597168179301317,37.810536118495335],[14.680506647494536,37.795339775840475],[14.742251764003738,37.818133021423826],[14.744485401845182,37.78961865796164],[14.7143819707852,37.77606752026033],[14.736817237159938,37.75359779998364],[14.706269435199658,37.73153299262288],[14.716474009587749,37.69730204649426],[14.724409046503117,37.68135372236283],[14.75121421926485,37.686209185491826],[14.79786149866687,37.712731493485755],[14.792420729036026,37.65275847571465],[14.825867124057325,37.631711929917],[14.829035070787803,37.58891986370907],[14.790852303155853,37.56134280939836],[14.792894699200577,37.51049995098025],[14.763948348631189,37.50436164014207],[14.675350331654524,37.55802476475722],[14.634428897115074,37.53587630678293],[14.594539212148291,37.536303875059446],[14.58114055865374,37.54987745355342],[14.543395083266242,37.542744094420414],[14.5265466118007,37.51836417305481],[14.48928824362069,37.51141483533473],[14.527791516596478,37.49689278105801],[14.516947316357264,37.476757981673764],[14.541765884203885,37.449960059642486],[14.588039745883849,37.45010366624135],[14.633568576087088,37.42464625964194],[14.581172498163559,37.40240755888057],[14.581407307519337,37.36415378565132],[14.489421254676147,37.349956784163226],[14.521536070769827,37.32427387057499],[14.504969530409113,37.31012826749675],[14.4463004791782,37.3485551612984],[14.422039962552137,37.33783835194648],[14.45487915294575,37.30360723574121],[14.416820018569974,37.29174337107343],[14.315833873234197,37.303000495434446],[14.316827328818622,37.32682193836678],[14.27095883309581,37.32988176224567],[14.252618058984291,37.34580360977704],[14.167155886147082,37.32396057427899],[14.128804685171879,37.34541606408296],[14.084385156697484,37.33841975101239],[14.08173767742118,37.38065429773445],[14.05599424566937,37.40687872663834],[14.071781082212084,37.40579558889935],[14.07085929931762,37.4227613640513],[14.159364907438542,37.48104769996029],[14.087400455580505,37.55609852551883],[14.1261591718772,37.530780925059716]]]}},{"type":"Feature","bbox":[14.352203456516676,37.05013521815535,15.258053566208817,37.96089692845183],"properties":{"prov_name":"Catania","prov_istat_code_num":87,"prov_acr":"CT","reg_name":"Sicilia","reg_istat_code":"19","reg_istat_code_num":19,"prov_istat_code":"087"},"geometry":{"type":"Polygon","coordinates":[[[15.169741430977211,37.57438088956408],[15.115286933901634,37.53061536664475],[15.099714643403198,37.48374922861132],[15.09027073341769,37.49965745916025],[15.090968265288343,37.358650918061045],[15.033444695488287,37.36208839259064],[15.02599717989559,37.37845933170551],[14.982410373276595,37.373764699459905],[14.915421619619238,37.41269959536525],[14.887505888850724,37.40775443101807],[14.88145353941336,37.391849919692746],[14.842944662800958,37.378922975945],[14.838583991097721,37.35777187941767],[14.778579738244234,37.330469477944085],[14.804603623872381,37.315535802790656],[14.84161214441334,37.324748581452525],[14.892163960017704,37.311022167766765],[14.847534710221906,37.26001836992111],[14.811249813262963,37.25661276332277],[14.7729612302484,37.22477182655278],[14.825531995502354,37.19603271385621],[14.871345494349105,37.20475372423232],[14.870002488478027,37.185805251445196],[14.83461986814784,37.16270383586457],[14.836753119108996,37.12449526829262],[14.775423785283273,37.13947488022742],[14.796261010867475,37.10658402803398],[14.765738289079199,37.095459090137965],[14.727421719878292,37.09603494989561],[14.729167581201256,37.11742888724056],[14.708776478476869,37.12721176992724],[14.628255328754465,37.080676427543075],[14.611910018461638,37.09133363185751],[14.564034194839731,37.05149386576086],[14.544081286151338,37.05299534526335],[14.533961216859812,37.07544777789321],[14.471021794174503,37.05048497426393],[14.442589784865246,37.053853943114056],[14.428341386448574,37.0939025300607],[14.451956360563509,37.096290650491355],[14.476415729089837,37.13446707938123],[14.431935511125987,37.189787003549675],[14.402176074764318,37.17738357725117],[14.381452472914745,37.19218554358895],[14.392758939346344,37.261850468766355],[14.381744850242502,37.286093208187246],[14.352787930060991,37.27805275505699],[14.352658970469061,37.30613256133973],[14.43296651777463,37.29222928018315],[14.45564095369867,37.30917189281542],[14.422091423196665,37.338630519264],[14.4463004791782,37.3485551612984],[14.502683208673838,37.30912688932791],[14.521536070769827,37.32427387057499],[14.489421254676147,37.349956784163226],[14.581407307519337,37.36415378565132],[14.581172498163559,37.40240755888057],[14.633568576087088,37.42464625964194],[14.588039745883849,37.45010366624135],[14.541765884203885,37.449960059642486],[14.516947316357264,37.476757981673764],[14.527791516596478,37.49689278105801],[14.487760491238252,37.51024255938085],[14.5265466118007,37.51836417305481],[14.543395083266242,37.542744094420414],[14.58114055865374,37.54987745355342],[14.594539212148291,37.536303875059446],[14.634428897115074,37.53587630678293],[14.681251168911576,37.55787957361911],[14.785586914374212,37.501742898937316],[14.801826433169314,37.54746176954031],[14.791051888503752,37.56176507651566],[14.829035070787803,37.58891986370907],[14.825466488397877,37.633262042581286],[14.792420729036026,37.65275847571465],[14.79786149866687,37.712731493485755],[14.724409046503117,37.68135372236283],[14.70577582691058,37.729326711907376],[14.736817237159938,37.75359779998364],[14.7143819707852,37.77606752026033],[14.744485401845182,37.78961865796164],[14.742251764003738,37.818133021423826],[14.802681371458494,37.810397972235094],[14.777930426661282,37.86242450855866],[14.758628732451037,37.86841434566876],[14.738120789941124,37.84851665151491],[14.738454431678818,37.90223704924083],[14.766912004226555,37.88849555750347],[14.778487319551715,37.9040950059806],[14.756493858758509,37.916008129417705],[14.765107104973309,37.940542511964345],[14.801356086599526,37.953242904407226],[14.828524475004153,37.93509663099872],[14.841434346500405,37.95892220109369],[14.857216683747483,37.92644974827622],[14.929243546184473,37.960896920607254],[14.98237533399363,37.89209783380785],[15.111710523393823,37.90613114033413],[15.220497335872809,37.85065813202881],[15.25805356620882,37.807222687229405],[15.205341448498526,37.74095803626781],[15.218347297125334,37.708373049949266],[15.174308796230399,37.632106688484576],[15.169741430977211,37.57438088956408]]]}},{"type":"Feature","bbox":[14.337889596765514,36.685738684353865,15.000375644583052,37.13960668216853],"properties":{"prov_name":"Ragusa","prov_istat_code_num":88,"prov_acr":"RG","reg_name":"Sicilia","reg_istat_code":"19","reg_istat_code_num":19,"prov_istat_code":"088"},"geometry":{"type":"Polygon","coordinates":[[[14.337889596765507,37.00158128331359],[14.447180414872257,37.056613629444925],[14.471021794174503,37.05048497426393],[14.533961216859812,37.07544777789321],[14.544081286151338,37.05299534526335],[14.56818794820565,37.05283555340747],[14.611910018461638,37.09133363185751],[14.628255328754465,37.080676427543075],[14.708776478476869,37.12721176992724],[14.729167581201256,37.11742888724056],[14.727421719878292,37.09603494989561],[14.766684036243193,37.095750519706506],[14.796261010867475,37.10658402803398],[14.777977162060882,37.13956156156671],[14.800578439699894,37.126107604983076],[14.795996216565587,37.113354413897156],[14.818081927611024,37.11204616489286],[14.819788692248586,37.08072458000253],[14.843106960708097,37.06073858083537],[14.824915488904384,37.067581869028594],[14.818414283629693,37.0534456002432],[14.837933991219982,37.055077966631245],[14.937813060344272,36.903312869482654],[14.860713128311259,36.95758256321252],[14.860464013698582,36.97392107172704],[14.837090220415844,36.97440597172842],[14.838783301169979,36.946780310876555],[14.896819670453866,36.92530174318268],[14.877558986991762,36.91453784899535],[14.884037776384593,36.89879690574913],[14.938602767676212,36.86366220027829],[14.923259981444975,36.84807567168168],[14.8692384659528,36.869176872385964],[14.854383394111412,36.827684530849645],[14.861300464928489,36.81607289750119],[14.8869064943707,36.824815118754955],[14.944022515885205,36.79644350999719],[14.95363876454463,36.803379789562555],[14.985199957722218,36.78072360288518],[15.000375644583052,36.70277732432208],[14.956615361967105,36.69408555776839],[14.876845011115442,36.731098015773014],[14.834507375349087,36.7221036635371],[14.839840618280883,36.70785666450292],[14.816668363057616,36.716896438115],[14.7810489957458,36.70367769836691],[14.746575138511787,36.72007392837095],[14.689837002580598,36.721236495248085],[14.639124466767381,36.76105788415459],[14.588286266110401,36.77699356924537],[14.493513126068702,36.78654591339556],[14.460035726213146,36.81468062530703],[14.416494808423291,36.9116782614155],[14.337889596765507,37.00158128331359]]]}},{"type":"Feature","bbox":[14.772961230248407,36.64651482571224,15.336742362349971,37.41269960348826],"properties":{"prov_name":"Siracusa","prov_istat_code_num":89,"prov_acr":"SR","reg_name":"Sicilia","reg_istat_code":"19","reg_istat_code_num":19,"prov_istat_code":"089"},"geometry":{"type":"Polygon","coordinates":[[[15.139195758318932,36.68628599929576],[15.15417910135065,36.688929533059024],[15.07850603016721,36.64651481719642],[15.04293003280655,36.68848198179354],[14.999175579813214,36.70444504827449],[14.985199957722218,36.78072360288518],[14.95363876454463,36.803379789562555],[14.944022515885205,36.79644350999719],[14.8869064943707,36.824815118754955],[14.861300464928489,36.81607289750119],[14.854383394111412,36.827684530849645],[14.8692384659528,36.869176872385964],[14.923259981444975,36.84807567168168],[14.938602767676212,36.86366220027829],[14.884037776384593,36.89879690574913],[14.877558986991762,36.91453784899535],[14.896819670453866,36.92530174318268],[14.838783301169979,36.946780310876555],[14.837090220415844,36.97440597172842],[14.860464013698582,36.97392107172704],[14.860713128311259,36.95758256321252],[14.937813060344272,36.903312869482654],[14.837933991219982,37.055077966631245],[14.818414283629693,37.0534456002432],[14.824915488904384,37.067581869028594],[14.843106960708097,37.06073858083537],[14.819788692248586,37.08072458000253],[14.818081927611024,37.11204616489286],[14.794581746774401,37.11577545714549],[14.793869692744499,37.13204346848928],[14.843886971117017,37.13026582192882],[14.83461986814784,37.16270383586457],[14.870002488478027,37.185805251445196],[14.871345494349105,37.20475372423232],[14.825531995502354,37.19603271385621],[14.7729612302484,37.22477182655278],[14.811249813262963,37.25661276332277],[14.847534710221906,37.26001836992111],[14.8922218285568,37.310708745136125],[14.84161214441334,37.324748581452525],[14.804603623872381,37.315535802790656],[14.778434790941684,37.329857702905876],[14.838583991097721,37.35777187941767],[14.842944662800958,37.378922975945],[14.892734466430786,37.410265389772306],[14.935834115370653,37.4083603130844],[14.982410373276595,37.373764699459905],[15.02599717989559,37.37845933170551],[15.033444695488287,37.36208839259064],[15.090968265288343,37.358650918061045],[15.105339162713056,37.310133497169055],[15.18665095950926,37.27941096005544],[15.20661141207571,37.29335342019766],[15.257529196707,37.24351352239887],[15.246985863873181,37.23205775743856],[15.225553749785146,37.2407801943356],[15.224497017655592,37.21622383316037],[15.21448990899833,37.247134429342964],[15.18483859392055,37.23687932172582],[15.186478364256626,37.19149803252012],[15.206026638661536,37.15330798546675],[15.233610824331564,37.15912709638447],[15.244753278281117,37.14587154102874],[15.220117164538557,37.14336826783106],[15.236949901950538,37.11543957630333],[15.295748411366304,37.10674489901074],[15.296472796523652,37.05282167173057],[15.27956974028959,37.06560446428967],[15.270961587659347,37.051362582094235],[15.28155974397298,37.033544907285425],[15.314950168079683,37.03709580883913],[15.336434629760182,37.00196003658489],[15.298780742840263,37.014931686276185],[15.267779666870753,37.00251776922102],[15.2624270219828,36.97499015895397],[15.208172616647685,36.9633091589179],[15.112371264928056,36.85090544451517],[15.094347186552252,36.7779558648953],[15.139195758318932,36.68628599929576]]]}},{"type":"Feature","bbox":[8.133825271143182,40.29661653802555,9.778912740442408,41.31332055942893],"properties":{"prov_name":"Sassari","prov_istat_code_num":90,"prov_acr":"SS","reg_name":"Sardegna","reg_istat_code":"20","reg_istat_code_num":20,"prov_istat_code":"090"},"geometry":{"type":"Polygon","coordinates":[[[9.43861093080151,40.65930845470218],[9.42013865898527,40.65829610554027],[9.414322625317865,40.63408375028986],[9.39497860997638,40.61834122437481],[9.378522625986918,40.616369364845866],[9.394138983094773,40.59415559252404],[9.376111204929868,40.58267544743163],[9.37218476776593,40.5713821196663],[9.358159549092973,40.56880488788429],[9.335548641210567,40.55231454249914],[9.299191405429537,40.53818041193098],[9.286421644884026,40.52590213269476],[9.237876577386116,40.539701274507735],[9.18868658448386,40.53656420657903],[9.190386223631885,40.51590669156826],[9.182127250820471,40.50868583468866],[9.227426785512257,40.50149751534496],[9.244855173648272,40.50394837020684],[9.263486158902719,40.511781193448186],[9.278791561859038,40.51084439030075],[9.277724152649526,40.49816238817515],[9.284477672628677,40.47656951612006],[9.27742725476235,40.474784859570335],[9.276687337697098,40.46984070419174],[9.25118293438257,40.46643949106705],[9.249762059932936,40.458613751987386],[9.227226402840108,40.42806558574065],[9.22544699414446,40.41062751614693],[9.204742033501665,40.40381011786715],[9.187615101838123,40.38973992645313],[9.18318200606538,40.3712512892003],[9.169803773550004,40.372361812514974],[9.144234132434867,40.362783760803595],[9.12189736077015,40.359205794204875],[9.080831742981879,40.340070238849215],[9.061508181344173,40.33676674154037],[9.041640532765193,40.32624382834538],[9.038941738559013,40.32071310278253],[9.043362967706255,40.31383748349497],[9.028281550218406,40.30135533034107],[9.027973655587592,40.29661653132869],[8.990577196152833,40.323755384899165],[8.981369813688085,40.333222958560874],[8.981120965419905,40.33906088452771],[8.966741268555378,40.34777854453245],[8.9484388867852,40.36854698752818],[8.90084770231273,40.38845320300979],[8.897970309779856,40.405766210181135],[8.878088668654863,40.39280987955636],[8.864862685217226,40.389741090103556],[8.855607703562235,40.392495701477856],[8.857036820221952,40.40202911468722],[8.852475986138982,40.407545961466425],[8.842082815705059,40.40688357818403],[8.82698203700429,40.41298364335617],[8.814277569270466,40.408256687611335],[8.817148010757224,40.39276560956975],[8.812571652677581,40.36467681485822],[8.772784156026528,40.35114580126319],[8.76219284157897,40.35259300568029],[8.755115880252006,40.34925385280183],[8.748336321585022,40.354788949538786],[8.737260577773348,40.35333186234449],[8.726684208737472,40.34205489572797],[8.716597379489327,40.34403966809111],[8.71019197202546,40.34133005182721],[8.706874360486593,40.33256476209483],[8.69096757544401,40.33050530021669],[8.676702633267674,40.31267312567466],[8.658467502704275,40.30902605093115],[8.64271415636845,40.29704123963259],[8.63563433093106,40.31174023798519],[8.621247652794144,40.31480220885767],[8.620684389514679,40.32249760066188],[8.608983275012708,40.32923017207891],[8.591457902076202,40.33268318245818],[8.587374332537136,40.35370507254874],[8.575785804561189,40.35761815979431],[8.56522285659607,40.36850699995092],[8.562223728699612,40.38238772253923],[8.548658049888457,40.38678605992909],[8.553983280597132,40.39037431986761],[8.549644065027671,40.396177361922746],[8.539913696238346,40.40270666078759],[8.525705010616836,40.40054113126119],[8.524529644253885,40.40848228683542],[8.514051601769879,40.421691011568946],[8.49440772285163,40.4255617331034],[8.482839645711469,40.41063667008091],[8.458918639116625,40.407157823130156],[8.44363406362572,40.3955987628979],[8.422090457631032,40.394673273724806],[8.399753084943805,40.40756850813474],[8.398198071573516,40.429983823576734],[8.37393716032453,40.49082740974438],[8.339214630337896,40.50917094258178],[8.312841063468095,40.55988267364575],[8.31782869417389,40.571330060170354],[8.299374541295133,40.59107820610809],[8.286783793802481,40.595181183133505],[8.258458227321219,40.584256555678735],[8.250832043051293,40.58441567144848],[8.245667874110577,40.58103983387897],[8.243817490863897,40.56986931798064],[8.198149257364026,40.57119417227664],[8.20048500294363,40.58004001117458],[8.217501928488328,40.5947629982394],[8.219509245839472,40.60101057946833],[8.209754541321068,40.61476351769932],[8.194757845051933,40.61841990698968],[8.189122536802383,40.6157769813671],[8.181488846274094,40.597838723589845],[8.163105681044238,40.581439590946616],[8.163906681756615,40.56004524311732],[8.15799685314253,40.567306123088436],[8.159297096928052,40.57326020305812],[8.150882657744901,40.57943153608049],[8.144635908992871,40.623308189424364],[8.18673129041741,40.63919269694982],[8.189377363468706,40.65727125727599],[8.198818929681892,40.673293567747976],[8.196437971190747,40.677956957232105],[8.204106801495572,40.67959445753137],[8.20490307030605,40.68490484385289],[8.194262344942972,40.69158070618197],[8.17475492489625,40.6947129932871],[8.170916325492717,40.70743250781805],[8.133857098482405,40.73260025532092],[8.165903082190416,40.76573504189554],[8.167523189340685,40.78022321454356],[8.160875906082733,40.79367522028352],[8.17576376793012,40.800965565439256],[8.191707445986804,40.82153628680298],[8.195337367475167,40.83503921576733],[8.218263609634203,40.86849933867738],[8.223798166528875,40.886382044517326],[8.219316444888602,40.90008932522737],[8.19233299449715,40.91284488788143],[8.190775883890884,40.92441284429101],[8.175811061443067,40.93495447938046],[8.198298776921682,40.96918173996372],[8.203555678712423,40.97182151505756],[8.209044474278373,40.96682677791448],[8.214650260412483,40.969250349370874],[8.212762983128878,40.987336693325695],[8.208651850218951,40.99018129386935],[8.210932930873366,41.00339148046228],[8.223887598517598,41.01304484857953],[8.229284328519572,41.02320383440697],[8.218042509102924,41.028248039338564],[8.22032137080348,41.040898322455035],[8.248763339667311,41.04905142733225],[8.266655712735268,41.073222465964626],[8.285290993053762,41.07674006413266],[8.281854843744332,41.08784576303233],[8.272546849891635,41.09625482082659],[8.275524836477057,41.10455185750891],[8.301686384001819,41.10507371587017],[8.311590072491377,41.10894366585209],[8.311775088036335,41.117457240203215],[8.319439263071823,41.120271573651536],[8.328899288722651,41.11086539288033],[8.32624933984749,41.1021212532488],[8.344731034005399,41.09737257416321],[8.3504161815131,41.08838781461963],[8.336335194472772,41.080452633413316],[8.334847345090646,41.07378716755813],[8.340597969653675,41.071279969922465],[8.332350519827935,41.049964614199794],[8.321948218229604,41.05585028299939],[8.283372596285172,41.064442414145546],[8.272667865135555,41.0543674839011],[8.257323635679661,41.051258695964044],[8.26723045504031,41.0461121192114],[8.234581278472156,41.02414444014374],[8.24889846639485,41.02696356091523],[8.249003499543424,41.01771863084804],[8.263585801880284,41.00267131923163],[8.261118041576747,40.99299662716218],[8.255830000470961,40.98497469286127],[8.232576386701748,40.98935554657051],[8.215720723622669,40.98736190341872],[8.21577807763783,40.982649584204786],[8.226982093894172,40.97466989783491],[8.22449638356284,40.9701142483193],[8.210531336578013,40.964874203484825],[8.22647735116817,40.95313713086314],[8.238382538231976,40.95290560932066],[8.229145009576335,40.93421875791784],[8.235994719476839,40.91704410202512],[8.232458286729923,40.91144680086323],[8.23813013964005,40.903394485127706],[8.2791686517938,40.86578819780795],[8.31474183734239,40.8444875695248],[8.343340548798585,40.84072290275299],[8.350147022421647,40.85035193705974],[8.362513773709333,40.85291512433791],[8.38472422490734,40.85117100704729],[8.351324861709914,40.85031127419784],[8.34791204036632,40.83978494321723],[8.413655491836277,40.83900165881188],[8.458806710959166,40.81957616958658],[8.49467767917353,40.82046403413127],[8.546385954088201,40.82772237338035],[8.60532243367887,40.849790028291864],[8.624464760731193,40.86383266528464],[8.632368541967619,40.88133205964532],[8.657658889925596,40.89477261795944],[8.684530989862415,40.903586185787255],[8.698918828729099,40.91454720299972],[8.727038519929904,40.9127918857014],[8.74285701032926,40.91854287786743],[8.76844797203794,40.91588560656499],[8.790897284338527,40.922720746852306],[8.83654840095551,40.95721504769537],[8.873002218222725,40.99546476005605],[8.879882421892361,41.02866153244284],[8.892579036583816,41.027926389444566],[8.906068012711444,41.0365195309277],[8.915943330477337,41.03579749890382],[8.929013859305602,41.043657982053325],[8.97607282117317,41.083942308310974],[8.991002467600486,41.10390171737582],[8.999303047037078,41.10454163455048],[8.996825833593359,41.10691970627783],[9.01325284665078,41.12542139618176],[9.046236552595625,41.13791593446449],[9.058250215019472,41.1280287521699],[9.086219807336835,41.127993199803164],[9.11017878448421,41.13493142814897],[9.12286798720731,41.14696897301466],[9.118813271116329,41.1519073217585],[9.123195205725223,41.15625354864388],[9.1292128398529,41.15260775227935],[9.152488916787394,41.15542129094044],[9.171105887435933,41.17395593427659],[9.158217800417189,41.18355874917017],[9.154112382116066,41.197211236147254],[9.16054677193124,41.20467896244745],[9.167263683454518,41.22940939502311],[9.159969630668442,41.23582543153852],[9.148165497403314,41.23076983373213],[9.14130803117181,41.23236607882351],[9.13806322028166,41.238406365526366],[9.144239634414387,41.246947183481375],[9.160710117663868,41.24217827158368],[9.15824944070638,41.23938813881051],[9.162740505434972,41.23560536183369],[9.181144197752309,41.24810208028568],[9.193198896294767,41.24765911862084],[9.195069198306651,41.24246748455924],[9.22523957996568,41.25923555235579],[9.235071019852708,41.25914608887587],[9.237012702021959,41.2460481956791],[9.259726699609185,41.242060549405714],[9.280526624336666,41.22784250187283],[9.281422739829512,41.21700392282723],[9.269746096360663,41.197241658532754],[9.272241858185572,41.194427589036586],[9.279928175608944,41.193821400196455],[9.287015487342394,41.219233064936105],[9.300906763548136,41.20207373057152],[9.288865176489532,41.19766369802443],[9.289783057218221,41.19317435765424],[9.315528446020545,41.19202688430642],[9.320340321847219,41.20306622219682],[9.318959870069365,41.19387304888667],[9.332642907457053,41.1853849740994],[9.341298818410495,41.19213355558052],[9.330318376235764,41.194994034727884],[9.338203335632368,41.20469060499302],[9.34889288525481,41.20745114210349],[9.354174805029723,41.202642855216006],[9.363314231806566,41.20757769668219],[9.37023832683401,41.183243486238766],[9.380855058279224,41.18769928230231],[9.385444909563692,41.18067477627726],[9.410822787610444,41.177821353292785],[9.408661401694024,41.18672501317165],[9.396818878359232,41.192448818460484],[9.398928799442603,41.1984542588057],[9.416762982478808,41.20814783574376],[9.418499447863384,41.21645785599914],[9.401360545731562,41.21021677944068],[9.382052568309435,41.21010905447822],[9.375900571956592,41.21818115478362],[9.374925365873365,41.22951598294331],[9.357066044888928,41.23551211716575],[9.347671203905097,41.22930664922017],[9.340692851828619,41.22963489769699],[9.332863219659211,41.23563333771458],[9.333211230458033,41.248059678942184],[9.347659311076697,41.27645958686099],[9.335146902210425,41.28350737355366],[9.352194826082357,41.28922655974105],[9.352965063400756,41.29378559101368],[9.34787930989336,41.29946726307276],[9.333456694138011,41.30129797027484],[9.334013647265358,41.305692100795376],[9.341216110373972,41.30927066589937],[9.360610905132837,41.29555130209373],[9.377794270743488,41.3070792018424],[9.370181236481919,41.30924646474095],[9.37653701631488,41.31268253840959],[9.384676603826804,41.298330058093946],[9.365690624737802,41.28754105357927],[9.360899449322774,41.29322965629504],[9.355860437335686,41.293187182827396],[9.35763109062656,41.27907323455548],[9.350607050881845,41.276055060833144],[9.340926737319652,41.25139698445163],[9.35017919138682,41.251819602911205],[9.3601797519768,41.243912594374564],[9.358620101844359,41.23746163840019],[9.376081850792882,41.231598907312836],[9.400544605266983,41.24290774999528],[9.404731167477637,41.255099738691726],[9.413329169074968,41.25073083828485],[9.41744998270018,41.26925050566142],[9.430879464963919,41.26034080655006],[9.426852313318015,41.25670655013663],[9.430090130301338,41.24806058021773],[9.435735784987207,41.24901106321305],[9.43836278419934,41.23535546758579],[9.44278556381677,41.23715135711806],[9.447635823083257,41.23335271944848],[9.44336586875864,41.22784947561789],[9.455367428134755,41.22380681569079],[9.459460023836586,41.24260440451382],[9.47127688487235,41.24559450726284],[9.473807336830284,41.2394408364812],[9.481668009796445,41.23611588706268],[9.482363372828381,41.22458641243081],[9.488687497497628,41.2206852765052],[9.480342108766054,41.21086474185258],[9.478828029497102,41.199524589172825],[9.464524992077873,41.18891903014037],[9.465048178880679,41.18323184563218],[9.480039074775808,41.18714955177779],[9.480210464817409,41.18123068618263],[9.469081247874675,41.18030820884178],[9.455354077977134,41.18618124091345],[9.45314906369926,41.19236480924227],[9.447456712946947,41.190882758038356],[9.44179048065252,41.18149481606947],[9.436441851747409,41.18109634357735],[9.43357946483477,41.19000127547102],[9.44350396361194,41.19048481337386],[9.443540301892037,41.20293461472161],[9.456457575784903,41.20020769298334],[9.448097471816999,41.21249114767191],[9.450519530124708,41.22256704708257],[9.4419398767848,41.22586607683629],[9.438061778184373,41.214171432972975],[9.422375759977843,41.21355414908167],[9.41960111383851,41.20748229841446],[9.422475498005607,41.193525406271554],[9.411684358992494,41.186703974568765],[9.413740123113739,41.178233721729434],[9.42327962941976,41.17680931131403],[9.421973740486916,41.166527117615374],[9.40512508245284,41.15793103316311],[9.429716601415711,41.15476121716112],[9.432160919956063,41.15152499382054],[9.428950205006677,41.14483286260983],[9.442166313862367,41.13098726426612],[9.44065819781257,41.10323053936298],[9.449742457938035,41.102690990926284],[9.455093894924984,41.11389389861197],[9.471710632270646,41.125708534196484],[9.472542170336121,41.13409600839502],[9.463771240492136,41.13678448533267],[9.466928664313999,41.14350063937973],[9.481086768506572,41.14047877866902],[9.485682439300245,41.14643173349342],[9.510156774876375,41.14073203681472],[9.517865386015112,41.144417901379555],[9.51432545760707,41.15499100497918],[9.520832191977147,41.15688400982751],[9.520918065845898,41.1624633537865],[9.51670835030943,41.16665678989105],[9.52479295485531,41.16642656897869],[9.527993849089043,41.163494519339665],[9.523797769352184,41.15685853492901],[9.53642108040465,41.137905853301156],[9.530172202216914,41.13816448346518],[9.526624787236775,41.13373535424187],[9.54563916858358,41.13398465673465],[9.538880665426603,41.12269239643192],[9.540841623208085,41.114153822732845],[9.547176892731015,41.112565535034626],[9.553758924206392,41.11911888386415],[9.560876200774985,41.1198231028435],[9.566893358002591,41.11586619500221],[9.570631550902654,41.100516226795726],[9.56149358583731,41.085488747410096],[9.576603981853285,41.069011012880985],[9.609889176611883,41.082046966786805],[9.607023961683726,41.07147096455515],[9.598344795599445,41.07409171158355],[9.574386059232168,41.06108089611821],[9.569184846304147,41.06414240354106],[9.574199150701606,41.06874229679418],[9.55951768340575,41.08372934055365],[9.54859660313616,41.07993194217799],[9.540332280828283,41.08979870128974],[9.528998298367325,41.072096545833325],[9.532497891353394,41.06177526271611],[9.52300483987743,41.052730762239285],[9.526469571849713,41.04252125969955],[9.505919906456365,41.00942640879413],[9.524990100219332,41.01111234603327],[9.529914792840811,41.01888181096002],[9.528400480235769,41.03012183667844],[9.54000048278576,41.02978994615098],[9.561215139982995,41.03771364854931],[9.562879964930787,41.025229365778024],[9.55089673638938,41.00693892010492],[9.55547957175592,41.003771972075675],[9.57129871965289,41.004608976616595],[9.573989554104234,41.00826190235654],[9.57683952879034,41.00285633019428],[9.591496459783443,41.01433942697991],[9.595080386607462,41.022734519135916],[9.60822933917897,41.01818887081051],[9.630911609978124,41.0021316529712],[9.642529821366663,41.00086939991606],[9.655991649364443,41.00451391262089],[9.664565722563873,40.996441972661],[9.651436025650558,40.98414541767052],[9.634514876587833,40.988536668578284],[9.620523012531493,41.002058554917525],[9.610969270604132,41.0032209638761],[9.582540243088024,40.98300304922678],[9.582880947126405,40.975963719977976],[9.593879562598124,40.968475865454025],[9.568152001911184,40.94243564681734],[9.56822181391253,40.935680276828414],[9.575258269184728,40.93394846580071],[9.574833906909742,40.9279860192008],[9.562887076659825,40.92399125577061],[9.539125458159711,40.92587491622276],[9.534565385216215,40.93258925851395],[9.52385720416917,40.93352346086377],[9.502369522571243,40.927469837833875],[9.50387019455587,40.91257266108384],[9.563364823637643,40.919062546813336],[9.575944518920084,40.90405234970571],[9.588661233094236,40.899614630975165],[9.613599925013284,40.91980384270501],[9.644287579886337,40.920013684069374],[9.627331586975004,40.898630419657835],[9.614779565749147,40.89298565374507],[9.616325270535599,40.88941463478051],[9.635325179316807,40.88459345451762],[9.644209493219007,40.874186906222576],[9.648037483232805,40.87699406362272],[9.645784913108402,40.87998618398606],[9.654905170446908,40.876296699656635],[9.673540623711334,40.8917712594625],[9.720053304678947,40.914896966696865],[9.73698416172554,40.927612030442106],[9.73412734102678,40.922616075584976],[9.742751340952,40.91230277089704],[9.72081421352025,40.90500457822007],[9.6927822847314,40.88784679032377],[9.686245035244886,40.891599526245585],[9.674838134273726,40.88932898113904],[9.656244003447734,40.87410545231747],[9.652354615870406,40.86113427721264],[9.667013515855963,40.85293283130912],[9.676010389034591,40.86135726878271],[9.683404289130923,40.860232702449984],[9.693022962595082,40.84661781576642],[9.716182131901203,40.84236631325932],[9.725939426919874,40.84483870412279],[9.730835448023006,40.85967224870832],[9.710953051094249,40.86766467725048],[9.71399918951055,40.874929046548914],[9.73619153964376,40.87623648026196],[9.742157019246385,40.870687446124165],[9.728446005369499,40.84321098638977],[9.720037938726733,40.83502980796906],[9.709964141557426,40.83255977900308],[9.690594809554428,40.83711846572224],[9.686302501813202,40.83523994392525],[9.680630409831371,40.82308976389944],[9.691886636084895,40.81120383859579],[9.688251984235933,40.80626309039409],[9.681392329504936,40.80904010179328],[9.675838189057089,40.80688936324225],[9.67018407442861,40.79152249632265],[9.682716828831454,40.770090063695335],[9.70358889505772,40.755615374430874],[9.714960097475428,40.753130097612654],[9.717951149015702,40.74830439377125],[9.711540301436251,40.74028264393148],[9.714967908049507,40.709884818150115],[9.722074700311985,40.70036811911394],[9.737859535267818,40.69452086259658],[9.74601528742628,40.6871805387094],[9.7517360262253,40.67390986701429],[9.748828510238571,40.66044292725937],[9.740549178906296,40.6608386519259],[9.736923242317566,40.67184330854175],[9.691801218605267,40.67909513159112],[9.680846963784758,40.66660228349132],[9.683516638806234,40.658091400221956],[9.671239594870062,40.666523409334715],[9.651389875061401,40.69228453598552],[9.62409066160845,40.69914672333329],[9.603167130617267,40.696906707920185],[9.583090098376145,40.70607247724502],[9.562396078423827,40.67914038649574],[9.511957339888452,40.648907841936335],[9.5068003261985,40.65357905972329],[9.492388028084145,40.650664052995005],[9.487434914471342,40.644955553003534],[9.466267838467177,40.65583084521994],[9.45639429473196,40.65288842534053],[9.43861093080151,40.65930845470218]]]}},{"type":"Feature","bbox":[8.611121047235255,39.549247675578236,9.828420166045603,40.70607248374891],"properties":{"prov_name":"Nuoro","prov_istat_code_num":91,"prov_acr":"NU","reg_name":"Sardegna","reg_istat_code":"20","reg_istat_code_num":20,"prov_istat_code":"091"},"geometry":{"type":"Polygon","coordinates":[[[9.213001325269362,39.91472498001097],[9.19952122941642,39.90223425644626],[9.184795002300554,39.85505572958334],[9.198739334178018,39.82589443537616],[9.165580499144475,39.83256883855766],[9.170389692223097,39.84919428361438],[9.128814070289446,39.88853119929061],[9.105147074719618,39.869345929133594],[9.039060347490462,39.912093941684],[8.988059368597044,39.91480286599047],[8.995626719020326,39.960032737595775],[9.017678929196048,39.98194324881006],[8.956723114889575,39.99273921035354],[8.945625623449068,40.01321364328683],[8.98815179860606,40.05720202381349],[9.02655475533505,40.03767566007597],[9.04124078426767,40.05549246723521],[9.035246871516524,40.095794448106176],[9.002385503676239,40.13443274574209],[9.018963958957947,40.1550810042137],[8.998020527908263,40.1806243891212],[9.017299125022328,40.19375887681108],[8.98209472762378,40.21830041918989],[8.765275992342142,40.196720550834314],[8.74123743618182,40.18062353299287],[8.743125815245513,40.20080883730274],[8.709606050354402,40.214207647541855],[8.672670335975988,40.20438797022516],[8.667666881796825,40.24965471749807],[8.616433855881972,40.27321771455772],[8.615159811898819,40.317430821948456],[8.64392628599171,40.29699993169422],[8.737260577773348,40.35333186234449],[8.812054103857307,40.36443272767293],[8.82698203700429,40.41298364335617],[8.864862685217226,40.389741090103556],[8.897970309779856,40.405766210181135],[8.90084770231273,40.38845320300979],[8.9484388867852,40.36854698752818],[9.027973655587592,40.29661653132869],[9.061508181344173,40.33676674154037],[9.18318200606538,40.3712512892003],[9.187615101838123,40.38973992645313],[9.22544699414446,40.41062751614693],[9.25118293438257,40.46643949106705],[9.284477672628677,40.47656951612006],[9.278791561859038,40.51084439030075],[9.182127250820471,40.50868583468866],[9.18868658448386,40.53656420657903],[9.286421644884026,40.52590213269476],[9.393536102427001,40.59211265504964],[9.378522625986918,40.616369364845866],[9.414322625317865,40.63408375028986],[9.420554316470813,40.658555842194765],[9.511957339888452,40.648907841936335],[9.583090098376145,40.70607247724502],[9.651389875061401,40.69228453598552],[9.683516638806234,40.658091400221956],[9.691801218605267,40.67909513159112],[9.736923242317566,40.67184330854175],[9.751756272777094,40.60086785898022],[9.788361201079795,40.57278696986381],[9.796175636075576,40.5443198573493],[9.828420166045607,40.528378279979876],[9.76386977028879,40.39072495012922],[9.683971639854681,40.33865280857544],[9.623921974335296,40.252783453470975],[9.634117660583554,40.17978872845453],[9.685008526192963,40.11164904184612],[9.735683557000863,40.07748970316304],[9.68663826973464,39.98417235876636],[9.686848416966614,39.94842074575259],[9.716081848774829,39.930215448419666],[9.68198668442207,39.90028340461008],[9.696731380301866,39.85343487326689],[9.668434889914906,39.7767468754072],[9.675953198801379,39.71088517517903],[9.647192466538275,39.65169940100109],[9.651360579107427,39.54924766852219],[9.523635099343311,39.58866474644411],[9.50832831308851,39.62805881269342],[9.486283316545975,39.61687609162075],[9.438429564560803,39.64165553520751],[9.416710748704123,39.61720053746468],[9.385562378829926,39.716546553264976],[9.413688548838728,39.75074669738746],[9.3615208530327,39.81329288306789],[9.377164289876466,39.821766528191745],[9.370431945642512,39.84097943061005],[9.40561370742327,39.84911485599104],[9.417009865562846,39.88372650871529],[9.380146563311465,39.91757706575214],[9.354940205215424,39.90348448456235],[9.213001325269362,39.91472498001097]]]}},{"type":"Feature","bbox":[8.820168113848736,38.91555242131821,9.48638713806606,39.42344023470518],"properties":{"prov_name":"Cagliari","prov_istat_code_num":92,"prov_acr":"CA","reg_name":"Sardegna","reg_istat_code":"20","reg_istat_code_num":20,"prov_istat_code":"092"},"geometry":{"type":"Polygon","coordinates":[[[8.84871849517657,39.09923730710976],[8.820168113848739,39.130149881116004],[8.855237954604174,39.179768427987995],[8.857355189573596,39.26635708550123],[8.942745441236921,39.304077666768414],[8.940222300159805,39.32516165946493],[8.960017043857109,39.34140754259724],[9.0062241787624,39.32696998664389],[9.082433103191248,39.353036111166965],[9.187332905766096,39.327927735871015],[9.242395920738748,39.3479560984767],[9.281024883101166,39.413214632554364],[9.36866475405959,39.4234402275879],[9.37044840844379,39.396060321878245],[9.331268238247285,39.35006183778919],[9.366829548213543,39.31480432081603],[9.408762636790396,39.3167190820301],[9.44264648989008,39.29458189305487],[9.486387138066057,39.20714650618665],[9.473572292941215,39.159810789705745],[9.438996116464285,39.12197376821658],[9.29748500873143,39.21325166416325],[9.20984508847653,39.226818098836844],[9.164831105949409,39.204400931140945],[9.158672983960047,39.18131599740844],[9.095079255736971,39.21388354605915],[9.03020575171883,39.16353956213924],[9.008920210274907,39.121278297098236],[9.04579050549662,39.05613821340779],[9.024186150438254,39.00375787161647],[8.910635046085742,38.915552413951296],[8.909844278484181,38.9570672298563],[8.831887978240594,39.04739106185238],[8.84871849517657,39.09923730710976]]]}},{"type":"Feature","bbox":[8.27496327685651,39.62707965300914,9.170389692223093,40.42617637979598],"properties":{"prov_name":"Oristano","prov_istat_code_num":95,"prov_acr":"OR","reg_name":"Sardegna","reg_istat_code":"20","reg_istat_code_num":20,"prov_istat_code":"095"},"geometry":{"type":"Polygon","coordinates":[[[8.310475939398238,39.98879969612713],[8.399124068390114,40.05127481542054],[8.411909299713141,40.04115171269121],[8.453700210526991,40.05080622367151],[8.492925593955524,40.08664889390847],[8.45576200212228,40.1766784238473],[8.48289883615523,40.28552716224827],[8.459066976207517,40.31936483938415],[8.390284132282183,40.33759057981743],[8.378995607827585,40.35985057235883],[8.399753084943805,40.40756850813474],[8.44363406362572,40.3955987628979],[8.500557176075297,40.426119994154],[8.549644065027671,40.396177361922746],[8.591457902076202,40.33268318245818],[8.620684389514679,40.32249760066188],[8.616433855881972,40.27321771455772],[8.667666881796825,40.24965471749807],[8.672964907363667,40.204217623071095],[8.709606050354402,40.214207647541855],[8.743125815245513,40.20080883730274],[8.74123743618182,40.18062353299287],[8.765275992342142,40.196720550834314],[8.795849571015998,40.191742239548304],[8.856899006730256,40.210735549852885],[8.982494315026619,40.21829147084886],[9.012530239450724,40.19880476968592],[8.997961805036644,40.18036311288436],[9.018625459434482,40.146314819988646],[9.002385503676239,40.13443274574209],[9.035246871516524,40.095794448106176],[9.04124078426767,40.05549246723521],[9.02655475533505,40.03767566007597],[8.98815179860606,40.05720202381349],[8.945625623449068,40.01321364328683],[8.956723114889575,39.99273921035354],[9.017678929196048,39.98194324881006],[8.986830474846759,39.916577675588925],[9.039060347490462,39.912093941684],[9.105147074719618,39.869345929133594],[9.128814070289446,39.88853119929061],[9.169913395137845,39.840914823731815],[9.109674085789337,39.84851073697022],[9.054253024587108,39.800950046668156],[9.008442759651787,39.828433970761914],[8.986614141114663,39.82566743694641],[8.952490280986433,39.77847290813262],[8.888507535153312,39.79439490695927],[8.892955789158133,39.772982170533304],[8.924286575436843,39.758391338416445],[8.901726122049913,39.733040212230065],[8.912952330414019,39.721488019161555],[8.881431058470058,39.7049174255867],[8.861487839643926,39.667953470546266],[8.784087783246436,39.65393367481853],[8.743116303140596,39.6270796459909],[8.69653342235586,39.64544736907668],[8.671286300808205,39.631205516361625],[8.628152418678443,39.65442101261247],[8.60798425510588,39.68993323887699],[8.5213256387059,39.692850240430715],[8.500171818040007,39.70845225855676],[8.545365739603945,39.79518870362781],[8.553905115005557,39.857565080814155],[8.570169650402038,39.86555745563312],[8.544242389983479,39.86601145957949],[8.53173007885461,39.89742405805783],[8.491855393152694,39.90962216797707],[8.466458378827994,39.903620184549325],[8.432530443455713,39.8602704741943],[8.434714016492292,39.88409867754162],[8.398807802856677,39.903740810917434],[8.405988727401521,40.02978181348234],[8.379933919673146,40.02898668869208],[8.310475939398238,39.98879969612713]]]}},{"type":"Feature","bbox":[8.219604980973271,38.8591910621176,9.659765286605536,39.91871582064542],"properties":{"prov_name":"Sud Sardegna","prov_istat_code_num":111,"prov_acr":"SU","reg_name":"Sardegna","reg_istat_code":"20","reg_istat_code_num":20,"prov_istat_code":"111"},"geometry":{"type":"Polygon","coordinates":[[[9.534008094217599,39.08555108838039],[9.503144438036198,39.107945678422055],[9.50289886836699,39.13116026706904],[9.442289365592929,39.126935411330265],[9.473572292941215,39.159810789705745],[9.486387138066057,39.20714650618665],[9.442969254495,39.294274298523774],[9.408762636790396,39.3167190820301],[9.366829548213543,39.31480432081603],[9.331268238247285,39.35006183778919],[9.37044840844379,39.396060321878245],[9.36866475405959,39.4234402275879],[9.281024883101166,39.413214632554364],[9.26237876986864,39.36924111400977],[9.211856687022484,39.33461672108919],[9.133763986627576,39.33292150090516],[9.078800300439099,39.35299357346261],[9.0062241787624,39.32696998664389],[8.972792158743697,39.34461905752418],[8.940222300159805,39.32516165946493],[8.942745441236921,39.304077666768414],[8.864520793205141,39.27746701943361],[8.855237954604174,39.179768427987995],[8.820213175705591,39.130627538663845],[8.853113181542307,39.08452323684843],[8.831887978240594,39.04739106185238],[8.911916173731948,38.95222971621403],[8.905891516802212,38.90783829333807],[8.854598796065899,38.87855143787476],[8.783547989738564,38.89840395389747],[8.78021715888012,38.91322488875646],[8.722157776114173,38.9376999546274],[8.681707456165334,38.90935840445686],[8.664116840461837,38.91250703762753],[8.67025766381288,38.897161237182786],[8.649668990313865,38.89489348152429],[8.656623756162727,38.87064636309983],[8.639932103346073,38.864945912299554],[8.646387342888824,38.894223503729606],[8.60665866412827,38.89283596003306],[8.623590569093208,38.937562269129636],[8.60729851079781,38.961645405102686],[8.58539597841923,38.95818478200541],[8.565008955240415,38.9997640046892],[8.571414187236478,39.03798393615681],[8.511635766414235,39.06231783083492],[8.4661105132997,39.05700779075117],[8.44475523011016,38.96992104382184],[8.406797626250265,38.95835532815298],[8.360421563155494,39.0376846354991],[8.351035097125495,39.09629383823654],[8.254801290402717,39.10385968115213],[8.250320489532701,39.13340260661134],[8.219609899605526,39.147789668382494],[8.230517081744251,39.16435998020515],[8.319953386312994,39.19537749903231],[8.308284995463485,39.106395636608895],[8.425741780700891,39.1089236670157],[8.464582369894188,39.05799772151773],[8.478698361107252,39.06216173066438],[8.487720342535034,39.088848634884755],[8.46683214197611,39.11861194996747],[8.437371729169959,39.12015178380034],[8.437124246531864,39.155962475359644],[8.412908436457545,39.17398200281528],[8.412592919969159,39.15119964392289],[8.401447897480281,39.1937386623397],[8.36659614686401,39.22782264469172],[8.436772795940605,39.29021342509619],[8.420374728462736,39.332591406090906],[8.396694754088374,39.337680366210016],[8.37298346095044,39.37477681072324],[8.412118379515139,39.422506245676196],[8.387024751662738,39.4753054498522],[8.443977542140402,39.53504697149015],[8.470572675821181,39.59893726150762],[8.444373762196008,39.678341326181716],[8.451298744630842,39.76959009302552],[8.51867521929642,39.69411422093599],[8.60798425510588,39.68993323887699],[8.628152418678443,39.65442101261247],[8.671286300808205,39.631205516361625],[8.69653342235586,39.64544736907668],[8.743116303140596,39.6270796459909],[8.784087783246436,39.65393367481853],[8.861487839643926,39.667953470546266],[8.881431058470058,39.7049174255867],[8.912952330414019,39.721488019161555],[8.901726122049913,39.733040212230065],[8.924286575436843,39.758391338416445],[8.892955789158133,39.772982170533304],[8.888507535153312,39.79439490695927],[8.95308575429962,39.77858127123476],[8.986614141114663,39.82566743694641],[9.008442759651787,39.828433970761914],[9.054253024587108,39.800950046668156],[9.113521725535323,39.84965130105062],[9.198739334178018,39.82589443537616],[9.184859908174813,39.857461282192084],[9.213001325269362,39.91472498001097],[9.354940205215424,39.90348448456235],[9.38550875790961,39.91605472178364],[9.417009865562846,39.88372650871529],[9.404400958688731,39.84762344194404],[9.3697976667801,39.840395809338865],[9.362120872333517,39.805182014458296],[9.413688548838728,39.75074669738746],[9.385562378829926,39.716546553264976],[9.416710748704123,39.61720053746468],[9.438429564560803,39.64165553520751],[9.486283316545975,39.61687609162075],[9.50832831308851,39.62805881269342],[9.523635099343311,39.58866474644411],[9.651360579107427,39.54924766852219],[9.631457088422794,39.50334722055297],[9.645950777207766,39.46139051903804],[9.597408845328667,39.34724405438496],[9.633241172766425,39.29577822897347],[9.61251130801109,39.29717766808688],[9.588299988351626,39.2746675364997],[9.562879155098011,39.198014171454645],[9.579111838926671,39.17821426338304],[9.567285300779796,39.15416583647141],[9.607879427914558,39.13779561552314],[9.567577090985097,39.15230243531116],[9.53131252767293,39.128473963154384],[9.518299727862319,39.10513992701666],[9.534008094217599,39.08555108838039]]]}}]}